-- MySQL dump 10.13  Distrib 8.0.27, for macos11 (arm64)
--
-- Host: 8.136.1.98    Database: tell
-- ------------------------------------------------------
-- Server version	5.7.33-log

/*!40101 SET @OLD_CHARACTER_SET_CLIENT=@@CHARACTER_SET_CLIENT */;
/*!40101 SET @OLD_CHARACTER_SET_RESULTS=@@CHARACTER_SET_RESULTS */;
/*!40101 SET @OLD_COLLATION_CONNECTION=@@COLLATION_CONNECTION */;
/*!50503 SET NAMES utf8 */;
/*!40103 SET @OLD_TIME_ZONE=@@TIME_ZONE */;
/*!40103 SET TIME_ZONE='+00:00' */;
/*!40014 SET @OLD_UNIQUE_CHECKS=@@UNIQUE_CHECKS, UNIQUE_CHECKS=0 */;
/*!40014 SET @OLD_FOREIGN_KEY_CHECKS=@@FOREIGN_KEY_CHECKS, FOREIGN_KEY_CHECKS=0 */;
/*!40101 SET @OLD_SQL_MODE=@@SQL_MODE, SQL_MODE='NO_AUTO_VALUE_ON_ZERO' */;
/*!40111 SET @OLD_SQL_NOTES=@@SQL_NOTES, SQL_NOTES=0 */;

--
-- Table structure for table `achieve`
--

DROP TABLE IF EXISTS `achieve`;
/*!40101 SET @saved_cs_client     = @@character_set_client */;
/*!50503 SET character_set_client = utf8mb4 */;
CREATE TABLE `achieve` (
  `id` varchar(255) COLLATE utf8mb4_unicode_ci NOT NULL,
  `achieve_url` varchar(255) COLLATE utf8mb4_unicode_ci DEFAULT NULL,
  `achieve_desc` varchar(255) COLLATE utf8mb4_unicode_ci DEFAULT NULL,
  `achieve_name` varchar(255) COLLATE utf8mb4_unicode_ci DEFAULT NULL,
  `task_id` varchar(255) COLLATE utf8mb4_unicode_ci DEFAULT NULL,
  `achieve_create_time` datetime DEFAULT NULL,
  `state` varchar(2) COLLATE utf8mb4_unicode_ci DEFAULT NULL,
  `achieve_edition` varchar(255) COLLATE utf8mb4_unicode_ci DEFAULT NULL,
  `achieve_reward` varchar(255) COLLATE utf8mb4_unicode_ci DEFAULT NULL,
  `achieve_type` varchar(255) COLLATE utf8mb4_unicode_ci DEFAULT NULL,
  PRIMARY KEY (`id`) USING BTREE
) ENGINE=InnoDB DEFAULT CHARSET=utf8mb4 COLLATE=utf8mb4_unicode_ci ROW_FORMAT=DYNAMIC;
/*!40101 SET character_set_client = @saved_cs_client */;

--
-- Dumping data for table `achieve`
--

LOCK TABLES `achieve` WRITE;
/*!40000 ALTER TABLE `achieve` DISABLE KEYS */;
INSERT INTO `achieve` VALUES ('1c283066-dc4c-430b-bd67-1f018dbdc347','https://yundingxikj.oss-cn-beijing.aliyuncs.com/LetterStation/achieve-3.png','收到1封回信','新朋友','1fbb9e2c-532f-4891-b2c5-25df3e0c920e','2021-07-09 22:25:46','0','Edition 2.0','a00e2c21-88a2-4287-9318-6589f7a8a9ea','reply'),('20c89725-d83e-44fb-94d9-013101668704','https://yundingxikj.oss-cn-beijing.aliyuncs.com/LetterStation/achieve-4.png','发布20篇吐槽','吐槽名家','71bc794e-ed63-4dea-8a37-b098d5566e48','2021-07-09 22:25:47','0','Edition 2.0','4b9eb6a0-fecc-4dbe-b66e-94e72bc77c55,8ea7c5aa-aca0-4e5f-a57e-30a2b0851a14','spit'),('4af17539-8017-4e4d-aafc-17320b49e43f','https://yundingxikj.oss-cn-beijing.aliyuncs.com/LetterStation/achieve-7.png','解答关于10封校园的解忧信','校园专家','c613c234-dcd8-45a5-a078-f6bcdda084e4','2021-07-09 22:25:47','0','Edition 3.0','c7c98cc0-47c3-4466-bbc5-ff033c3d8ffc','letter'),('7ce0233a-d869-48e2-9551-049cac1a0ccc','https://yundingxikj.oss-cn-beijing.aliyuncs.com/LetterStation/achieve-E.png','解答关于1封校园的解忧','初入校园','3349fbfb-445e-4137-9541-c25556dec99a','2021-07-10 23:02:36','0','Edition 1.0','e3e7afcb-9ac9-4a4c-b748-0e425fb4e515','letter'),('81d9deed-7236-4308-a6a9-fe80df099481','https://yundingxikj.oss-cn-beijing.aliyuncs.com/LetterStation/achieve-B.png','发布2封解忧信','困惑的心','7a5853b0-a91d-4db2-a9ff-f6e3c84f22da','2021-07-10 22:59:35','0','Edition 1.0','05768085-25c1-46c0-8ef3-bb5ded0a71ae','letter'),('8fcfd297-02a7-4eaa-bdb0-b95110944fcd','https://yundingxikj.oss-cn-beijing.aliyuncs.com/LetterStation/achieve-5.png','完成30篇日记','日记达人','71d0c431-c377-4b43-94a0-4a41e95efe8e','2021-07-09 22:25:47','0','Edition 3.0','db917c09-8537-4d6b-abd4-6df24914df62,e1eb718c-5525-4e38-b554-0d6c9bed28ff','diary'),('bf6b2f23-53f7-42d9-b7f6-0d4df8c15a86','https://yundingxikj.oss-cn-beijing.aliyuncs.com/LetterStation/achieve-I.png','完成5篇日记','日记小能手','9d1b36dd-c734-4072-8248-fec24f575007','2021-07-10 22:59:34','0','Edition 2.0','d58da9db-0950-4e9f-9f07-abd1195ef569,d89f04f9-0652-41f2-96f5-792af2d443af','diary'),('cb1def91-b6fd-4776-a0ff-f76d8288226e','https://yundingxikj.oss-cn-beijing.aliyuncs.com/LetterStation/achieve-1.png','发布30封信件','通忧共患','eec41a98-8d7e-41eb-be59-f6cc0c933114','2021-07-09 22:25:46','0','Edition 1.0','86c1e5ca-fc2c-4f0d-9d93-2661a5a73a52,becb9a1b-c46e-4918-8719-2c6f63731676,a8175e99-b794-4516-af97-fda1f392a916','letter'),('d1415644-b378-4d31-bc33-e74d87a87d49','https://yundingxikj.oss-cn-beijing.aliyuncs.com/LetterStation/achieve-F.png','解答30封信','心理专家','47978f91-3fbf-4f14-8390-96efb0ade549','2021-07-10 23:03:42','0','Edition 3.0','c5000c1e-b2c0-4179-bc3e-c95dcfee0d29,e1eb718c-5525-4e38-b554-0d6c9bed28ff','letter'),('e25b13eb-86ba-4bff-8efa-6651a5bee398','https://yundingxikj.oss-cn-beijing.aliyuncs.com/LetterStation/achieve-6.png','收集到10枚邮票','集邮达人','653f4639-871c-4861-994e-050f1a3a8acb','2021-07-09 22:25:47','0','Edition 3.0','c3c33838-8a1a-4d91-a285-f618f88a2149','stamp'),('e6c0f32b-1ee8-4aad-9899-b7786d3d2a0a','https://yundingxikj.oss-cn-beijing.aliyuncs.com/LetterStation/achieve-2.png','完成2篇日记','百看不如一写','9fed4b55-e46e-40d6-b2c0-fef24d153b57','2021-07-10 22:59:31','0','Edition 1.0','2528093e-3abc-429f-8c59-ac4c03d441cc','diary'),('e7626e4c-541f-4324-a7a6-d09f1f5c4f96','https://yundingxikj.oss-cn-beijing.aliyuncs.com/LetterStation/achieve-C.png','发布5封解忧信','忧客','73f20ebf-c266-4681-9491-d92858a3bf6a','2021-07-10 22:59:36','0','Edition 2.0','24b1a0b8-84da-44d6-9a47-6e6ed487a20c,3f155223-846c-4987-a080-faebbb3e5d41','letter'),('f179fe76-620d-4dbd-8e7d-6fef826487f5','https://yundingxikj.oss-cn-beijing.aliyuncs.com/LetterStation/achieve-D.png','收到5封回信','解忧宠儿','0bf87707-c650-4443-8787-bee24a1ab350','2021-07-10 22:59:38','0','Edition 2.0','af3aa976-bb90-4bc9-a943-4242b4c52b1a','reply');
/*!40000 ALTER TABLE `achieve` ENABLE KEYS */;
UNLOCK TABLES;

--
-- Table structure for table `banner_info`
--

DROP TABLE IF EXISTS `banner_info`;
/*!40101 SET @saved_cs_client     = @@character_set_client */;
/*!50503 SET character_set_client = utf8mb4 */;
CREATE TABLE `banner_info` (
  `id` int(11) unsigned NOT NULL AUTO_INCREMENT COMMENT 'id',
  `url` varchar(255) DEFAULT NULL COMMENT '图片地址',
  `type` tinyint(4) DEFAULT '0' COMMENT '类型(0--默认1--指定内容2--指定链接)',
  `content` text COMMENT '指定内容',
  `link` varchar(255) DEFAULT NULL COMMENT '指定链接',
  `del_flag` tinyint(4) DEFAULT '0' COMMENT '删除状态（0--未删除1--已删除）',
  `create_user` int(11) DEFAULT '0' COMMENT '创建者',
  `create_time` datetime DEFAULT CURRENT_TIMESTAMP COMMENT '创建时间',
  `update_user` int(11) DEFAULT '0' COMMENT '更新人',
  `update_time` datetime DEFAULT CURRENT_TIMESTAMP ON UPDATE CURRENT_TIMESTAMP COMMENT '更新时间',
  PRIMARY KEY (`id`) USING BTREE
) ENGINE=InnoDB AUTO_INCREMENT=5 DEFAULT CHARSET=utf8mb4 ROW_FORMAT=COMPACT;
/*!40101 SET character_set_client = @saved_cs_client */;

--
-- Dumping data for table `banner_info`
--

LOCK TABLES `banner_info` WRITE;
/*!40000 ALTER TABLE `banner_info` DISABLE KEYS */;
INSERT INTO `banner_info` VALUES (1,'http://47.107.233.154:9000/sbm/banner_info/20200928/283f148e-3462-4070-9376-662b06f744e8.jpg',0,'','',0,1,'2020-09-28 14:40:05',1,'2020-09-28 17:05:50'),(2,'http://47.107.233.154:9000/sbm/banner_info/20200928/b72844d0-dc91-46b5-96f3-b7d3d134a70e.jpg',1,'<p><span>最近在做一个项目，遇到了项目打成 war 包的一个问题，项目创建时选择的时 jar 包方式，后因项目部署要求，需要打成 war 包部署，遇到很多坑，在此做一下记录</span></p><h3><a name=\"t0\"></a><a name=\"t0\"></a><a id=\"_2\"></a>一、修改打包方式</h3><p>原：</p><pre class=\"prettyprint\"><code class=\"prism language-java has-numbering\"><span class=\"token generics function\"><span class=\"token punctuation\">&lt;</span>version<span class=\"token punctuation\">&gt;</span></span><span class=\"token number\">0.0</span><span class=\"token number\">.1</span><span class=\"token operator\">-</span>SNAPSHOT<span class=\"token operator\">&lt;</span><span class=\"token operator\">/</span>version<span class=\"token operator\">&gt;</span>\n<span class=\"token generics function\"><span class=\"token punctuation\">&lt;</span>packaging<span class=\"token punctuation\">&gt;</span></span>jar<span class=\"token operator\">&lt;</span><span class=\"token operator\">/</span>packaging<span class=\"token operator\">&gt;</span>\n</code><ul class=\"pre-numbering\" style=\"text-align: right;\"><li>1</li><li>2</li></ul></pre><p>改后：</p><pre class=\"prettyprint\"><code class=\"prism language-java has-numbering\"><span class=\"token generics function\"><span class=\"token punctuation\">&lt;</span>version<span class=\"token punctuation\">&gt;</span></span><span class=\"token number\">0.0</span><span class=\"token number\">.1</span><span class=\"token operator\">-</span>SNAPSHOT<span class=\"token operator\">&lt;</span><span class=\"token operator\">/</span>version<span class=\"token operator\">&gt;</span>\n<span class=\"token generics function\"><span class=\"token punctuation\">&lt;</span>packaging<span class=\"token punctuation\">&gt;</span></span>war<span class=\"token operator\">&lt;</span><span class=\"token operator\">/</span>packaging<span class=\"token operator\">&gt;</span>\n</code><ul class=\"pre-numbering\" style=\"text-align: right;\"><li>1</li><li>2</li></ul></pre><p>二、排除内置 Tomcat</p><p><br></p><p><br></p><p><br></p><p><br></p><p><br></p><p><br></p><p><br></p><p><br></p><p><br></p><p><br></p><h3><a name=\"t1\"></a></h3>','',0,1,'2020-09-28 14:42:21',1,'2020-09-30 15:03:08'),(3,'http://47.107.233.154:9000/sbm/banner_info/20200928/19aab5e5-7c86-46e1-bca8-d5c0e750ea99.jpg',2,'','http://www.baidu.com',0,1,'2020-09-28 14:46:26',1,'2020-09-28 17:06:28'),(4,'http://47.107.233.154:9000/sbm/banner_info/20200928/df489fbc-241f-4ac1-961b-63810149bb97.jpg',0,'','',0,1,'2020-09-28 17:05:29',1,'2020-09-28 17:07:27');
/*!40000 ALTER TABLE `banner_info` ENABLE KEYS */;
UNLOCK TABLES;

--
-- Table structure for table `comments`
--

DROP TABLE IF EXISTS `comments`;
/*!40101 SET @saved_cs_client     = @@character_set_client */;
/*!50503 SET character_set_client = utf8mb4 */;
CREATE TABLE `comments` (
  `id` varchar(255) NOT NULL COMMENT '吐槽评论表ID',
  `open_id` varchar(255) DEFAULT NULL COMMENT '评论人openid',
  `content` varchar(255) DEFAULT NULL COMMENT '评论内容',
  `state` varchar(1) DEFAULT NULL COMMENT '评论状态  0 ： 正常 1删除',
  `date` datetime DEFAULT CURRENT_TIMESTAMP ON UPDATE CURRENT_TIMESTAMP COMMENT '评论时间',
  `sg_id` varchar(255) DEFAULT NULL COMMENT '吐槽ID',
  PRIMARY KEY (`id`) USING BTREE
) ENGINE=InnoDB DEFAULT CHARSET=utf8mb4 ROW_FORMAT=DYNAMIC;
/*!40101 SET character_set_client = @saved_cs_client */;

--
-- Dumping data for table `comments`
--

LOCK TABLES `comments` WRITE;
/*!40000 ALTER TABLE `comments` DISABLE KEYS */;
INSERT INTO `comments` VALUES ('197c5a39-3cfe-4eeb-ab43-05fc0c608593','oUGur5NFcTHkjrPDDnRpSEGDVX5s','giao，听听这是人说的话吗','3','2021-07-11 16:29:16','9cf40bc4-48ae-4f3c-adf5-2298447f8e1e'),('1c46251a-2955-441a-98f7-f5cd1c2fbc8c','oUGur5NFcTHkjrPDDnRpSEGDVX5s','哇咔哇咔','3','2021-07-17 15:13:04','0c737f98-86db-4b2a-bcd9-93debc38f57b'),('26be7875-6be1-4300-8519-5e2ae97cd135','oUGur5NFcTHkjrPDDnRpSEGDVX5s','来来来','3','2021-09-24 15:27:05','d90f26d3-b579-4ab7-9efd-43be69659dd6'),('288172f9-75e7-4e6e-ae49-09db3ae16608','oUGur5GBjDC1B3z-brhlM9rL3Gnc','加油，作业可以帮助你更好的掌握知识','3','2021-07-10 16:44:45','9cf40bc4-48ae-4f3c-adf5-2298447f8e1e'),('2d6111b6-3dbc-4fe0-b58b-b2dff0cb640e','oUGur5NFcTHkjrPDDnRpSEGDVX5s','你应该直接上去抽他们?，这三观服了','3','2021-07-13 11:57:25','d250f04e-0e2a-4846-8edc-242be9e1c06b'),('3e9be35a-a835-457d-8047-95d9c0965a30','oUGur5P0rpbia56YNS08JAad8QHI','考研还是工作，是真的需要我们认真去思考的一个问题，面对不同的专业与学科，我觉得还是要正确的去看待这个问题，不能只听周围人的一面之词，应该实际站在你需要找的工作的角度；具体分析你的工作需求。从需求入手，来看待这个问题！','3','2021-07-10 15:53:55','db49e7ae-5cc6-419b-8fcb-e6673e91573d'),('45a4a0d0-5d45-4276-b5f6-059d07a5f75d','oUGur5NNZZHTZqOLpCe30pYAMC_s','*','3','2021-11-18 19:12:51','f7baf2e2-7009-480d-9a9d-b5de2e0d952f'),('4700e7f2-19bf-4444-b9e0-187793b9281d','oUGur5NNZZHTZqOLpCe30pYAMC_s','锅包肉','3','2021-07-10 16:20:54','c1e4231d-c597-4c73-bd7c-de325ff72590'),('6333db65-66f1-4494-b414-5a3bf991a574','oUGur5H4WeCTD-AqX3HN_UsgC6l4','！','3','2021-10-17 22:02:55','bb14e9d5-e0fa-449d-b7fb-e1e099d97438'),('67ceb5fe-3669-40fe-ab29-a580ddcc5e66','oUGur5GH_clj3q5Uu_2_U1JLKWfU','四川雨不多吗?','3','2021-07-13 12:02:15','2b54fb19-c5ae-415a-a8c2-48c62b002022'),('78d80ce7-7fa7-4850-a8fd-54d96e8cdf62','oUGur5NNZZHTZqOLpCe30pYAMC_s','郑州啊','3','2021-07-17 13:45:19','2b54fb19-c5ae-415a-a8c2-48c62b002022'),('84abac72-af14-4ad2-b092-17342d331cbe','oUGur5NFcTHkjrPDDnRpSEGDVX5s','我当过保安，这个我懂，你在电梯里碰见这种情况，你可以按那个应急的按钮','3','2021-07-11 16:32:13','5b59fc1b-b963-4132-8099-f21023dae2e9'),('85038061-efd6-425e-9e55-abf60f97af93','oUGur5GBjDC1B3z-brhlM9rL3Gnc','楼下说的对','3','2021-07-10 15:54:19','db49e7ae-5cc6-419b-8fcb-e6673e91573d'),('8763b145-a373-42d3-8790-11cf2f76dcc6','oUGur5GBjDC1B3z-brhlM9rL3Gnc','重新激活','3','2021-09-14 07:54:43','2b54fb19-c5ae-415a-a8c2-48c62b002022'),('90328b05-b188-48d8-a68a-a6cbcb580574','oUGur5NNZZHTZqOLpCe30pYAMC_s','他不香吗','3','2021-07-10 16:21:01','c1e4231d-c597-4c73-bd7c-de325ff72590'),('951181df-2e1a-453c-9076-80225ebdc8ce','oUGur5GBjDC1B3z-brhlM9rL3Gnc','感谢感谢','3','2021-07-10 15:54:34','db49e7ae-5cc6-419b-8fcb-e6673e91573d'),('95663f0e-ea88-4446-93d9-a45983d07693','oUGur5GBjDC1B3z-brhlM9rL3Gnc','嘻嘻嘻嘻','3','2021-09-14 09:46:45','c69f7214-9509-4e25-9e58-e973d56c89c1'),('ad467354-9939-4157-b912-cce2d7dda13f','oUGur5NFcTHkjrPDDnRpSEGDVX5s','还有烧烤啥的','3','2021-07-11 16:29:51','c1e4231d-c597-4c73-bd7c-de325ff72590'),('b85c6451-356b-4639-a4e1-b14e8329716d','oUGur5GBjDC1B3z-brhlM9rL3Gnc','嗯','3','2021-07-10 16:40:54','8dcfb16a-d6f3-4784-a45b-eaf901929946'),('b9b8b0bd-f2f5-400a-a595-9b592924f6cc','oUGur5L9moeQAr1yczdgwFgEZAXA','大sha子','3','2021-09-24 15:28:14','d90f26d3-b579-4ab7-9efd-43be69659dd6'),('cf36631c-d85c-44e2-8599-12f95f9b2abf','oUGur5NFcTHkjrPDDnRpSEGDVX5s','俩字：真快','3','2021-09-14 09:46:13','c69f7214-9509-4e25-9e58-e973d56c89c1'),('d7cadf3c-8d46-4bee-8e91-fef382a78428','oUGur5NFcTHkjrPDDnRpSEGDVX5s','说句话，bro','3','2021-09-24 15:27:29','d90f26d3-b579-4ab7-9efd-43be69659dd6'),('dff25884-c216-4d54-b088-6191b50ba467','oUGur5H4WeCTD-AqX3HN_UsgC6l4','吾辈自强','3','2021-07-10 16:40:26','8dcfb16a-d6f3-4784-a45b-eaf901929946'),('e6231bfb-3454-4784-848d-28c4d3f6df82','oUGur5GBjDC1B3z-brhlM9rL3Gnc','涨知识','3','2021-09-14 09:47:37','d90f26d3-b579-4ab7-9efd-43be69659dd6'),('f2204379-30f1-4d2e-8ea5-590ddc396ad1','oUGur5GH_clj3q5Uu_2_U1JLKWfU','鲁迅先生说的对，学医是不行的','3','2021-07-13 11:58:19','d250f04e-0e2a-4846-8edc-242be9e1c06b'),('f2cf952b-7a10-4740-944e-6747eb705a63','oUGur5NFcTHkjrPDDnRpSEGDVX5s','吃的舒服呀','3','2021-07-11 16:29:45','c1e4231d-c597-4c73-bd7c-de325ff72590');
/*!40000 ALTER TABLE `comments` ENABLE KEYS */;
UNLOCK TABLES;

--
-- Table structure for table `diarys`
--

DROP TABLE IF EXISTS `diarys`;
/*!40101 SET @saved_cs_client     = @@character_set_client */;
/*!50503 SET character_set_client = utf8mb4 */;
CREATE TABLE `diarys` (
  `id` varchar(255) NOT NULL COMMENT '主键',
  `content` text COMMENT '评论内容',
  `date` datetime DEFAULT NULL COMMENT '日期',
  `number` varchar(255) DEFAULT '0' COMMENT '浏览量',
  `pen_name` varchar(255) DEFAULT NULL COMMENT '笔名',
  `weather` varchar(255) DEFAULT NULL COMMENT '天气',
  `state` varchar(1) DEFAULT NULL COMMENT '状态：0 ：公开 ：1私有 2删除',
  `open_id` varchar(255) DEFAULT NULL COMMENT '发布用户的openid',
  PRIMARY KEY (`id`) USING BTREE
) ENGINE=InnoDB DEFAULT CHARSET=utf8mb4 ROW_FORMAT=DYNAMIC;
/*!40101 SET character_set_client = @saved_cs_client */;

--
-- Dumping data for table `diarys`
--

LOCK TABLES `diarys` WRITE;
/*!40000 ALTER TABLE `diarys` DISABLE KEYS */;
INSERT INTO `diarys` VALUES ('00ed910d-0dce-4ece-b25e-f4cf18e9aa13','人总体是自私的，但是这个自私会随着跟“我”的关系远近，在程度上有所不同，相对于“我”的朋友，我会对“我”的父母更无私，相对于我的同学，我会对“我”的朋友更无私。\n\n“我”的偶像，也总是比别人的好。','2021-07-11 00:26:30','21','酒醉的蝴蝶','多云','1','oUGur5NFcTHkjrPDDnRpSEGDVX5s'),('02a7cf51-30df-42c3-bd38-80d19e97099b','但是，人的大脑又具有镜像神经元，一种让人能通过想象或视觉，在脑内模仿对方身份状态，从而产生跟对方类似情绪的能力。\n\n于是，一定程度上，我们能感知别人，能产生怜悯，同情，心疼等情绪。','2021-07-10 23:54:39','3','酒醉的蝴蝶','晴天','1','oUGur5NFcTHkjrPDDnRpSEGDVX5s'),('03ecf0ed-bacb-4d9c-94d2-1b2b9484981f','早上醒来，发现外边阴沉沉的，拉开窗帘一看，天呐，玻璃上结了一层雾，地上湿湿的，一看便知下过雨了，我开心地自言自语：“终于降温了，一个月不下雨可真热噢！”话音未落，妈妈悄悄推开我的房门，说：“瑶瑶，时间不早了，赶快去穿衣服吧，可别迟到了。”我这才依依不舍地离开。\n七点钟，我出了家门，到车库把自行车推出来，双脚一踏，就哼着歌往学校骑去。我不打雨伞，不穿雨衣，任雨丝儿随着微风吹到脸上。我大口大口地吸着清新的空气，那感觉是如此的凉爽，大自然是如此的美好。到了学校，我把车停好，背着书包又笑又跳地奔往教学楼，雨仍在下个不停。\n进教室稍歇了一会儿，便开始早读。窗外的雨在“滴答滴答”下着，唱出最后的颤音……\n','2021-07-10 14:35:35','11','车窗外','多云','1','oUGur5GBjDC1B3z-brhlM9rL3Gnc'),('0566b423-83a3-4f3c-8a64-cca2d9277855','编程的难分为两类，一种是工程上的难，一种是算法上的难。\n\n我先回答一下工程上的难：\n\n我们做一个比较, 就是开发一个大型软件, 和设计并建造一栋摩天大楼, 究竟哪个更难, 为什么?\n\n实际上这个比较一旦抛出, 软件开发的\"难\"就立马显现出来了。\n\n摩天大楼一旦盖起，将不再，也不可能“更新版本”，更不可能在建筑结构上进行“重构”，比如一个一百层的摩天大楼，不可能说过两个月发现地方不够住，然后再加五层，又过了两个月发现某个房间的设计满足不了人们日益增长的需求，将整个房间扩大两倍，究其原因，就是因为“建筑”这个东西太不灵活了，你如果想“重构”这个摩天大楼，几乎只有一个办法：炸毁，推倒重来。\n\n而对于软件来讲，它本身的一个灵活性，导致了它可能在不破坏原有的大部分功能的前提下进行一定的功能性改造，在改造的过程中，原有的一些功能模块的更改，可能导致之前的一些文件或环境， 或应用程序在这个新的版本下出现不兼容的现象，所以它要保证旧的东西在新的东西下能成功运行。\n\n一个东西越是牵扯的东西多，越和环境耦合，和“用户”耦合越深，和“自身”耦合，和“历史”耦合越深，它的“更新”就越难，而“重构”是多次更新之后的“必然结果”。','2021-07-10 23:22:35','5','酒醉的蝴蝶','晴天','1','oUGur5NFcTHkjrPDDnRpSEGDVX5s'),('068aa48e-30cf-4978-a0c7-cf0f0ea39d68','陈陈陈陈陈陈陈陈陈陈陈陈陈陈陈陈陈陈陈陈陈陈陈陈陈陈陈陈陈陈陈陈陈陈陈陈陈陈陈陈陈陈陈陈陈','2021-07-15 19:12:37','8','飞翔的土拨鼠','晴天','1','oUGur5KjanWCd5L_DRAAWL-BJgRU'),('0890a7cb-1b48-49cf-8b00-11b2a8943453','因为生在农村，长在农村。有很多事情已经记得不太清楚了，但唯独这件事，我终生难忘。\n在前几年的某日里，我跟爸爸一起到种药材的圆子里。想为那些药材做好护理，那时，太阳又大又晒，所以，爸爸先把遮阳网放在药材的上面，用铁丝网固定，由于铁丝网不够长，就用铁线把它连接起来。我呢，那时还很小，在菜园子里玩耍，认识那些是草，哪些是菜，捉蝴蝶，挖泥鳅......过了一会儿，只听见爸爸“哎呦！”一声，我连忙跑过去看。呀！爸爸的手被铁丝刮出血了！爸爸连忙放下手中的铁丝网，用另外一只手捂住伤口，我见了，连忙跑回家，用最快的速度去那创可贴，又急急忙忙地跑回园子里，给爸爸贴好，我听见爸爸小声的说到：“为什么受伤的总是我！”我看爸爸那流着鲜血的手指，我的心一阵阵心痛。\n过了好几天，爸爸那个伤口还没有完全愈合，手指和手指甲有一条裂缝......','2021-07-11 00:08:22','2','酒醉的蝴蝶','阴天','1','oUGur5NFcTHkjrPDDnRpSEGDVX5s'),('08d157ab-4844-4f71-bbfb-5f7ed2bc0d1c','在听过彩虹合唱团的《夏天的梦是什么颜色的呢》之后，我开始憧憬起关于秋天的梦。\n金承志说：“我们的人生从夏天开始，以夏天结束，因为夏天是毕业季。”而秋天给我们什么感觉呢？是洒满金黄色落霞的操场，是秋风吹拂粉红色的脸颊，是路边等待售卖的鲜红色的石榴，也是挂在天空彩虹色的纸鸢。\n秋天的你尽管还穿着单衣，每天早上依然有暖暖的太阳把你从梦里拽出来。但是你翻日历，你看黄日对角线，秋天真的来了。\n凉爽的秋风让你体验到所谓的“黄澄澄、沉甸甸的、空气里都是满足的秋天”。\n有关于收获的秋天，也有关于萧瑟的秋天；有生命必然的悲欢离合，也有轻松愉悦的小幽默。你想要的秋天，大自然都可以满足你','2021-07-10 23:56:08','6','酒醉的蝴蝶','下雨','1','oUGur5NFcTHkjrPDDnRpSEGDVX5s'),('0988c235-b382-431a-a0e5-3b6c6d9d8753','今天我打算吃个番茄美白一下，拯救我的皮肤。我刚切好准备吃了，不料我那兔子嗅到了番茄的甜味，马上跑来趴到我身上嗅啊嗅，好像非得把番茄抢来才肯罢休。我之前已经被它抢过好几次东西吃了，这次我不会让他得逞，我正要起身离开，但没想到他抓紧了我的衣服，还用爪子骚我，它的爪子抓得我真的好痒啊，若不是我妹把它抱走，我的番茄还就真的入了它的虎口。\n\n　　我躲到房间去吃，没想到它的嗅觉还不错，一下就找到我了，哦，我的天。它又跳到我身上去了！哎，算了，还是给它吃吧，它今天还没有吃过东西吃呢。我把其中的一半分给了它，放到地上给它吃，番茄汁弄脏了地板，我本想打扫一下，可它居然连汁也舔干净了。\n\n　　它狼吞虎咽，明明这么胖了，就知道吃。我给它多少它就吃多少，仿佛永远不知道饱似的。它的吃完了，居然还想打我手里的番茄的主意，哼，没门！下次我一定要找个没人的地方吃东西，再也不想给这家伙分红了。','2021-07-11 00:13:30','4','酒醉的蝴蝶','多云','1','oUGur5NFcTHkjrPDDnRpSEGDVX5s'),('0b374b2b-4618-4131-bd11-e4c6252a1c47','思思思思思思思思思思思思思思思思思思思思思思思思思思思思思思思思思思思思思思思思思思思思思思思思思思思思思思思思思思思思思思思思思思思思','2021-07-15 19:13:21','9','忐忑的乌龟','晴天','1','oUGur5KjanWCd5L_DRAAWL-BJgRU'),('12901ce2-9b8a-41ca-b486-680e16a9a438','今天，我打算做一个真正的黑暗料理，名字一听就很惊悚，叫午夜眼珠。但食材并不是眼珠。\n\n我准备好食材：几个汤圆，青金桔，红豆，番茄酱。就这些，我先把汤圆放到锅里煮，等待的同时我把青金桔的表皮切下来，撕成圆环，再把煮熟的红豆切下来，切成两半，剩下的时间我就等汤圆熟吧，汤圆刚刚从锅底浮上来时，我立刻把它捞起来，再把刚刚准备好的青金桔放到上面， 把半个红豆放到青金桔的小孔里，这样就非常像一个眼珠，我拿出一个盘子，里面倒上一些水，把番茄酱倒在里面，再把做好的眼球放进去，真的可以以假乱真了，正好同学来了，我端着盘子给他们开门，结果他们吓得不敢进来了。但它味道也还是不错的。','2021-07-10 16:01:37','35','漫步的巴比龙','阴天','1','oUGur5GBjDC1B3z-brhlM9rL3Gnc'),('3d882db7-f805-404b-a880-32d935b6fd38','今天是我最难过的一天。 　大清早，表哥看见我咬手指头，他拿起自己的苦甲水，就跟我涂上了苦甲水。我问道：“这是干啥？”表哥故作神秘地说：“等下你就知道了。”我问表哥这是什么味道？表哥笑嘻嘻地说：“很好吃。”当我吃面包的时候，我一吃下去就很苦就吐了出来。我的外婆说我挑三拣四，我说：“不是这样的，我今天涂了苦甲水。刚刚不小心舔到手指头。”大家听了都笑得合不拢嘴。 　妈妈说也要给我买来苦甲水，以后我有苦头吃了。不过妈妈也是想让我改掉吃手的坏习惯。小朋友们，你们不要像我一样哦。','2021-07-11 08:53:35','28','酒醉的蝴蝶','多云','1','oUGur5NFcTHkjrPDDnRpSEGDVX5s'),('493346e5-2aec-4ef3-ad5f-5d76e07e2538','从众能给人带来安全感，让人不会被孤立，但完全的相同又会丧失自我，所以我们需要跟别人有些小差异，于是，大同小异，也就是多数人的主基调。\n\n炫耀，是一种表现差异的方法，一种获取认可的方式。','2021-07-10 23:57:09','2','酒醉的蝴蝶','晴天','1','oUGur5NFcTHkjrPDDnRpSEGDVX5s'),('69371b78-6ccf-46fa-8bd2-0e7a16ec9095','我今天早上起床跑步，最后被困在了门外，只因为i太傻，没有带钥匙。\n究其原因，完全是怪我自己没有认真思考出门带钥匙的这件事，说起来属实，惭愧惭愧，在下一次的练习中，我一定会带上钥匙? 。\n生气? ，害我在门外等了一个多小时，我们家孩子才睡醒给我开门','2021-07-13 08:53:37','18','门外等候','晴天','1','oUGur5KR7vv_xzr9LNXkzALZP7zw'),('6dc22957-9b82-4473-b929-51523128a539','初到郑州，就感觉到了扑面而来的热浪，到工地后，感觉又热又渴。上午的劳动持续五小时，从6点到11点。在此期间，温度逐渐上升到37℃左右，照射在水泥地上呈现的颜色逐渐由淡黄色的光转为白光，我一时感觉自己快瞎了。','2021-07-10 09:35:24','10','50℃的砖','晴天','1','oUGur5NNZZHTZqOLpCe30pYAMC_s'),('72f9718d-0b88-4c44-b6eb-80c51bfbb2c7','剥落掉多年累积的自卑和对自己内心感觉的忽视，前往上海这座城市像打开了一个珠宝盒。\n我肩膀上追随许久的束缚瞬间消失，我投入对自己的照顾里，全力以赴让自己舒展。我有无数耐心去接纳全新的相遇，允许自己尽情明媚，也在脑海深处闯入新学校的朋友，在内心树立起新的秩序，在寻找答案之前允许自己无解。\n我和现在的同桌说过关于各自过去的生活、此刻的状态，和向往的未知。在他们认识不算漫长的时间里，同桌像极了一盏灯，在许多个我困惑与迷茫的时候，凭借自己一些的经验与睿智，轻轻便拨开我眼前的水雾。\n她在我由于不敢而无限拖延补考的时间时直接帮我报了名，伸手推着我向前走；也在周末哪怕只有两天休息时间时特意跑来看我，只因为懂得我闷在家里的孤单。\n悠闲的周末里，我们坐在靠近商店门口的地方喝奶茶。从杯口散发出氤氲的雾气，在窗外路灯与阳光的光芒中飘起又渐渐散去。','2021-07-10 23:46:10','4','酒醉的蝴蝶','多云','1','oUGur5NFcTHkjrPDDnRpSEGDVX5s'),('7695258a-2b0b-48b4-b120-f5dc9bf0f18e','从表弟家出来，我又陪换上背心短裤拖鞋的表弟去村里的厂房找舅舅。\n在村里，舅舅化身金链汉子，和老乡们推杯换盏施展江湖话术，表弟“机灵”地帮舅舅洒了两杯白酒。可舅舅还是喝醉了，出租车才刚在表弟家楼下停好，舅舅就冲出车门吐了。\n“一会儿别告诉你妈，她会心疼的。”我递给表弟一瓶水漱口，示意表弟去帮帮他爸爸。表弟接过水：“我才不会打小报告。”舅舅干咳了两声，漱了一会儿口，转而问表弟今天一天都学到了什么。“见鬼说鬼话，见人说人话；见鬼穿鬼皮，见人穿人皮。”表弟一边抖着机灵一边观察舅舅的反应，见他眼里有笑意，他放下心来，觉得自己今天还是小有所成的。“少给我贫嘴。”舅舅点点头。','2021-07-10 23:57:43','2','酒醉的蝴蝶','阴天','1','oUGur5NFcTHkjrPDDnRpSEGDVX5s'),('7943f9d3-a4f6-4827-a99f-22c9426f5347','我想到一个问题。我们宅在家不就是给白衣天使做贡献吗？白衣天使们在前线与死神抢夺生命，拯救了一个又一个的人。有的医生甚至因为操劳过度而晕倒。\n甚至有的医生为了拯救病人也感染上了病而去世。奋斗在前线的白衣天使都是可爱的，都是可敬的。我为他们加油。我们能为他们做出什么贡献呢?我们不能上前线抢救生命。我们没有钱能捐给白衣天使们。我们唯一能做的事情就是宅在家里面。实在要出门的话带好口罩。','2021-07-10 14:32:30','28','白衣天使最美丽','晴天','1','oUGur5GBjDC1B3z-brhlM9rL3Gnc'),('8786c7c2-389e-4985-b356-eba317c30f16','今天又是长板男孩的一天，No car play 真的是太难了，练了好久，还是练不好(๑•́ωก̀๑)但是我也不能放弃，我一定要坚持，摔一次版爬起来接着玩，直到练会，加油，加油加油加油(ง•̀_•́)ง','2021-07-10 16:22:52','2','长板男孩','晴天','1','oUGur5H4WeCTD-AqX3HN_UsgC6l4'),('985f67c9-3f91-437a-9508-9ab9d629c100','人都是极度自我中心的，因为受到身体边界的限制，人的感知范围，仅限于自己的身体，对于别人的身体缺乏感知。\n\n每种情绪或者感受，都是一种身体激素，会促使人采取行动，减弱或强化激素。\n\n所以人自然而然更容易关注到自己，优先关注别人，是一种需要修炼的能力。','2021-07-10 23:43:09','2','酒醉的蝴蝶','多云','1','oUGur5NFcTHkjrPDDnRpSEGDVX5s'),('b0b88249-2aad-4b27-a69d-f94754c84062','今天又是阳光明媚的一天，我希望做一些有意义的事情，在这不错的日子里，希望不要浪费这么宝贵的时间。\n今天准备深入的学习一些JavaScript和一些关于网页方面的知识。\n准备熟悉一下网页制作的标准和规范性，深入理解CSS具体使用。其实今天准备和同学一起去图书馆的原因，但是由于某些原因还是呆在了家里。','2021-07-12 07:43:37','9','学习不分昼夜','多云','1','oUGur5GBjDC1B3z-brhlM9rL3Gnc'),('b8c0343f-9fbe-47ee-96c3-ad1e32634684','2020年6月27日写\n\n　　今天，妈妈生病还没有好，我就想做早餐给妈妈吃。\n\n　　我拿了九个红薯，一个一个的用刀削皮，再切成一块块，想做红薯汤，可是，有一些红薯都是坏的，剩下来的都是好的，好的红薯很少，不够做红薯汤，可是，这些红薯也不能浪费。\n\n　　＂只能炒红薯了 。＂我心里想。\n\n　　把锅洗净后，我就开火了，先让锅上的水被火慢慢烤掉，然后用锅铲把一些猪油勺进锅里，再把切好的红薯放了进去，再放点盐，炒了几分钟，我又去拿了些水，倒进锅里。\n\n　　一会儿，炒红薯做好了，我就把都它们倒进了碟子里。\n\n　　我从碗柜里拿出一双筷子，偷吃了一块，红薯进入口里，甜甜的，刚吃完一块红薯，我就感叹：＂啊！炒红薯可真好吃！＂','2021-07-10 23:59:23','6','酒醉的蝴蝶','晴天','1','oUGur5NFcTHkjrPDDnRpSEGDVX5s'),('c0d051b2-16c1-42dc-8cab-7582c68aa5a6','今天的日记很特别，家里来了很多的客人，我们聊的特别开心。我和其中的一些亲戚聊了一下未来与人生规划，他们也给予了我很多的建议。我很高兴可以听到这些建议与鼓励的话！！\n我相信他们都是为了我好，希望我有一个光明的未来，不论如何，我也会好好加油的。\n记住：不要高估自己，但是更不能低估自己。你永远是最棒的！','2021-07-10 21:27:40','3','路漫漫在小巷','多云','4','oUGur5GBjDC1B3z-brhlM9rL3Gnc'),('c5d52fe8-45c9-4634-8600-3c885a440ede','乳白色的月光下，小小的身影躺在摇椅上，长长的睫毛在脸上投下阴影，一丝风拂面而过，吹起我的发丝，远远的笛声传入耳畔，萦绕在我的心田，我抱着清风，抱着明月渐渐睡着了。哦!就是这个梦，这个离我越来越远的夜晚。','2021-07-10 14:31:53','16','月光下','下雨','1','oUGur5GBjDC1B3z-brhlM9rL3Gnc'),('d3ab3946-7888-4cdd-93d1-770488437d9d','夜深了，我却毫无睡意。\n\n　　手机微弱的灯光，照亮这狭小的房间，我在b站上刷着一个个视频，不禁发出阵阵笑声。时间在无谓的娱乐中流逝，不知不觉间，从一点躺上床开始，就已经四点多了。看到屏幕上的时间，也有些惊慌——我不会就这么猝死在家中吧！\n\n　　然而我想要睡觉时，便已经难以入眠了，整个人翻来覆去，颅内却像打了兴奋剂一样怎么也安静不下来。闭上眼睛，音乐仍旧萦绕于耳畔，窗外的第一缕阳光已经从窗户照射进来。从楼上往下望，环卫工人已经准备出发工作了（我家对面是环卫集团的宿舍）——看来时间也不早了！\n\n　　索性一不做二不休，直接一夜未眠到了上网课时间8点。结果上课没多久便睡意袭来，简直比在学校上课还爱睡，不过很快便清醒了。但是脑子里还是晕晕的，麻麻的，仿佛有个拳头压住我一般。码这篇日记的时候还是这种感觉。……\n\n　　经过这次熬夜之后，我发誓暑假按时睡眠，绝不熬夜，对身体的伤害属实太大了！','2021-07-11 00:18:56','25','酒醉的蝴蝶','下雨','1','oUGur5NFcTHkjrPDDnRpSEGDVX5s'),('d904bb56-f6ac-4130-9c25-c512796d96f1','由于全国新型冠状肺炎的蔓延。学校也无法正常开学，学生也没办法正常返校学习。国家教育厅开始全面实行网上授课。\n该来的还是会来的，就在今天，我们学校正式开始网上授课。各科任课老师建微信群，然后又建了钉钉群，各科课代表建作业群。\n经过全校老师的商讨，我们学校决定用钉钉讲课。钉钉可以打卡，如果你缺课了，后台会有记录，然后你听多少分钟后台也会有记录。导致我们无法逃课，中间如果老师提问个问题，学生还可以连麦，如果你逃课，可能会就会被老师提到。所以我每一堂课。都有认真听。课下老师布置的作业就会发到作业群里。课代表统计人数。汇报到老师那里。\n如今新型冠状肺炎蔓延速度减缓，我们看到了希望，相信明天的中国一定会好。\r在这里向所有支援一线的人员致敬。到所有同病魔战斗的人员致敬。向坚守各个岗位的员工致敬。向无私奉献的老师致敬。\r中国加油，武汉加油！\n','2021-07-10 16:06:27','13','疫情打不到我们','多云','1','oUGur5GBjDC1B3z-brhlM9rL3Gnc'),('dbd1edc2-4e9e-4044-9fce-cf5f57672d8b','我先回答一下工程上的难：\n\n我们做一个比较, 就是开发一个大型软件, 和设计并建造一栋摩天大楼, 究竟哪个更难, 为什么?\n\n实际上这个比较一旦抛出, 软件开发的\"难\"就立马显现出来了。\n\n摩天大楼一旦盖起，将不再，也不可能“更新版本”，更不可能在建筑结构上进行“重构”，比如一个一百层的摩天大楼，不可能说过两个月发现地方不够住，然后再加五层，又过了两个月发现某个房间的设计满足不了人们日益增长的需求，将整个房间扩大两倍，究其原因，就是因为“建筑”这个东西太不灵活了，你如果想“重构”这个摩天大楼，几乎只有一个办法：炸毁，推倒重来。\n\n而对于软件来讲，它本身的一个灵活性，导致了它可能在不破坏原有的大部分功能的前提下进行一定的功能性改造，在改造的过程中，原有的一些功能模块的更改，可能导致之前的一些文件或环境， 或应用程序在这个新的版本下出现不兼容的现象，所以它要保证旧的东西在新的东西下能成功运行。\n\n一个东西越是牵扯的东西多，越和环境耦合，和“用户”耦合越深，和“自身”耦合，和“历史”耦合越深，它的“更新”就越难，而“重构”是多次更新之后的“必然结果”。\n\n这就是为什么摩天大楼几乎无法进行功能性更新，因为建筑这个东西本来就是一个“超级耦合体”，你改变墙壁的厚度，会减轻它的重量，但于此同时因为墙厚度降低，它本身的抗压刚度和抗扭刚度也发生了降低，所以后果可能还需要重新计算，墙里面的电线会不会因为墙的厚度改变而需要重新布线？而且不仅如此，墙的厚度还会改变房间的大小，这是它和其自身的高度耦合。\n\n它和用户的耦合性也很深，因为这个房间的一些地方有可能早已住了人，原有的位置放置了很多用户的东西，比如一些很重的家具等，你对墙重新施工，就意味着你要强迫用户更改它们原有的使用习惯，甚至可能让用户原有的一些家具无法在新的版本中放进去，这是用户的耦合性。那么类比软件，比如我们都知道的excel，这个软件','2021-07-10 23:23:18','6','酒醉的蝴蝶','晴天','1','oUGur5NFcTHkjrPDDnRpSEGDVX5s'),('df101375-bc1a-4f64-be0b-39070c3f943e','画个龙，我尽量不能自己开车去。号楼好了，继续努力啊啊啊，哦哎呀呀呀呀呀呀呀呀！','2021-07-17 14:41:27','12','酒醉的蝴蝶','晴天','1','oUGur5EQtmqWzTHqXd3AhDgBKcZg'),('f036b43b-f2da-4eb1-97ef-13a3e02b4254','　今天是我最难过的一天。 　大清早，表哥看见我咬手指头，他拿起自己的苦甲水，就跟我涂上了苦甲水。我问道：“这是干啥？”表哥故作神秘地说：“等下你就知道了。”我问表哥这是什么味道？表哥笑嘻嘻地说：“很好吃。”当我吃面包的时候，我一吃下去就很苦就吐了出来。我的外婆说我挑三拣四，我说：“不是这样的，我今天涂了苦甲水。刚刚不小心舔到手指头。”大家听了都笑得合不拢嘴。 　妈妈说也要给我买来苦甲水，以后我有苦头吃了。不过妈妈也是想让我改掉吃手的坏习惯。小朋友们，你们不要像我一样哦。','2021-07-11 00:16:19','4','酒醉的蝴蝶','下雨','1','oUGur5NFcTHkjrPDDnRpSEGDVX5s'),('f4f230ac-35e8-4a85-becd-f6f7d4af6b8c','夏夜多美啊，漆黑的天空满是繁星。因为有了星星，我在晚上就不会怕了。 傍晚，我、妈妈和弟弟一起在阳台上搭了帐篷。我在帐篷里边吃雪糕边看星星，好不惬意。弟弟一边指着星星一边说：“看，北斗星！”妈妈说：“北极星总是处在正北方向的那一部分星空里。它和另外排列很有规律的七颗星形成一个像勺子形状图案。”我们认真观察着天上星星，认识了北斗星。宇宙可真神秘，我多想到太空上遨游去探索宇宙的秘密啊！ 星星时不时闪烁的光芒，它好像在对我说：“晚安。”今天真是美好的一天，今晚星星将陪我一起进入甜美的梦乡。 ','2021-07-11 08:44:47','14','酒醉的蝴蝶','下雨','1','oUGur5NFcTHkjrPDDnRpSEGDVX5s'),('fe9e7182-1069-41c3-882d-d8df138a7baf','前天工地里来了一个小伙子，一打听，才十四岁，据说是家长让他来工地体验生活的，渍渍渍，可怜可怜','2021-07-10 19:45:19','5','晚霞','阴天','1','oUGur5NNZZHTZqOLpCe30pYAMC_s');
/*!40000 ALTER TABLE `diarys` ENABLE KEYS */;
UNLOCK TABLES;

--
-- Table structure for table `dim_city`
--

DROP TABLE IF EXISTS `dim_city`;
/*!40101 SET @saved_cs_client     = @@character_set_client */;
/*!50503 SET character_set_client = utf8mb4 */;
CREATE TABLE `dim_city` (
  `city_code` int(11) NOT NULL COMMENT '城市编码',
  `city_name` varchar(50) CHARACTER SET utf8 DEFAULT NULL COMMENT '城市名称',
  `province_code` int(11) DEFAULT NULL COMMENT '省份编码',
  PRIMARY KEY (`city_code`) USING BTREE
) ENGINE=InnoDB DEFAULT CHARSET=utf8mb4 ROW_FORMAT=COMPACT COMMENT='城市';
/*!40101 SET character_set_client = @saved_cs_client */;

--
-- Dumping data for table `dim_city`
--

LOCK TABLES `dim_city` WRITE;
/*!40000 ALTER TABLE `dim_city` DISABLE KEYS */;
INSERT INTO `dim_city` VALUES (110100,'市辖区',110000),(120100,'市辖区',120000),(130100,'石家庄市',130000),(130200,'唐山市',130000),(130300,'秦皇岛市',130000),(130400,'邯郸市',130000),(130500,'邢台市',130000),(130600,'保定市',130000),(130700,'张家口市',130000),(130800,'承德市',130000),(130900,'沧州市',130000),(131000,'廊坊市',130000),(131100,'衡水市',130000),(139000,'省直辖县级行政区划',130000),(140100,'太原市',140000),(140200,'大同市',140000),(140300,'阳泉市',140000),(140400,'长治市',140000),(140500,'晋城市',140000),(140600,'朔州市',140000),(140700,'晋中市',140000),(140800,'运城市',140000),(140900,'忻州市',140000),(141000,'临汾市',140000),(141100,'吕梁市',140000),(150100,'呼和浩特市',150000),(150200,'包头市',150000),(150300,'乌海市',150000),(150400,'赤峰市',150000),(150500,'通辽市',150000),(150600,'鄂尔多斯市',150000),(150700,'呼伦贝尔市',150000),(150800,'巴彦淖尔市',150000),(150900,'乌兰察布市',150000),(152200,'兴安盟',150000),(152500,'锡林郭勒盟',150000),(152900,'阿拉善盟',150000),(210100,'沈阳市',210000),(210200,'大连市',210000),(210300,'鞍山市',210000),(210400,'抚顺市',210000),(210500,'本溪市',210000),(210600,'丹东市',210000),(210700,'锦州市',210000),(210800,'营口市',210000),(210900,'阜新市',210000),(211000,'辽阳市',210000),(211100,'盘锦市',210000),(211200,'铁岭市',210000),(211300,'朝阳市',210000),(211400,'葫芦岛市',210000),(220100,'长春市',220000),(220200,'吉林市',220000),(220300,'四平市',220000),(220400,'辽源市',220000),(220500,'通化市',220000),(220600,'白山市',220000),(220700,'松原市',220000),(220800,'白城市',220000),(222400,'延边朝鲜族自治州',220000),(230100,'哈尔滨市',230000),(230200,'齐齐哈尔市',230000),(230300,'鸡西市',230000),(230400,'鹤岗市',230000),(230500,'双鸭山市',230000),(230600,'大庆市',230000),(230700,'伊春市',230000),(230800,'佳木斯市',230000),(230900,'七台河市',230000),(231000,'牡丹江市',230000),(231100,'黑河市',230000),(231200,'绥化市',230000),(232700,'大兴安岭地区',230000),(310100,'市辖区',310000),(320100,'南京市',320000),(320200,'无锡市',320000),(320300,'徐州市',320000),(320400,'常州市',320000),(320500,'苏州市',320000),(320600,'南通市',320000),(320700,'连云港市',320000),(320800,'淮安市',320000),(320900,'盐城市',320000),(321000,'扬州市',320000),(321100,'镇江市',320000),(321200,'泰州市',320000),(321300,'宿迁市',320000),(330100,'杭州市',330000),(330200,'宁波市',330000),(330300,'温州市',330000),(330400,'嘉兴市',330000),(330500,'湖州市',330000),(330600,'绍兴市',330000),(330700,'金华市',330000),(330800,'衢州市',330000),(330900,'舟山市',330000),(331000,'台州市',330000),(331100,'丽水市',330000),(340100,'合肥市',340000),(340200,'芜湖市',340000),(340300,'蚌埠市',340000),(340400,'淮南市',340000),(340500,'马鞍山市',340000),(340600,'淮北市',340000),(340700,'铜陵市',340000),(340800,'安庆市',340000),(341000,'黄山市',340000),(341100,'滁州市',340000),(341200,'阜阳市',340000),(341300,'宿州市',340000),(341500,'六安市',340000),(341600,'亳州市',340000),(341700,'池州市',340000),(341800,'宣城市',340000),(350100,'福州市',350000),(350200,'厦门市',350000),(350300,'莆田市',350000),(350400,'三明市',350000),(350500,'泉州市',350000),(350600,'漳州市',350000),(350700,'南平市',350000),(350800,'龙岩市',350000),(350900,'宁德市',350000),(360100,'南昌市',360000),(360200,'景德镇市',360000),(360300,'萍乡市',360000),(360400,'九江市',360000),(360500,'新余市',360000),(360600,'鹰潭市',360000),(360700,'赣州市',360000),(360800,'吉安市',360000),(360900,'宜春市',360000),(361000,'抚州市',360000),(361100,'上饶市',360000),(370100,'济南市',370000),(370200,'青岛市',370000),(370300,'淄博市',370000),(370400,'枣庄市',370000),(370500,'东营市',370000),(370600,'烟台市',370000),(370700,'潍坊市',370000),(370800,'济宁市',370000),(370900,'泰安市',370000),(371000,'威海市',370000),(371100,'日照市',370000),(371200,'莱芜市',370000),(371300,'临沂市',370000),(371400,'德州市',370000),(371500,'聊城市',370000),(371600,'滨州市',370000),(371700,'菏泽市',370000),(410100,'郑州市',410000),(410200,'开封市',410000),(410300,'洛阳市',410000),(410400,'平顶山市',410000),(410500,'安阳市',410000),(410600,'鹤壁市',410000),(410700,'新乡市',410000),(410800,'焦作市',410000),(410900,'濮阳市',410000),(411000,'许昌市',410000),(411100,'漯河市',410000),(411200,'三门峡市',410000),(411300,'南阳市',410000),(411400,'商丘市',410000),(411500,'信阳市',410000),(411600,'周口市',410000),(411700,'驻马店市',410000),(419000,'省直辖县级行政区划',410000),(420100,'武汉市',420000),(420200,'黄石市',420000),(420300,'十堰市',420000),(420500,'宜昌市',420000),(420600,'襄阳市',420000),(420700,'鄂州市',420000),(420800,'荆门市',420000),(420900,'孝感市',420000),(421000,'荆州市',420000),(421100,'黄冈市',420000),(421200,'咸宁市',420000),(421300,'随州市',420000),(422800,'恩施土家族苗族自治州',420000),(429000,'省直辖县级行政区划',420000),(430100,'长沙市',430000),(430200,'株洲市',430000),(430300,'湘潭市',430000),(430400,'衡阳市',430000),(430500,'邵阳市',430000),(430600,'岳阳市',430000),(430700,'常德市',430000),(430800,'张家界市',430000),(430900,'益阳市',430000),(431000,'郴州市',430000),(431100,'永州市',430000),(431200,'怀化市',430000),(431300,'娄底市',430000),(433100,'湘西土家族苗族自治州',430000),(440100,'广州市',440000),(440200,'韶关市',440000),(440300,'深圳市',440000),(440400,'珠海市',440000),(440500,'汕头市',440000),(440600,'佛山市',440000),(440700,'江门市',440000),(440800,'湛江市',440000),(440900,'茂名市',440000),(441200,'肇庆市',440000),(441300,'惠州市',440000),(441400,'梅州市',440000),(441500,'汕尾市',440000),(441600,'河源市',440000),(441700,'阳江市',440000),(441800,'清远市',440000),(441900,'东莞市',440000),(442000,'中山市',440000),(445100,'潮州市',440000),(445200,'揭阳市',440000),(445300,'云浮市',440000),(450100,'南宁市',450000),(450200,'柳州市',450000),(450300,'桂林市',450000),(450400,'梧州市',450000),(450500,'北海市',450000),(450600,'防城港市',450000),(450700,'钦州市',450000),(450800,'贵港市',450000),(450900,'玉林市',450000),(451000,'百色市',450000),(451100,'贺州市',450000),(451200,'河池市',450000),(451300,'来宾市',450000),(451400,'崇左市',450000),(460100,'海口市',460000),(460200,'三亚市',460000),(460300,'三沙市',460000),(460400,'儋州市',460000),(469000,'省直辖县级行政区划',460000),(500100,'市辖区',500000),(500200,'县',500000),(510100,'成都市',510000),(510300,'自贡市',510000),(510400,'攀枝花市',510000),(510500,'泸州市',510000),(510600,'德阳市',510000),(510700,'绵阳市',510000),(510800,'广元市',510000),(510900,'遂宁市',510000),(511000,'内江市',510000),(511100,'乐山市',510000),(511300,'南充市',510000),(511400,'眉山市',510000),(511500,'宜宾市',510000),(511600,'广安市',510000),(511700,'达州市',510000),(511800,'雅安市',510000),(511900,'巴中市',510000),(512000,'资阳市',510000),(513200,'阿坝藏族羌族自治州',510000),(513300,'甘孜藏族自治州',510000),(513400,'凉山彝族自治州',510000),(520100,'贵阳市',520000),(520200,'六盘水市',520000),(520300,'遵义市',520000),(520400,'安顺市',520000),(520500,'毕节市',520000),(520600,'铜仁市',520000),(522300,'黔西南布依族苗族自治州',520000),(522600,'黔东南苗族侗族自治州',520000),(522700,'黔南布依族苗族自治州',520000),(530100,'昆明市',530000),(530300,'曲靖市',530000),(530400,'玉溪市',530000),(530500,'保山市',530000),(530600,'昭通市',530000),(530700,'丽江市',530000),(530800,'普洱市',530000),(530900,'临沧市',530000),(532300,'楚雄彝族自治州',530000),(532500,'红河哈尼族彝族自治州',530000),(532600,'文山壮族苗族自治州',530000),(532800,'西双版纳傣族自治州',530000),(532900,'大理白族自治州',530000),(533100,'德宏傣族景颇族自治州',530000),(533300,'怒江傈僳族自治州',530000),(533400,'迪庆藏族自治州',530000),(540100,'拉萨市',540000),(540200,'日喀则市',540000),(540300,'昌都市',540000),(540400,'林芝市',540000),(540500,'山南市',540000),(542400,'那曲地区',540000),(542500,'阿里地区',540000),(610100,'西安市',610000),(610200,'铜川市',610000),(610300,'宝鸡市',610000),(610400,'咸阳市',610000),(610500,'渭南市',610000),(610600,'延安市',610000),(610700,'汉中市',610000),(610800,'榆林市',610000),(610900,'安康市',610000),(611000,'商洛市',610000),(620100,'兰州市',620000),(620200,'嘉峪关市',620000),(620300,'金昌市',620000),(620400,'白银市',620000),(620500,'天水市',620000),(620600,'武威市',620000),(620700,'张掖市',620000),(620800,'平凉市',620000),(620900,'酒泉市',620000),(621000,'庆阳市',620000),(621100,'定西市',620000),(621200,'陇南市',620000),(622900,'临夏回族自治州',620000),(623000,'甘南藏族自治州',620000),(630100,'西宁市',630000),(630200,'海东市',630000),(632200,'海北藏族自治州',630000),(632300,'黄南藏族自治州',630000),(632500,'海南藏族自治州',630000),(632600,'果洛藏族自治州',630000),(632700,'玉树藏族自治州',630000),(632800,'海西蒙古族藏族自治州',630000),(640100,'银川市',640000),(640200,'石嘴山市',640000),(640300,'吴忠市',640000),(640400,'固原市',640000),(640500,'中卫市',640000),(650100,'乌鲁木齐市',650000),(650200,'克拉玛依市',650000),(650400,'吐鲁番市',650000),(650500,'哈密市',650000),(652300,'昌吉回族自治州',650000),(652700,'博尔塔拉蒙古自治州',650000),(652800,'巴音郭楞蒙古自治州',650000),(652900,'阿克苏地区',650000),(653000,'克孜勒苏柯尔克孜自治州',650000),(653100,'喀什地区',650000),(653200,'和田地区',650000),(654000,'伊犁哈萨克自治州',650000),(654200,'塔城地区',650000),(654300,'阿勒泰地区',650000),(659000,'自治区直辖县级行政区划',650000);
/*!40000 ALTER TABLE `dim_city` ENABLE KEYS */;
UNLOCK TABLES;

--
-- Table structure for table `dim_county`
--

DROP TABLE IF EXISTS `dim_county`;
/*!40101 SET @saved_cs_client     = @@character_set_client */;
/*!50503 SET character_set_client = utf8mb4 */;
CREATE TABLE `dim_county` (
  `county_code` int(11) NOT NULL COMMENT '区县编码',
  `county_name` varchar(50) CHARACTER SET utf8 DEFAULT NULL COMMENT '区县名称',
  `city_code` int(11) DEFAULT NULL COMMENT '城市编码',
  `province_code` int(11) DEFAULT NULL COMMENT '省份编码',
  PRIMARY KEY (`county_code`) USING BTREE
) ENGINE=InnoDB DEFAULT CHARSET=utf8mb4 ROW_FORMAT=COMPACT COMMENT='区县';
/*!40101 SET character_set_client = @saved_cs_client */;

--
-- Dumping data for table `dim_county`
--

LOCK TABLES `dim_county` WRITE;
/*!40000 ALTER TABLE `dim_county` DISABLE KEYS */;
INSERT INTO `dim_county` VALUES (110101,'东城区',110100,110000),(110102,'西城区',110100,110000),(110105,'朝阳区',110100,110000),(110106,'丰台区',110100,110000),(110107,'石景山区',110100,110000),(110108,'海淀区',110100,110000),(110109,'门头沟区',110100,110000),(110111,'房山区',110100,110000),(110112,'通州区',110100,110000),(110113,'顺义区',110100,110000),(110114,'昌平区',110100,110000),(110115,'大兴区',110100,110000),(110116,'怀柔区',110100,110000),(110117,'平谷区',110100,110000),(110118,'密云区',110100,110000),(110119,'延庆区',110100,110000),(120101,'和平区',120100,120000),(120102,'河东区',120100,120000),(120103,'河西区',120100,120000),(120104,'南开区',120100,120000),(120105,'河北区',120100,120000),(120106,'红桥区',120100,120000),(120110,'东丽区',120100,120000),(120111,'西青区',120100,120000),(120112,'津南区',120100,120000),(120113,'北辰区',120100,120000),(120114,'武清区',120100,120000),(120115,'宝坻区',120100,120000),(120116,'滨海新区',120100,120000),(120117,'宁河区',120100,120000),(120118,'静海区',120100,120000),(120119,'蓟州区',120100,120000),(130101,'市辖区',130100,130000),(130102,'长安区',130100,130000),(130104,'桥西区',130100,130000),(130105,'新华区',130100,130000),(130107,'井陉矿区',130100,130000),(130108,'裕华区',130100,130000),(130109,'藁城区',130100,130000),(130110,'鹿泉区',130100,130000),(130111,'栾城区',130100,130000),(130121,'井陉县',130100,130000),(130123,'正定县',130100,130000),(130125,'行唐县',130100,130000),(130126,'灵寿县',130100,130000),(130127,'高邑县',130100,130000),(130128,'深泽县',130100,130000),(130129,'赞皇县',130100,130000),(130130,'无极县',130100,130000),(130131,'平山县',130100,130000),(130132,'元氏县',130100,130000),(130133,'赵县',130100,130000),(130183,'晋州市',130100,130000),(130184,'新乐市',130100,130000),(130201,'市辖区',130200,130000),(130202,'路南区',130200,130000),(130203,'路北区',130200,130000),(130204,'古冶区',130200,130000),(130205,'开平区',130200,130000),(130207,'丰南区',130200,130000),(130208,'丰润区',130200,130000),(130209,'曹妃甸区',130200,130000),(130223,'滦县',130200,130000),(130224,'滦南县',130200,130000),(130225,'乐亭县',130200,130000),(130227,'迁西县',130200,130000),(130229,'玉田县',130200,130000),(130281,'遵化市',130200,130000),(130283,'迁安市',130200,130000),(130301,'市辖区',130300,130000),(130302,'海港区',130300,130000),(130303,'山海关区',130300,130000),(130304,'北戴河区',130300,130000),(130306,'抚宁区',130300,130000),(130321,'青龙满族自治县',130300,130000),(130322,'昌黎县',130300,130000),(130324,'卢龙县',130300,130000),(130401,'市辖区',130400,130000),(130402,'邯山区',130400,130000),(130403,'丛台区',130400,130000),(130404,'复兴区',130400,130000),(130406,'峰峰矿区',130400,130000),(130421,'邯郸县',130400,130000),(130423,'临漳县',130400,130000),(130424,'成安县',130400,130000),(130425,'大名县',130400,130000),(130426,'涉县',130400,130000),(130427,'磁县',130400,130000),(130428,'肥乡县',130400,130000),(130429,'永年县',130400,130000),(130430,'邱县',130400,130000),(130431,'鸡泽县',130400,130000),(130432,'广平县',130400,130000),(130433,'馆陶县',130400,130000),(130434,'魏县',130400,130000),(130435,'曲周县',130400,130000),(130481,'武安市',130400,130000),(130501,'市辖区',130500,130000),(130502,'桥东区',130500,130000),(130503,'桥西区',130500,130000),(130521,'邢台县',130500,130000),(130522,'临城县',130500,130000),(130523,'内丘县',130500,130000),(130524,'柏乡县',130500,130000),(130525,'隆尧县',130500,130000),(130526,'任县',130500,130000),(130527,'南和县',130500,130000),(130528,'宁晋县',130500,130000),(130529,'巨鹿县',130500,130000),(130530,'新河县',130500,130000),(130531,'广宗县',130500,130000),(130532,'平乡县',130500,130000),(130533,'威县',130500,130000),(130534,'清河县',130500,130000),(130535,'临西县',130500,130000),(130581,'南宫市',130500,130000),(130582,'沙河市',130500,130000),(130601,'市辖区',130600,130000),(130602,'竞秀区',130600,130000),(130606,'莲池区',130600,130000),(130607,'满城区',130600,130000),(130608,'清苑区',130600,130000),(130609,'徐水区',130600,130000),(130623,'涞水县',130600,130000),(130624,'阜平县',130600,130000),(130626,'定兴县',130600,130000),(130627,'唐县',130600,130000),(130628,'高阳县',130600,130000),(130629,'容城县',130600,130000),(130630,'涞源县',130600,130000),(130631,'望都县',130600,130000),(130632,'安新县',130600,130000),(130633,'易县',130600,130000),(130634,'曲阳县',130600,130000),(130635,'蠡县',130600,130000),(130636,'顺平县',130600,130000),(130637,'博野县',130600,130000),(130638,'雄县',130600,130000),(130681,'涿州市',130600,130000),(130683,'安国市',130600,130000),(130684,'高碑店市',130600,130000),(130701,'市辖区',130700,130000),(130702,'桥东区',130700,130000),(130703,'桥西区',130700,130000),(130705,'宣化区',130700,130000),(130706,'下花园区',130700,130000),(130708,'万全区',130700,130000),(130709,'崇礼区',130700,130000),(130722,'张北县',130700,130000),(130723,'康保县',130700,130000),(130724,'沽源县',130700,130000),(130725,'尚义县',130700,130000),(130726,'蔚县',130700,130000),(130727,'阳原县',130700,130000),(130728,'怀安县',130700,130000),(130730,'怀来县',130700,130000),(130731,'涿鹿县',130700,130000),(130732,'赤城县',130700,130000),(130801,'市辖区',130800,130000),(130802,'双桥区',130800,130000),(130803,'双滦区',130800,130000),(130804,'鹰手营子矿区',130800,130000),(130821,'承德县',130800,130000),(130822,'兴隆县',130800,130000),(130823,'平泉县',130800,130000),(130824,'滦平县',130800,130000),(130825,'隆化县',130800,130000),(130826,'丰宁满族自治县',130800,130000),(130827,'宽城满族自治县',130800,130000),(130828,'围场满族蒙古族自治县',130800,130000),(130901,'市辖区',130900,130000),(130902,'新华区',130900,130000),(130903,'运河区',130900,130000),(130921,'沧县',130900,130000),(130922,'青县',130900,130000),(130923,'东光县',130900,130000),(130924,'海兴县',130900,130000),(130925,'盐山县',130900,130000),(130926,'肃宁县',130900,130000),(130927,'南皮县',130900,130000),(130928,'吴桥县',130900,130000),(130929,'献县',130900,130000),(130930,'孟村回族自治县',130900,130000),(130981,'泊头市',130900,130000),(130982,'任丘市',130900,130000),(130983,'黄骅市',130900,130000),(130984,'河间市',130900,130000),(131001,'市辖区',131000,130000),(131002,'安次区',131000,130000),(131003,'广阳区',131000,130000),(131022,'固安县',131000,130000),(131023,'永清县',131000,130000),(131024,'香河县',131000,130000),(131025,'大城县',131000,130000),(131026,'文安县',131000,130000),(131028,'大厂回族自治县',131000,130000),(131081,'霸州市',131000,130000),(131082,'三河市',131000,130000),(131101,'市辖区',131100,130000),(131102,'桃城区',131100,130000),(131103,'冀州区',131100,130000),(131121,'枣强县',131100,130000),(131122,'武邑县',131100,130000),(131123,'武强县',131100,130000),(131124,'饶阳县',131100,130000),(131125,'安平县',131100,130000),(131126,'故城县',131100,130000),(131127,'景县',131100,130000),(131128,'阜城县',131100,130000),(131182,'深州市',131100,130000),(139001,'定州市',139000,130000),(139002,'辛集市',139000,130000),(140101,'市辖区',140100,140000),(140105,'小店区',140100,140000),(140106,'迎泽区',140100,140000),(140107,'杏花岭区',140100,140000),(140108,'尖草坪区',140100,140000),(140109,'万柏林区',140100,140000),(140110,'晋源区',140100,140000),(140121,'清徐县',140100,140000),(140122,'阳曲县',140100,140000),(140123,'娄烦县',140100,140000),(140181,'古交市',140100,140000),(140201,'市辖区',140200,140000),(140202,'城区',140200,140000),(140203,'矿区',140200,140000),(140211,'南郊区',140200,140000),(140212,'新荣区',140200,140000),(140221,'阳高县',140200,140000),(140222,'天镇县',140200,140000),(140223,'广灵县',140200,140000),(140224,'灵丘县',140200,140000),(140225,'浑源县',140200,140000),(140226,'左云县',140200,140000),(140227,'大同县',140200,140000),(140301,'市辖区',140300,140000),(140302,'城区',140300,140000),(140303,'矿区',140300,140000),(140311,'郊区',140300,140000),(140321,'平定县',140300,140000),(140322,'盂县',140300,140000),(140401,'市辖区',140400,140000),(140402,'城区',140400,140000),(140411,'郊区',140400,140000),(140421,'长治县',140400,140000),(140423,'襄垣县',140400,140000),(140424,'屯留县',140400,140000),(140425,'平顺县',140400,140000),(140426,'黎城县',140400,140000),(140427,'壶关县',140400,140000),(140428,'长子县',140400,140000),(140429,'武乡县',140400,140000),(140430,'沁县',140400,140000),(140431,'沁源县',140400,140000),(140481,'潞城市',140400,140000),(140501,'市辖区',140500,140000),(140502,'城区',140500,140000),(140521,'沁水县',140500,140000),(140522,'阳城县',140500,140000),(140524,'陵川县',140500,140000),(140525,'泽州县',140500,140000),(140581,'高平市',140500,140000),(140601,'市辖区',140600,140000),(140602,'朔城区',140600,140000),(140603,'平鲁区',140600,140000),(140621,'山阴县',140600,140000),(140622,'应县',140600,140000),(140623,'右玉县',140600,140000),(140624,'怀仁县',140600,140000),(140701,'市辖区',140700,140000),(140702,'榆次区',140700,140000),(140721,'榆社县',140700,140000),(140722,'左权县',140700,140000),(140723,'和顺县',140700,140000),(140724,'昔阳县',140700,140000),(140725,'寿阳县',140700,140000),(140726,'太谷县',140700,140000),(140727,'祁县',140700,140000),(140728,'平遥县',140700,140000),(140729,'灵石县',140700,140000),(140781,'介休市',140700,140000),(140801,'市辖区',140800,140000),(140802,'盐湖区',140800,140000),(140821,'临猗县',140800,140000),(140822,'万荣县',140800,140000),(140823,'闻喜县',140800,140000),(140824,'稷山县',140800,140000),(140825,'新绛县',140800,140000),(140826,'绛县',140800,140000),(140827,'垣曲县',140800,140000),(140828,'夏县',140800,140000),(140829,'平陆县',140800,140000),(140830,'芮城县',140800,140000),(140881,'永济市',140800,140000),(140882,'河津市',140800,140000),(140901,'市辖区',140900,140000),(140902,'忻府区',140900,140000),(140921,'定襄县',140900,140000),(140922,'五台县',140900,140000),(140923,'代县',140900,140000),(140924,'繁峙县',140900,140000),(140925,'宁武县',140900,140000),(140926,'静乐县',140900,140000),(140927,'神池县',140900,140000),(140928,'五寨县',140900,140000),(140929,'岢岚县',140900,140000),(140930,'河曲县',140900,140000),(140931,'保德县',140900,140000),(140932,'偏关县',140900,140000),(140981,'原平市',140900,140000),(141001,'市辖区',141000,140000),(141002,'尧都区',141000,140000),(141021,'曲沃县',141000,140000),(141022,'翼城县',141000,140000),(141023,'襄汾县',141000,140000),(141024,'洪洞县',141000,140000),(141025,'古县',141000,140000),(141026,'安泽县',141000,140000),(141027,'浮山县',141000,140000),(141028,'吉县',141000,140000),(141029,'乡宁县',141000,140000),(141030,'大宁县',141000,140000),(141031,'隰县',141000,140000),(141032,'永和县',141000,140000),(141033,'蒲县',141000,140000),(141034,'汾西县',141000,140000),(141081,'侯马市',141000,140000),(141082,'霍州市',141000,140000),(141101,'市辖区',141100,140000),(141102,'离石区',141100,140000),(141121,'文水县',141100,140000),(141122,'交城县',141100,140000),(141123,'兴县',141100,140000),(141124,'临县',141100,140000),(141125,'柳林县',141100,140000),(141126,'石楼县',141100,140000),(141127,'岚县',141100,140000),(141128,'方山县',141100,140000),(141129,'中阳县',141100,140000),(141130,'交口县',141100,140000),(141181,'孝义市',141100,140000),(141182,'汾阳市',141100,140000),(150101,'市辖区',150100,150000),(150102,'新城区',150100,150000),(150103,'回民区',150100,150000),(150104,'玉泉区',150100,150000),(150105,'赛罕区',150100,150000),(150121,'土默特左旗',150100,150000),(150122,'托克托县',150100,150000),(150123,'和林格尔县',150100,150000),(150124,'清水河县',150100,150000),(150125,'武川县',150100,150000),(150201,'市辖区',150200,150000),(150202,'东河区',150200,150000),(150203,'昆都仑区',150200,150000),(150204,'青山区',150200,150000),(150205,'石拐区',150200,150000),(150206,'白云鄂博矿区',150200,150000),(150207,'九原区',150200,150000),(150221,'土默特右旗',150200,150000),(150222,'固阳县',150200,150000),(150223,'达尔罕茂明安联合旗',150200,150000),(150301,'市辖区',150300,150000),(150302,'海勃湾区',150300,150000),(150303,'海南区',150300,150000),(150304,'乌达区',150300,150000),(150401,'市辖区',150400,150000),(150402,'红山区',150400,150000),(150403,'元宝山区',150400,150000),(150404,'松山区',150400,150000),(150421,'阿鲁科尔沁旗',150400,150000),(150422,'巴林左旗',150400,150000),(150423,'巴林右旗',150400,150000),(150424,'林西县',150400,150000),(150425,'克什克腾旗',150400,150000),(150426,'翁牛特旗',150400,150000),(150428,'喀喇沁旗',150400,150000),(150429,'宁城县',150400,150000),(150430,'敖汉旗',150400,150000),(150501,'市辖区',150500,150000),(150502,'科尔沁区',150500,150000),(150521,'科尔沁左翼中旗',150500,150000),(150522,'科尔沁左翼后旗',150500,150000),(150523,'开鲁县',150500,150000),(150524,'库伦旗',150500,150000),(150525,'奈曼旗',150500,150000),(150526,'扎鲁特旗',150500,150000),(150581,'霍林郭勒市',150500,150000),(150601,'市辖区',150600,150000),(150602,'东胜区',150600,150000),(150603,'康巴什区',150600,150000),(150621,'达拉特旗',150600,150000),(150622,'准格尔旗',150600,150000),(150623,'鄂托克前旗',150600,150000),(150624,'鄂托克旗',150600,150000),(150625,'杭锦旗',150600,150000),(150626,'乌审旗',150600,150000),(150627,'伊金霍洛旗',150600,150000),(150701,'市辖区',150700,150000),(150702,'海拉尔区',150700,150000),(150703,'扎赉诺尔区',150700,150000),(150721,'阿荣旗',150700,150000),(150722,'莫力达瓦达斡尔族自治旗',150700,150000),(150723,'鄂伦春自治旗',150700,150000),(150724,'鄂温克族自治旗',150700,150000),(150725,'陈巴尔虎旗',150700,150000),(150726,'新巴尔虎左旗',150700,150000),(150727,'新巴尔虎右旗',150700,150000),(150781,'满洲里市',150700,150000),(150782,'牙克石市',150700,150000),(150783,'扎兰屯市',150700,150000),(150784,'额尔古纳市',150700,150000),(150785,'根河市',150700,150000),(150801,'市辖区',150800,150000),(150802,'临河区',150800,150000),(150821,'五原县',150800,150000),(150822,'磴口县',150800,150000),(150823,'乌拉特前旗',150800,150000),(150824,'乌拉特中旗',150800,150000),(150825,'乌拉特后旗',150800,150000),(150826,'杭锦后旗',150800,150000),(150901,'市辖区',150900,150000),(150902,'集宁区',150900,150000),(150921,'卓资县',150900,150000),(150922,'化德县',150900,150000),(150923,'商都县',150900,150000),(150924,'兴和县',150900,150000),(150925,'凉城县',150900,150000),(150926,'察哈尔右翼前旗',150900,150000),(150927,'察哈尔右翼中旗',150900,150000),(150928,'察哈尔右翼后旗',150900,150000),(150929,'四子王旗',150900,150000),(150981,'丰镇市',150900,150000),(152201,'乌兰浩特市',152200,150000),(152202,'阿尔山市',152200,150000),(152221,'科尔沁右翼前旗',152200,150000),(152222,'科尔沁右翼中旗',152200,150000),(152223,'扎赉特旗',152200,150000),(152224,'突泉县',152200,150000),(152501,'二连浩特市',152500,150000),(152502,'锡林浩特市',152500,150000),(152522,'阿巴嘎旗',152500,150000),(152523,'苏尼特左旗',152500,150000),(152524,'苏尼特右旗',152500,150000),(152525,'东乌珠穆沁旗',152500,150000),(152526,'西乌珠穆沁旗',152500,150000),(152527,'太仆寺旗',152500,150000),(152528,'镶黄旗',152500,150000),(152529,'正镶白旗',152500,150000),(152530,'正蓝旗',152500,150000),(152531,'多伦县',152500,150000),(152921,'阿拉善左旗',152900,150000),(152922,'阿拉善右旗',152900,150000),(152923,'额济纳旗',152900,150000),(210101,'市辖区',210100,210000),(210102,'和平区',210100,210000),(210103,'沈河区',210100,210000),(210104,'大东区',210100,210000),(210105,'皇姑区',210100,210000),(210106,'铁西区',210100,210000),(210111,'苏家屯区',210100,210000),(210112,'浑南区',210100,210000),(210113,'沈北新区',210100,210000),(210114,'于洪区',210100,210000),(210115,'辽中区',210100,210000),(210123,'康平县',210100,210000),(210124,'法库县',210100,210000),(210181,'新民市',210100,210000),(210201,'市辖区',210200,210000),(210202,'中山区',210200,210000),(210203,'西岗区',210200,210000),(210204,'沙河口区',210200,210000),(210211,'甘井子区',210200,210000),(210212,'旅顺口区',210200,210000),(210213,'金州区',210200,210000),(210214,'普兰店区',210200,210000),(210224,'长海县',210200,210000),(210281,'瓦房店市',210200,210000),(210283,'庄河市',210200,210000),(210301,'市辖区',210300,210000),(210302,'铁东区',210300,210000),(210303,'铁西区',210300,210000),(210304,'立山区',210300,210000),(210311,'千山区',210300,210000),(210321,'台安县',210300,210000),(210323,'岫岩满族自治县',210300,210000),(210381,'海城市',210300,210000),(210401,'市辖区',210400,210000),(210402,'新抚区',210400,210000),(210403,'东洲区',210400,210000),(210404,'望花区',210400,210000),(210411,'顺城区',210400,210000),(210421,'抚顺县',210400,210000),(210422,'新宾满族自治县',210400,210000),(210423,'清原满族自治县',210400,210000),(210501,'市辖区',210500,210000),(210502,'平山区',210500,210000),(210503,'溪湖区',210500,210000),(210504,'明山区',210500,210000),(210505,'南芬区',210500,210000),(210521,'本溪满族自治县',210500,210000),(210522,'桓仁满族自治县',210500,210000),(210601,'市辖区',210600,210000),(210602,'元宝区',210600,210000),(210603,'振兴区',210600,210000),(210604,'振安区',210600,210000),(210624,'宽甸满族自治县',210600,210000),(210681,'东港市',210600,210000),(210682,'凤城市',210600,210000),(210701,'市辖区',210700,210000),(210702,'古塔区',210700,210000),(210703,'凌河区',210700,210000),(210711,'太和区',210700,210000),(210726,'黑山县',210700,210000),(210727,'义县',210700,210000),(210781,'凌海市',210700,210000),(210782,'北镇市',210700,210000),(210801,'市辖区',210800,210000),(210802,'站前区',210800,210000),(210803,'西市区',210800,210000),(210804,'鲅鱼圈区',210800,210000),(210811,'老边区',210800,210000),(210881,'盖州市',210800,210000),(210882,'大石桥市',210800,210000),(210901,'市辖区',210900,210000),(210902,'海州区',210900,210000),(210903,'新邱区',210900,210000),(210904,'太平区',210900,210000),(210905,'清河门区',210900,210000),(210911,'细河区',210900,210000),(210921,'阜新蒙古族自治县',210900,210000),(210922,'彰武县',210900,210000),(211001,'市辖区',211000,210000),(211002,'白塔区',211000,210000),(211003,'文圣区',211000,210000),(211004,'宏伟区',211000,210000),(211005,'弓长岭区',211000,210000),(211011,'太子河区',211000,210000),(211021,'辽阳县',211000,210000),(211081,'灯塔市',211000,210000),(211101,'市辖区',211100,210000),(211102,'双台子区',211100,210000),(211103,'兴隆台区',211100,210000),(211104,'大洼区',211100,210000),(211122,'盘山县',211100,210000),(211201,'市辖区',211200,210000),(211202,'银州区',211200,210000),(211204,'清河区',211200,210000),(211221,'铁岭县',211200,210000),(211223,'西丰县',211200,210000),(211224,'昌图县',211200,210000),(211281,'调兵山市',211200,210000),(211282,'开原市',211200,210000),(211301,'市辖区',211300,210000),(211302,'双塔区',211300,210000),(211303,'龙城区',211300,210000),(211321,'朝阳县',211300,210000),(211322,'建平县',211300,210000),(211324,'喀喇沁左翼蒙古族自治县',211300,210000),(211381,'北票市',211300,210000),(211382,'凌源市',211300,210000),(211401,'市辖区',211400,210000),(211402,'连山区',211400,210000),(211403,'龙港区',211400,210000),(211404,'南票区',211400,210000),(211421,'绥中县',211400,210000),(211422,'建昌县',211400,210000),(211481,'兴城市',211400,210000),(220101,'市辖区',220100,220000),(220102,'南关区',220100,220000),(220103,'宽城区',220100,220000),(220104,'朝阳区',220100,220000),(220105,'二道区',220100,220000),(220106,'绿园区',220100,220000),(220112,'双阳区',220100,220000),(220113,'九台区',220100,220000),(220122,'农安县',220100,220000),(220182,'榆树市',220100,220000),(220183,'德惠市',220100,220000),(220201,'市辖区',220200,220000),(220202,'昌邑区',220200,220000),(220203,'龙潭区',220200,220000),(220204,'船营区',220200,220000),(220211,'丰满区',220200,220000),(220221,'永吉县',220200,220000),(220281,'蛟河市',220200,220000),(220282,'桦甸市',220200,220000),(220283,'舒兰市',220200,220000),(220284,'磐石市',220200,220000),(220301,'市辖区',220300,220000),(220302,'铁西区',220300,220000),(220303,'铁东区',220300,220000),(220322,'梨树县',220300,220000),(220323,'伊通满族自治县',220300,220000),(220381,'公主岭市',220300,220000),(220382,'双辽市',220300,220000),(220401,'市辖区',220400,220000),(220402,'龙山区',220400,220000),(220403,'西安区',220400,220000),(220421,'东丰县',220400,220000),(220422,'东辽县',220400,220000),(220501,'市辖区',220500,220000),(220502,'东昌区',220500,220000),(220503,'二道江区',220500,220000),(220521,'通化县',220500,220000),(220523,'辉南县',220500,220000),(220524,'柳河县',220500,220000),(220581,'梅河口市',220500,220000),(220582,'集安市',220500,220000),(220601,'市辖区',220600,220000),(220602,'浑江区',220600,220000),(220605,'江源区',220600,220000),(220621,'抚松县',220600,220000),(220622,'靖宇县',220600,220000),(220623,'长白朝鲜族自治县',220600,220000),(220681,'临江市',220600,220000),(220701,'市辖区',220700,220000),(220702,'宁江区',220700,220000),(220721,'前郭尔罗斯蒙古族自治县',220700,220000),(220722,'长岭县',220700,220000),(220723,'乾安县',220700,220000),(220781,'扶余市',220700,220000),(220801,'市辖区',220800,220000),(220802,'洮北区',220800,220000),(220821,'镇赉县',220800,220000),(220822,'通榆县',220800,220000),(220881,'洮南市',220800,220000),(220882,'大安市',220800,220000),(222401,'延吉市',222400,220000),(222402,'图们市',222400,220000),(222403,'敦化市',222400,220000),(222404,'珲春市',222400,220000),(222405,'龙井市',222400,220000),(222406,'和龙市',222400,220000),(222424,'汪清县',222400,220000),(222426,'安图县',222400,220000),(230101,'市辖区',230100,230000),(230102,'道里区',230100,230000),(230103,'南岗区',230100,230000),(230104,'道外区',230100,230000),(230108,'平房区',230100,230000),(230109,'松北区',230100,230000),(230110,'香坊区',230100,230000),(230111,'呼兰区',230100,230000),(230112,'阿城区',230100,230000),(230113,'双城区',230100,230000),(230123,'依兰县',230100,230000),(230124,'方正县',230100,230000),(230125,'宾县',230100,230000),(230126,'巴彦县',230100,230000),(230127,'木兰县',230100,230000),(230128,'通河县',230100,230000),(230129,'延寿县',230100,230000),(230183,'尚志市',230100,230000),(230184,'五常市',230100,230000),(230201,'市辖区',230200,230000),(230202,'龙沙区',230200,230000),(230203,'建华区',230200,230000),(230204,'铁锋区',230200,230000),(230205,'昂昂溪区',230200,230000),(230206,'富拉尔基区',230200,230000),(230207,'碾子山区',230200,230000),(230208,'梅里斯达斡尔族区',230200,230000),(230221,'龙江县',230200,230000),(230223,'依安县',230200,230000),(230224,'泰来县',230200,230000),(230225,'甘南县',230200,230000),(230227,'富裕县',230200,230000),(230229,'克山县',230200,230000),(230230,'克东县',230200,230000),(230231,'拜泉县',230200,230000),(230281,'讷河市',230200,230000),(230301,'市辖区',230300,230000),(230302,'鸡冠区',230300,230000),(230303,'恒山区',230300,230000),(230304,'滴道区',230300,230000),(230305,'梨树区',230300,230000),(230306,'城子河区',230300,230000),(230307,'麻山区',230300,230000),(230321,'鸡东县',230300,230000),(230381,'虎林市',230300,230000),(230382,'密山市',230300,230000),(230401,'市辖区',230400,230000),(230402,'向阳区',230400,230000),(230403,'工农区',230400,230000),(230404,'南山区',230400,230000),(230405,'兴安区',230400,230000),(230406,'东山区',230400,230000),(230407,'兴山区',230400,230000),(230421,'萝北县',230400,230000),(230422,'绥滨县',230400,230000),(230501,'市辖区',230500,230000),(230502,'尖山区',230500,230000),(230503,'岭东区',230500,230000),(230505,'四方台区',230500,230000),(230506,'宝山区',230500,230000),(230521,'集贤县',230500,230000),(230522,'友谊县',230500,230000),(230523,'宝清县',230500,230000),(230524,'饶河县',230500,230000),(230601,'市辖区',230600,230000),(230602,'萨尔图区',230600,230000),(230603,'龙凤区',230600,230000),(230604,'让胡路区',230600,230000),(230605,'红岗区',230600,230000),(230606,'大同区',230600,230000),(230621,'肇州县',230600,230000),(230622,'肇源县',230600,230000),(230623,'林甸县',230600,230000),(230624,'杜尔伯特蒙古族自治县',230600,230000),(230701,'市辖区',230700,230000),(230702,'伊春区',230700,230000),(230703,'南岔区',230700,230000),(230704,'友好区',230700,230000),(230705,'西林区',230700,230000),(230706,'翠峦区',230700,230000),(230707,'新青区',230700,230000),(230708,'美溪区',230700,230000),(230709,'金山屯区',230700,230000),(230710,'五营区',230700,230000),(230711,'乌马河区',230700,230000),(230712,'汤旺河区',230700,230000),(230713,'带岭区',230700,230000),(230714,'乌伊岭区',230700,230000),(230715,'红星区',230700,230000),(230716,'上甘岭区',230700,230000),(230722,'嘉荫县',230700,230000),(230781,'铁力市',230700,230000),(230801,'市辖区',230800,230000),(230803,'向阳区',230800,230000),(230804,'前进区',230800,230000),(230805,'东风区',230800,230000),(230811,'郊区',230800,230000),(230822,'桦南县',230800,230000),(230826,'桦川县',230800,230000),(230828,'汤原县',230800,230000),(230881,'同江市',230800,230000),(230882,'富锦市',230800,230000),(230883,'抚远市',230800,230000),(230901,'市辖区',230900,230000),(230902,'新兴区',230900,230000),(230903,'桃山区',230900,230000),(230904,'茄子河区',230900,230000),(230921,'勃利县',230900,230000),(231001,'市辖区',231000,230000),(231002,'东安区',231000,230000),(231003,'阳明区',231000,230000),(231004,'爱民区',231000,230000),(231005,'西安区',231000,230000),(231025,'林口县',231000,230000),(231081,'绥芬河市',231000,230000),(231083,'海林市',231000,230000),(231084,'宁安市',231000,230000),(231085,'穆棱市',231000,230000),(231086,'东宁市',231000,230000),(231101,'市辖区',231100,230000),(231102,'爱辉区',231100,230000),(231121,'嫩江县',231100,230000),(231123,'逊克县',231100,230000),(231124,'孙吴县',231100,230000),(231181,'北安市',231100,230000),(231182,'五大连池市',231100,230000),(231201,'市辖区',231200,230000),(231202,'北林区',231200,230000),(231221,'望奎县',231200,230000),(231222,'兰西县',231200,230000),(231223,'青冈县',231200,230000),(231224,'庆安县',231200,230000),(231225,'明水县',231200,230000),(231226,'绥棱县',231200,230000),(231281,'安达市',231200,230000),(231282,'肇东市',231200,230000),(231283,'海伦市',231200,230000),(232721,'呼玛县',232700,230000),(232722,'塔河县',232700,230000),(232723,'漠河县',232700,230000),(310101,'黄浦区',310100,310000),(310104,'徐汇区',310100,310000),(310105,'长宁区',310100,310000),(310106,'静安区',310100,310000),(310107,'普陀区',310100,310000),(310109,'虹口区',310100,310000),(310110,'杨浦区',310100,310000),(310112,'闵行区',310100,310000),(310113,'宝山区',310100,310000),(310114,'嘉定区',310100,310000),(310115,'浦东新区',310100,310000),(310116,'金山区',310100,310000),(310117,'松江区',310100,310000),(310118,'青浦区',310100,310000),(310120,'奉贤区',310100,310000),(310151,'崇明区',310100,310000),(320101,'市辖区',320100,320000),(320102,'玄武区',320100,320000),(320104,'秦淮区',320100,320000),(320105,'建邺区',320100,320000),(320106,'鼓楼区',320100,320000),(320111,'浦口区',320100,320000),(320113,'栖霞区',320100,320000),(320114,'雨花台区',320100,320000),(320115,'江宁区',320100,320000),(320116,'六合区',320100,320000),(320117,'溧水区',320100,320000),(320118,'高淳区',320100,320000),(320201,'市辖区',320200,320000),(320205,'锡山区',320200,320000),(320206,'惠山区',320200,320000),(320211,'滨湖区',320200,320000),(320213,'梁溪区',320200,320000),(320214,'新吴区',320200,320000),(320281,'江阴市',320200,320000),(320282,'宜兴市',320200,320000),(320301,'市辖区',320300,320000),(320302,'鼓楼区',320300,320000),(320303,'云龙区',320300,320000),(320305,'贾汪区',320300,320000),(320311,'泉山区',320300,320000),(320312,'铜山区',320300,320000),(320321,'丰县',320300,320000),(320322,'沛县',320300,320000),(320324,'睢宁县',320300,320000),(320381,'新沂市',320300,320000),(320382,'邳州市',320300,320000),(320401,'市辖区',320400,320000),(320402,'天宁区',320400,320000),(320404,'钟楼区',320400,320000),(320411,'新北区',320400,320000),(320412,'武进区',320400,320000),(320413,'金坛区',320400,320000),(320481,'溧阳市',320400,320000),(320501,'市辖区',320500,320000),(320505,'虎丘区',320500,320000),(320506,'吴中区',320500,320000),(320507,'相城区',320500,320000),(320508,'姑苏区',320500,320000),(320509,'吴江区',320500,320000),(320581,'常熟市',320500,320000),(320582,'张家港市',320500,320000),(320583,'昆山市',320500,320000),(320585,'太仓市',320500,320000),(320601,'市辖区',320600,320000),(320602,'崇川区',320600,320000),(320611,'港闸区',320600,320000),(320612,'通州区',320600,320000),(320621,'海安县',320600,320000),(320623,'如东县',320600,320000),(320681,'启东市',320600,320000),(320682,'如皋市',320600,320000),(320684,'海门市',320600,320000),(320701,'市辖区',320700,320000),(320703,'连云区',320700,320000),(320706,'海州区',320700,320000),(320707,'赣榆区',320700,320000),(320722,'东海县',320700,320000),(320723,'灌云县',320700,320000),(320724,'灌南县',320700,320000),(320801,'市辖区',320800,320000),(320803,'淮安区',320800,320000),(320804,'淮阴区',320800,320000),(320812,'清江浦区',320800,320000),(320813,'洪泽区',320800,320000),(320826,'涟水县',320800,320000),(320830,'盱眙县',320800,320000),(320831,'金湖县',320800,320000),(320901,'市辖区',320900,320000),(320902,'亭湖区',320900,320000),(320903,'盐都区',320900,320000),(320904,'大丰区',320900,320000),(320921,'响水县',320900,320000),(320922,'滨海县',320900,320000),(320923,'阜宁县',320900,320000),(320924,'射阳县',320900,320000),(320925,'建湖县',320900,320000),(320981,'东台市',320900,320000),(321001,'市辖区',321000,320000),(321002,'广陵区',321000,320000),(321003,'邗江区',321000,320000),(321012,'江都区',321000,320000),(321023,'宝应县',321000,320000),(321081,'仪征市',321000,320000),(321084,'高邮市',321000,320000),(321101,'市辖区',321100,320000),(321102,'京口区',321100,320000),(321111,'润州区',321100,320000),(321112,'丹徒区',321100,320000),(321181,'丹阳市',321100,320000),(321182,'扬中市',321100,320000),(321183,'句容市',321100,320000),(321201,'市辖区',321200,320000),(321202,'海陵区',321200,320000),(321203,'高港区',321200,320000),(321204,'姜堰区',321200,320000),(321281,'兴化市',321200,320000),(321282,'靖江市',321200,320000),(321283,'泰兴市',321200,320000),(321301,'市辖区',321300,320000),(321302,'宿城区',321300,320000),(321311,'宿豫区',321300,320000),(321322,'沭阳县',321300,320000),(321323,'泗阳县',321300,320000),(321324,'泗洪县',321300,320000),(330101,'市辖区',330100,330000),(330102,'上城区',330100,330000),(330103,'下城区',330100,330000),(330104,'江干区',330100,330000),(330105,'拱墅区',330100,330000),(330106,'西湖区',330100,330000),(330108,'滨江区',330100,330000),(330109,'萧山区',330100,330000),(330110,'余杭区',330100,330000),(330111,'富阳区',330100,330000),(330122,'桐庐县',330100,330000),(330127,'淳安县',330100,330000),(330182,'建德市',330100,330000),(330185,'临安市',330100,330000),(330201,'市辖区',330200,330000),(330203,'海曙区',330200,330000),(330204,'江东区',330200,330000),(330205,'江北区',330200,330000),(330206,'北仑区',330200,330000),(330211,'镇海区',330200,330000),(330212,'鄞州区',330200,330000),(330225,'象山县',330200,330000),(330226,'宁海县',330200,330000),(330281,'余姚市',330200,330000),(330282,'慈溪市',330200,330000),(330283,'奉化市',330200,330000),(330301,'市辖区',330300,330000),(330302,'鹿城区',330300,330000),(330303,'龙湾区',330300,330000),(330304,'瓯海区',330300,330000),(330305,'洞头区',330300,330000),(330324,'永嘉县',330300,330000),(330326,'平阳县',330300,330000),(330327,'苍南县',330300,330000),(330328,'文成县',330300,330000),(330329,'泰顺县',330300,330000),(330381,'瑞安市',330300,330000),(330382,'乐清市',330300,330000),(330401,'市辖区',330400,330000),(330402,'南湖区',330400,330000),(330411,'秀洲区',330400,330000),(330421,'嘉善县',330400,330000),(330424,'海盐县',330400,330000),(330481,'海宁市',330400,330000),(330482,'平湖市',330400,330000),(330483,'桐乡市',330400,330000),(330501,'市辖区',330500,330000),(330502,'吴兴区',330500,330000),(330503,'南浔区',330500,330000),(330521,'德清县',330500,330000),(330522,'长兴县',330500,330000),(330523,'安吉县',330500,330000),(330601,'市辖区',330600,330000),(330602,'越城区',330600,330000),(330603,'柯桥区',330600,330000),(330604,'上虞区',330600,330000),(330624,'新昌县',330600,330000),(330681,'诸暨市',330600,330000),(330683,'嵊州市',330600,330000),(330701,'市辖区',330700,330000),(330702,'婺城区',330700,330000),(330703,'金东区',330700,330000),(330723,'武义县',330700,330000),(330726,'浦江县',330700,330000),(330727,'磐安县',330700,330000),(330781,'兰溪市',330700,330000),(330782,'义乌市',330700,330000),(330783,'东阳市',330700,330000),(330784,'永康市',330700,330000),(330801,'市辖区',330800,330000),(330802,'柯城区',330800,330000),(330803,'衢江区',330800,330000),(330822,'常山县',330800,330000),(330824,'开化县',330800,330000),(330825,'龙游县',330800,330000),(330881,'江山市',330800,330000),(330901,'市辖区',330900,330000),(330902,'定海区',330900,330000),(330903,'普陀区',330900,330000),(330921,'岱山县',330900,330000),(330922,'嵊泗县',330900,330000),(331001,'市辖区',331000,330000),(331002,'椒江区',331000,330000),(331003,'黄岩区',331000,330000),(331004,'路桥区',331000,330000),(331021,'玉环县',331000,330000),(331022,'三门县',331000,330000),(331023,'天台县',331000,330000),(331024,'仙居县',331000,330000),(331081,'温岭市',331000,330000),(331082,'临海市',331000,330000),(331101,'市辖区',331100,330000),(331102,'莲都区',331100,330000),(331121,'青田县',331100,330000),(331122,'缙云县',331100,330000),(331123,'遂昌县',331100,330000),(331124,'松阳县',331100,330000),(331125,'云和县',331100,330000),(331126,'庆元县',331100,330000),(331127,'景宁畲族自治县',331100,330000),(331181,'龙泉市',331100,330000),(340101,'市辖区',340100,340000),(340102,'瑶海区',340100,340000),(340103,'庐阳区',340100,340000),(340104,'蜀山区',340100,340000),(340111,'包河区',340100,340000),(340121,'长丰县',340100,340000),(340122,'肥东县',340100,340000),(340123,'肥西县',340100,340000),(340124,'庐江县',340100,340000),(340181,'巢湖市',340100,340000),(340201,'市辖区',340200,340000),(340202,'镜湖区',340200,340000),(340203,'弋江区',340200,340000),(340207,'鸠江区',340200,340000),(340208,'三山区',340200,340000),(340221,'芜湖县',340200,340000),(340222,'繁昌县',340200,340000),(340223,'南陵县',340200,340000),(340225,'无为县',340200,340000),(340301,'市辖区',340300,340000),(340302,'龙子湖区',340300,340000),(340303,'蚌山区',340300,340000),(340304,'禹会区',340300,340000),(340311,'淮上区',340300,340000),(340321,'怀远县',340300,340000),(340322,'五河县',340300,340000),(340323,'固镇县',340300,340000),(340401,'市辖区',340400,340000),(340402,'大通区',340400,340000),(340403,'田家庵区',340400,340000),(340404,'谢家集区',340400,340000),(340405,'八公山区',340400,340000),(340406,'潘集区',340400,340000),(340421,'凤台县',340400,340000),(340422,'寿县',340400,340000),(340501,'市辖区',340500,340000),(340503,'花山区',340500,340000),(340504,'雨山区',340500,340000),(340506,'博望区',340500,340000),(340521,'当涂县',340500,340000),(340522,'含山县',340500,340000),(340523,'和县',340500,340000),(340601,'市辖区',340600,340000),(340602,'杜集区',340600,340000),(340603,'相山区',340600,340000),(340604,'烈山区',340600,340000),(340621,'濉溪县',340600,340000),(340701,'市辖区',340700,340000),(340705,'铜官区',340700,340000),(340706,'义安区',340700,340000),(340711,'郊区',340700,340000),(340722,'枞阳县',340700,340000),(340801,'市辖区',340800,340000),(340802,'迎江区',340800,340000),(340803,'大观区',340800,340000),(340811,'宜秀区',340800,340000),(340822,'怀宁县',340800,340000),(340824,'潜山县',340800,340000),(340825,'太湖县',340800,340000),(340826,'宿松县',340800,340000),(340827,'望江县',340800,340000),(340828,'岳西县',340800,340000),(340881,'桐城市',340800,340000),(341001,'市辖区',341000,340000),(341002,'屯溪区',341000,340000),(341003,'黄山区',341000,340000),(341004,'徽州区',341000,340000),(341021,'歙县',341000,340000),(341022,'休宁县',341000,340000),(341023,'黟县',341000,340000),(341024,'祁门县',341000,340000),(341101,'市辖区',341100,340000),(341102,'琅琊区',341100,340000),(341103,'南谯区',341100,340000),(341122,'来安县',341100,340000),(341124,'全椒县',341100,340000),(341125,'定远县',341100,340000),(341126,'凤阳县',341100,340000),(341181,'天长市',341100,340000),(341182,'明光市',341100,340000),(341201,'市辖区',341200,340000),(341202,'颍州区',341200,340000),(341203,'颍东区',341200,340000),(341204,'颍泉区',341200,340000),(341221,'临泉县',341200,340000),(341222,'太和县',341200,340000),(341225,'阜南县',341200,340000),(341226,'颍上县',341200,340000),(341282,'界首市',341200,340000),(341301,'市辖区',341300,340000),(341302,'埇桥区',341300,340000),(341321,'砀山县',341300,340000),(341322,'萧县',341300,340000),(341323,'灵璧县',341300,340000),(341324,'泗县',341300,340000),(341501,'市辖区',341500,340000),(341502,'金安区',341500,340000),(341503,'裕安区',341500,340000),(341504,'叶集区',341500,340000),(341522,'霍邱县',341500,340000),(341523,'舒城县',341500,340000),(341524,'金寨县',341500,340000),(341525,'霍山县',341500,340000),(341601,'市辖区',341600,340000),(341602,'谯城区',341600,340000),(341621,'涡阳县',341600,340000),(341622,'蒙城县',341600,340000),(341623,'利辛县',341600,340000),(341701,'市辖区',341700,340000),(341702,'贵池区',341700,340000),(341721,'东至县',341700,340000),(341722,'石台县',341700,340000),(341723,'青阳县',341700,340000),(341801,'市辖区',341800,340000),(341802,'宣州区',341800,340000),(341821,'郎溪县',341800,340000),(341822,'广德县',341800,340000),(341823,'泾县',341800,340000),(341824,'绩溪县',341800,340000),(341825,'旌德县',341800,340000),(341881,'宁国市',341800,340000),(350101,'市辖区',350100,350000),(350102,'鼓楼区',350100,350000),(350103,'台江区',350100,350000),(350104,'仓山区',350100,350000),(350105,'马尾区',350100,350000),(350111,'晋安区',350100,350000),(350121,'闽侯县',350100,350000),(350122,'连江县',350100,350000),(350123,'罗源县',350100,350000),(350124,'闽清县',350100,350000),(350125,'永泰县',350100,350000),(350128,'平潭县',350100,350000),(350181,'福清市',350100,350000),(350182,'长乐市',350100,350000),(350201,'市辖区',350200,350000),(350203,'思明区',350200,350000),(350205,'海沧区',350200,350000),(350206,'湖里区',350200,350000),(350211,'集美区',350200,350000),(350212,'同安区',350200,350000),(350213,'翔安区',350200,350000),(350301,'市辖区',350300,350000),(350302,'城厢区',350300,350000),(350303,'涵江区',350300,350000),(350304,'荔城区',350300,350000),(350305,'秀屿区',350300,350000),(350322,'仙游县',350300,350000),(350401,'市辖区',350400,350000),(350402,'梅列区',350400,350000),(350403,'三元区',350400,350000),(350421,'明溪县',350400,350000),(350423,'清流县',350400,350000),(350424,'宁化县',350400,350000),(350425,'大田县',350400,350000),(350426,'尤溪县',350400,350000),(350427,'沙县',350400,350000),(350428,'将乐县',350400,350000),(350429,'泰宁县',350400,350000),(350430,'建宁县',350400,350000),(350481,'永安市',350400,350000),(350501,'市辖区',350500,350000),(350502,'鲤城区',350500,350000),(350503,'丰泽区',350500,350000),(350504,'洛江区',350500,350000),(350505,'泉港区',350500,350000),(350521,'惠安县',350500,350000),(350524,'安溪县',350500,350000),(350525,'永春县',350500,350000),(350526,'德化县',350500,350000),(350527,'金门县',350500,350000),(350581,'石狮市',350500,350000),(350582,'晋江市',350500,350000),(350583,'南安市',350500,350000),(350601,'市辖区',350600,350000),(350602,'芗城区',350600,350000),(350603,'龙文区',350600,350000),(350622,'云霄县',350600,350000),(350623,'漳浦县',350600,350000),(350624,'诏安县',350600,350000),(350625,'长泰县',350600,350000),(350626,'东山县',350600,350000),(350627,'南靖县',350600,350000),(350628,'平和县',350600,350000),(350629,'华安县',350600,350000),(350681,'龙海市',350600,350000),(350701,'市辖区',350700,350000),(350702,'延平区',350700,350000),(350703,'建阳区',350700,350000),(350721,'顺昌县',350700,350000),(350722,'浦城县',350700,350000),(350723,'光泽县',350700,350000),(350724,'松溪县',350700,350000),(350725,'政和县',350700,350000),(350781,'邵武市',350700,350000),(350782,'武夷山市',350700,350000),(350783,'建瓯市',350700,350000),(350801,'市辖区',350800,350000),(350802,'新罗区',350800,350000),(350803,'永定区',350800,350000),(350821,'长汀县',350800,350000),(350823,'上杭县',350800,350000),(350824,'武平县',350800,350000),(350825,'连城县',350800,350000),(350881,'漳平市',350800,350000),(350901,'市辖区',350900,350000),(350902,'蕉城区',350900,350000),(350921,'霞浦县',350900,350000),(350922,'古田县',350900,350000),(350923,'屏南县',350900,350000),(350924,'寿宁县',350900,350000),(350925,'周宁县',350900,350000),(350926,'柘荣县',350900,350000),(350981,'福安市',350900,350000),(350982,'福鼎市',350900,350000),(360101,'市辖区',360100,360000),(360102,'东湖区',360100,360000),(360103,'西湖区',360100,360000),(360104,'青云谱区',360100,360000),(360105,'湾里区',360100,360000),(360111,'青山湖区',360100,360000),(360112,'新建区',360100,360000),(360121,'南昌县',360100,360000),(360123,'安义县',360100,360000),(360124,'进贤县',360100,360000),(360201,'市辖区',360200,360000),(360202,'昌江区',360200,360000),(360203,'珠山区',360200,360000),(360222,'浮梁县',360200,360000),(360281,'乐平市',360200,360000),(360301,'市辖区',360300,360000),(360302,'安源区',360300,360000),(360313,'湘东区',360300,360000),(360321,'莲花县',360300,360000),(360322,'上栗县',360300,360000),(360323,'芦溪县',360300,360000),(360401,'市辖区',360400,360000),(360402,'濂溪区',360400,360000),(360403,'浔阳区',360400,360000),(360421,'九江县',360400,360000),(360423,'武宁县',360400,360000),(360424,'修水县',360400,360000),(360425,'永修县',360400,360000),(360426,'德安县',360400,360000),(360428,'都昌县',360400,360000),(360429,'湖口县',360400,360000),(360430,'彭泽县',360400,360000),(360481,'瑞昌市',360400,360000),(360482,'共青城市',360400,360000),(360483,'庐山市',360400,360000),(360501,'市辖区',360500,360000),(360502,'渝水区',360500,360000),(360521,'分宜县',360500,360000),(360601,'市辖区',360600,360000),(360602,'月湖区',360600,360000),(360622,'余江县',360600,360000),(360681,'贵溪市',360600,360000),(360701,'市辖区',360700,360000),(360702,'章贡区',360700,360000),(360703,'南康区',360700,360000),(360721,'赣县',360700,360000),(360722,'信丰县',360700,360000),(360723,'大余县',360700,360000),(360724,'上犹县',360700,360000),(360725,'崇义县',360700,360000),(360726,'安远县',360700,360000),(360727,'龙南县',360700,360000),(360728,'定南县',360700,360000),(360729,'全南县',360700,360000),(360730,'宁都县',360700,360000),(360731,'于都县',360700,360000),(360732,'兴国县',360700,360000),(360733,'会昌县',360700,360000),(360734,'寻乌县',360700,360000),(360735,'石城县',360700,360000),(360781,'瑞金市',360700,360000),(360801,'市辖区',360800,360000),(360802,'吉州区',360800,360000),(360803,'青原区',360800,360000),(360821,'吉安县',360800,360000),(360822,'吉水县',360800,360000),(360823,'峡江县',360800,360000),(360824,'新干县',360800,360000),(360825,'永丰县',360800,360000),(360826,'泰和县',360800,360000),(360827,'遂川县',360800,360000),(360828,'万安县',360800,360000),(360829,'安福县',360800,360000),(360830,'永新县',360800,360000),(360881,'井冈山市',360800,360000),(360901,'市辖区',360900,360000),(360902,'袁州区',360900,360000),(360921,'奉新县',360900,360000),(360922,'万载县',360900,360000),(360923,'上高县',360900,360000),(360924,'宜丰县',360900,360000),(360925,'靖安县',360900,360000),(360926,'铜鼓县',360900,360000),(360981,'丰城市',360900,360000),(360982,'樟树市',360900,360000),(360983,'高安市',360900,360000),(361001,'市辖区',361000,360000),(361002,'临川区',361000,360000),(361021,'南城县',361000,360000),(361022,'黎川县',361000,360000),(361023,'南丰县',361000,360000),(361024,'崇仁县',361000,360000),(361025,'乐安县',361000,360000),(361026,'宜黄县',361000,360000),(361027,'金溪县',361000,360000),(361028,'资溪县',361000,360000),(361029,'东乡县',361000,360000),(361030,'广昌县',361000,360000),(361101,'市辖区',361100,360000),(361102,'信州区',361100,360000),(361103,'广丰区',361100,360000),(361121,'上饶县',361100,360000),(361123,'玉山县',361100,360000),(361124,'铅山县',361100,360000),(361125,'横峰县',361100,360000),(361126,'弋阳县',361100,360000),(361127,'余干县',361100,360000),(361128,'鄱阳县',361100,360000),(361129,'万年县',361100,360000),(361130,'婺源县',361100,360000),(361181,'德兴市',361100,360000),(370101,'市辖区',370100,370000),(370102,'历下区',370100,370000),(370103,'市中区',370100,370000),(370104,'槐荫区',370100,370000),(370105,'天桥区',370100,370000),(370112,'历城区',370100,370000),(370113,'长清区',370100,370000),(370124,'平阴县',370100,370000),(370125,'济阳县',370100,370000),(370126,'商河县',370100,370000),(370181,'章丘市',370100,370000),(370201,'市辖区',370200,370000),(370202,'市南区',370200,370000),(370203,'市北区',370200,370000),(370211,'黄岛区',370200,370000),(370212,'崂山区',370200,370000),(370213,'李沧区',370200,370000),(370214,'城阳区',370200,370000),(370281,'胶州市',370200,370000),(370282,'即墨市',370200,370000),(370283,'平度市',370200,370000),(370285,'莱西市',370200,370000),(370301,'市辖区',370300,370000),(370302,'淄川区',370300,370000),(370303,'张店区',370300,370000),(370304,'博山区',370300,370000),(370305,'临淄区',370300,370000),(370306,'周村区',370300,370000),(370321,'桓台县',370300,370000),(370322,'高青县',370300,370000),(370323,'沂源县',370300,370000),(370401,'市辖区',370400,370000),(370402,'市中区',370400,370000),(370403,'薛城区',370400,370000),(370404,'峄城区',370400,370000),(370405,'台儿庄区',370400,370000),(370406,'山亭区',370400,370000),(370481,'滕州市',370400,370000),(370501,'市辖区',370500,370000),(370502,'东营区',370500,370000),(370503,'河口区',370500,370000),(370505,'垦利区',370500,370000),(370522,'利津县',370500,370000),(370523,'广饶县',370500,370000),(370601,'市辖区',370600,370000),(370602,'芝罘区',370600,370000),(370611,'福山区',370600,370000),(370612,'牟平区',370600,370000),(370613,'莱山区',370600,370000),(370634,'长岛县',370600,370000),(370681,'龙口市',370600,370000),(370682,'莱阳市',370600,370000),(370683,'莱州市',370600,370000),(370684,'蓬莱市',370600,370000),(370685,'招远市',370600,370000),(370686,'栖霞市',370600,370000),(370687,'海阳市',370600,370000),(370701,'市辖区',370700,370000),(370702,'潍城区',370700,370000),(370703,'寒亭区',370700,370000),(370704,'坊子区',370700,370000),(370705,'奎文区',370700,370000),(370724,'临朐县',370700,370000),(370725,'昌乐县',370700,370000),(370781,'青州市',370700,370000),(370782,'诸城市',370700,370000),(370783,'寿光市',370700,370000),(370784,'安丘市',370700,370000),(370785,'高密市',370700,370000),(370786,'昌邑市',370700,370000),(370801,'市辖区',370800,370000),(370811,'任城区',370800,370000),(370812,'兖州区',370800,370000),(370826,'微山县',370800,370000),(370827,'鱼台县',370800,370000),(370828,'金乡县',370800,370000),(370829,'嘉祥县',370800,370000),(370830,'汶上县',370800,370000),(370831,'泗水县',370800,370000),(370832,'梁山县',370800,370000),(370881,'曲阜市',370800,370000),(370883,'邹城市',370800,370000),(370901,'市辖区',370900,370000),(370902,'泰山区',370900,370000),(370911,'岱岳区',370900,370000),(370921,'宁阳县',370900,370000),(370923,'东平县',370900,370000),(370982,'新泰市',370900,370000),(370983,'肥城市',370900,370000),(371001,'市辖区',371000,370000),(371002,'环翠区',371000,370000),(371003,'文登区',371000,370000),(371082,'荣成市',371000,370000),(371083,'乳山市',371000,370000),(371101,'市辖区',371100,370000),(371102,'东港区',371100,370000),(371103,'岚山区',371100,370000),(371121,'五莲县',371100,370000),(371122,'莒县',371100,370000),(371201,'市辖区',371200,370000),(371202,'莱城区',371200,370000),(371203,'钢城区',371200,370000),(371301,'市辖区',371300,370000),(371302,'兰山区',371300,370000),(371311,'罗庄区',371300,370000),(371312,'河东区',371300,370000),(371321,'沂南县',371300,370000),(371322,'郯城县',371300,370000),(371323,'沂水县',371300,370000),(371324,'兰陵县',371300,370000),(371325,'费县',371300,370000),(371326,'平邑县',371300,370000),(371327,'莒南县',371300,370000),(371328,'蒙阴县',371300,370000),(371329,'临沭县',371300,370000),(371401,'市辖区',371400,370000),(371402,'德城区',371400,370000),(371403,'陵城区',371400,370000),(371422,'宁津县',371400,370000),(371423,'庆云县',371400,370000),(371424,'临邑县',371400,370000),(371425,'齐河县',371400,370000),(371426,'平原县',371400,370000),(371427,'夏津县',371400,370000),(371428,'武城县',371400,370000),(371481,'乐陵市',371400,370000),(371482,'禹城市',371400,370000),(371501,'市辖区',371500,370000),(371502,'东昌府区',371500,370000),(371521,'阳谷县',371500,370000),(371522,'莘县',371500,370000),(371523,'茌平县',371500,370000),(371524,'东阿县',371500,370000),(371525,'冠县',371500,370000),(371526,'高唐县',371500,370000),(371581,'临清市',371500,370000),(371601,'市辖区',371600,370000),(371602,'滨城区',371600,370000),(371603,'沾化区',371600,370000),(371621,'惠民县',371600,370000),(371622,'阳信县',371600,370000),(371623,'无棣县',371600,370000),(371625,'博兴县',371600,370000),(371626,'邹平县',371600,370000),(371701,'市辖区',371700,370000),(371702,'牡丹区',371700,370000),(371703,'定陶区',371700,370000),(371721,'曹县',371700,370000),(371722,'单县',371700,370000),(371723,'成武县',371700,370000),(371724,'巨野县',371700,370000),(371725,'郓城县',371700,370000),(371726,'鄄城县',371700,370000),(371728,'东明县',371700,370000),(410101,'市辖区',410100,410000),(410102,'中原区',410100,410000),(410103,'二七区',410100,410000),(410104,'管城回族区',410100,410000),(410105,'金水区',410100,410000),(410106,'上街区',410100,410000),(410108,'惠济区',410100,410000),(410122,'中牟县',410100,410000),(410181,'巩义市',410100,410000),(410182,'荥阳市',410100,410000),(410183,'新密市',410100,410000),(410184,'新郑市',410100,410000),(410185,'登封市',410100,410000),(410201,'市辖区',410200,410000),(410202,'龙亭区',410200,410000),(410203,'顺河回族区',410200,410000),(410204,'鼓楼区',410200,410000),(410205,'禹王台区',410200,410000),(410211,'金明区',410200,410000),(410212,'祥符区',410200,410000),(410221,'杞县',410200,410000),(410222,'通许县',410200,410000),(410223,'尉氏县',410200,410000),(410225,'兰考县',410200,410000),(410301,'市辖区',410300,410000),(410302,'老城区',410300,410000),(410303,'西工区',410300,410000),(410304,'瀍河回族区',410300,410000),(410305,'涧西区',410300,410000),(410306,'吉利区',410300,410000),(410311,'洛龙区',410300,410000),(410322,'孟津县',410300,410000),(410323,'新安县',410300,410000),(410324,'栾川县',410300,410000),(410325,'嵩县',410300,410000),(410326,'汝阳县',410300,410000),(410327,'宜阳县',410300,410000),(410328,'洛宁县',410300,410000),(410329,'伊川县',410300,410000),(410381,'偃师市',410300,410000),(410401,'市辖区',410400,410000),(410402,'新华区',410400,410000),(410403,'卫东区',410400,410000),(410404,'石龙区',410400,410000),(410411,'湛河区',410400,410000),(410421,'宝丰县',410400,410000),(410422,'叶县',410400,410000),(410423,'鲁山县',410400,410000),(410425,'郏县',410400,410000),(410481,'舞钢市',410400,410000),(410482,'汝州市',410400,410000),(410501,'市辖区',410500,410000),(410502,'文峰区',410500,410000),(410503,'北关区',410500,410000),(410505,'殷都区',410500,410000),(410506,'龙安区',410500,410000),(410522,'安阳县',410500,410000),(410523,'汤阴县',410500,410000),(410526,'滑县',410500,410000),(410527,'内黄县',410500,410000),(410581,'林州市',410500,410000),(410601,'市辖区',410600,410000),(410602,'鹤山区',410600,410000),(410603,'山城区',410600,410000),(410611,'淇滨区',410600,410000),(410621,'浚县',410600,410000),(410622,'淇县',410600,410000),(410701,'市辖区',410700,410000),(410702,'红旗区',410700,410000),(410703,'卫滨区',410700,410000),(410704,'凤泉区',410700,410000),(410711,'牧野区',410700,410000),(410721,'新乡县',410700,410000),(410724,'获嘉县',410700,410000),(410725,'原阳县',410700,410000),(410726,'延津县',410700,410000),(410727,'封丘县',410700,410000),(410728,'长垣县',410700,410000),(410781,'卫辉市',410700,410000),(410782,'辉县市',410700,410000),(410801,'市辖区',410800,410000),(410802,'解放区',410800,410000),(410803,'中站区',410800,410000),(410804,'马村区',410800,410000),(410811,'山阳区',410800,410000),(410821,'修武县',410800,410000),(410822,'博爱县',410800,410000),(410823,'武陟县',410800,410000),(410825,'温县',410800,410000),(410882,'沁阳市',410800,410000),(410883,'孟州市',410800,410000),(410901,'市辖区',410900,410000),(410902,'华龙区',410900,410000),(410922,'清丰县',410900,410000),(410923,'南乐县',410900,410000),(410926,'范县',410900,410000),(410927,'台前县',410900,410000),(410928,'濮阳县',410900,410000),(411001,'市辖区',411000,410000),(411002,'魏都区',411000,410000),(411023,'许昌县',411000,410000),(411024,'鄢陵县',411000,410000),(411025,'襄城县',411000,410000),(411081,'禹州市',411000,410000),(411082,'长葛市',411000,410000),(411101,'市辖区',411100,410000),(411102,'源汇区',411100,410000),(411103,'郾城区',411100,410000),(411104,'召陵区',411100,410000),(411121,'舞阳县',411100,410000),(411122,'临颍县',411100,410000),(411201,'市辖区',411200,410000),(411202,'湖滨区',411200,410000),(411203,'陕州区',411200,410000),(411221,'渑池县',411200,410000),(411224,'卢氏县',411200,410000),(411281,'义马市',411200,410000),(411282,'灵宝市',411200,410000),(411301,'市辖区',411300,410000),(411302,'宛城区',411300,410000),(411303,'卧龙区',411300,410000),(411321,'南召县',411300,410000),(411322,'方城县',411300,410000),(411323,'西峡县',411300,410000),(411324,'镇平县',411300,410000),(411325,'内乡县',411300,410000),(411326,'淅川县',411300,410000),(411327,'社旗县',411300,410000),(411328,'唐河县',411300,410000),(411329,'新野县',411300,410000),(411330,'桐柏县',411300,410000),(411381,'邓州市',411300,410000),(411401,'市辖区',411400,410000),(411402,'梁园区',411400,410000),(411403,'睢阳区',411400,410000),(411421,'民权县',411400,410000),(411422,'睢县',411400,410000),(411423,'宁陵县',411400,410000),(411424,'柘城县',411400,410000),(411425,'虞城县',411400,410000),(411426,'夏邑县',411400,410000),(411481,'永城市',411400,410000),(411501,'市辖区',411500,410000),(411502,'浉河区',411500,410000),(411503,'平桥区',411500,410000),(411521,'罗山县',411500,410000),(411522,'光山县',411500,410000),(411523,'新县',411500,410000),(411524,'商城县',411500,410000),(411525,'固始县',411500,410000),(411526,'潢川县',411500,410000),(411527,'淮滨县',411500,410000),(411528,'息县',411500,410000),(411601,'市辖区',411600,410000),(411602,'川汇区',411600,410000),(411621,'扶沟县',411600,410000),(411622,'西华县',411600,410000),(411623,'商水县',411600,410000),(411624,'沈丘县',411600,410000),(411625,'郸城县',411600,410000),(411626,'淮阳县',411600,410000),(411627,'太康县',411600,410000),(411628,'鹿邑县',411600,410000),(411681,'项城市',411600,410000),(411701,'市辖区',411700,410000),(411702,'驿城区',411700,410000),(411721,'西平县',411700,410000),(411722,'上蔡县',411700,410000),(411723,'平舆县',411700,410000),(411724,'正阳县',411700,410000),(411725,'确山县',411700,410000),(411726,'泌阳县',411700,410000),(411727,'汝南县',411700,410000),(411728,'遂平县',411700,410000),(411729,'新蔡县',411700,410000),(419001,'济源市',419000,410000),(420101,'市辖区',420100,420000),(420102,'江岸区',420100,420000),(420103,'江汉区',420100,420000),(420104,'硚口区',420100,420000),(420105,'汉阳区',420100,420000),(420106,'武昌区',420100,420000),(420107,'青山区',420100,420000),(420111,'洪山区',420100,420000),(420112,'东西湖区',420100,420000),(420113,'汉南区',420100,420000),(420114,'蔡甸区',420100,420000),(420115,'江夏区',420100,420000),(420116,'黄陂区',420100,420000),(420117,'新洲区',420100,420000),(420201,'市辖区',420200,420000),(420202,'黄石港区',420200,420000),(420203,'西塞山区',420200,420000),(420204,'下陆区',420200,420000),(420205,'铁山区',420200,420000),(420222,'阳新县',420200,420000),(420281,'大冶市',420200,420000),(420301,'市辖区',420300,420000),(420302,'茅箭区',420300,420000),(420303,'张湾区',420300,420000),(420304,'郧阳区',420300,420000),(420322,'郧西县',420300,420000),(420323,'竹山县',420300,420000),(420324,'竹溪县',420300,420000),(420325,'房县',420300,420000),(420381,'丹江口市',420300,420000),(420501,'市辖区',420500,420000),(420502,'西陵区',420500,420000),(420503,'伍家岗区',420500,420000),(420504,'点军区',420500,420000),(420505,'猇亭区',420500,420000),(420506,'夷陵区',420500,420000),(420525,'远安县',420500,420000),(420526,'兴山县',420500,420000),(420527,'秭归县',420500,420000),(420528,'长阳土家族自治县',420500,420000),(420529,'五峰土家族自治县',420500,420000),(420581,'宜都市',420500,420000),(420582,'当阳市',420500,420000),(420583,'枝江市',420500,420000),(420601,'市辖区',420600,420000),(420602,'襄城区',420600,420000),(420606,'樊城区',420600,420000),(420607,'襄州区',420600,420000),(420624,'南漳县',420600,420000),(420625,'谷城县',420600,420000),(420626,'保康县',420600,420000),(420682,'老河口市',420600,420000),(420683,'枣阳市',420600,420000),(420684,'宜城市',420600,420000),(420701,'市辖区',420700,420000),(420702,'梁子湖区',420700,420000),(420703,'华容区',420700,420000),(420704,'鄂城区',420700,420000),(420801,'市辖区',420800,420000),(420802,'东宝区',420800,420000),(420804,'掇刀区',420800,420000),(420821,'京山县',420800,420000),(420822,'沙洋县',420800,420000),(420881,'钟祥市',420800,420000),(420901,'市辖区',420900,420000),(420902,'孝南区',420900,420000),(420921,'孝昌县',420900,420000),(420922,'大悟县',420900,420000),(420923,'云梦县',420900,420000),(420981,'应城市',420900,420000),(420982,'安陆市',420900,420000),(420984,'汉川市',420900,420000),(421001,'市辖区',421000,420000),(421002,'沙市区',421000,420000),(421003,'荆州区',421000,420000),(421022,'公安县',421000,420000),(421023,'监利县',421000,420000),(421024,'江陵县',421000,420000),(421081,'石首市',421000,420000),(421083,'洪湖市',421000,420000),(421087,'松滋市',421000,420000),(421101,'市辖区',421100,420000),(421102,'黄州区',421100,420000),(421121,'团风县',421100,420000),(421122,'红安县',421100,420000),(421123,'罗田县',421100,420000),(421124,'英山县',421100,420000),(421125,'浠水县',421100,420000),(421126,'蕲春县',421100,420000),(421127,'黄梅县',421100,420000),(421181,'麻城市',421100,420000),(421182,'武穴市',421100,420000),(421201,'市辖区',421200,420000),(421202,'咸安区',421200,420000),(421221,'嘉鱼县',421200,420000),(421222,'通城县',421200,420000),(421223,'崇阳县',421200,420000),(421224,'通山县',421200,420000),(421281,'赤壁市',421200,420000),(421301,'市辖区',421300,420000),(421303,'曾都区',421300,420000),(421321,'随县',421300,420000),(421381,'广水市',421300,420000),(422801,'恩施市',422800,420000),(422802,'利川市',422800,420000),(422822,'建始县',422800,420000),(422823,'巴东县',422800,420000),(422825,'宣恩县',422800,420000),(422826,'咸丰县',422800,420000),(422827,'来凤县',422800,420000),(422828,'鹤峰县',422800,420000),(429004,'仙桃市',429000,420000),(429005,'潜江市',429000,420000),(429006,'天门市',429000,420000),(429021,'神农架林区',429000,420000),(430101,'市辖区',430100,430000),(430102,'芙蓉区',430100,430000),(430103,'天心区',430100,430000),(430104,'岳麓区',430100,430000),(430105,'开福区',430100,430000),(430111,'雨花区',430100,430000),(430112,'望城区',430100,430000),(430121,'长沙县',430100,430000),(430124,'宁乡县',430100,430000),(430181,'浏阳市',430100,430000),(430201,'市辖区',430200,430000),(430202,'荷塘区',430200,430000),(430203,'芦淞区',430200,430000),(430204,'石峰区',430200,430000),(430211,'天元区',430200,430000),(430221,'株洲县',430200,430000),(430223,'攸县',430200,430000),(430224,'茶陵县',430200,430000),(430225,'炎陵县',430200,430000),(430281,'醴陵市',430200,430000),(430301,'市辖区',430300,430000),(430302,'雨湖区',430300,430000),(430304,'岳塘区',430300,430000),(430321,'湘潭县',430300,430000),(430381,'湘乡市',430300,430000),(430382,'韶山市',430300,430000),(430401,'市辖区',430400,430000),(430405,'珠晖区',430400,430000),(430406,'雁峰区',430400,430000),(430407,'石鼓区',430400,430000),(430408,'蒸湘区',430400,430000),(430412,'南岳区',430400,430000),(430421,'衡阳县',430400,430000),(430422,'衡南县',430400,430000),(430423,'衡山县',430400,430000),(430424,'衡东县',430400,430000),(430426,'祁东县',430400,430000),(430481,'耒阳市',430400,430000),(430482,'常宁市',430400,430000),(430501,'市辖区',430500,430000),(430502,'双清区',430500,430000),(430503,'大祥区',430500,430000),(430511,'北塔区',430500,430000),(430521,'邵东县',430500,430000),(430522,'新邵县',430500,430000),(430523,'邵阳县',430500,430000),(430524,'隆回县',430500,430000),(430525,'洞口县',430500,430000),(430527,'绥宁县',430500,430000),(430528,'新宁县',430500,430000),(430529,'城步苗族自治县',430500,430000),(430581,'武冈市',430500,430000),(430601,'市辖区',430600,430000),(430602,'岳阳楼区',430600,430000),(430603,'云溪区',430600,430000),(430611,'君山区',430600,430000),(430621,'岳阳县',430600,430000),(430623,'华容县',430600,430000),(430624,'湘阴县',430600,430000),(430626,'平江县',430600,430000),(430681,'汨罗市',430600,430000),(430682,'临湘市',430600,430000),(430701,'市辖区',430700,430000),(430702,'武陵区',430700,430000),(430703,'鼎城区',430700,430000),(430721,'安乡县',430700,430000),(430722,'汉寿县',430700,430000),(430723,'澧县',430700,430000),(430724,'临澧县',430700,430000),(430725,'桃源县',430700,430000),(430726,'石门县',430700,430000),(430781,'津市市',430700,430000),(430801,'市辖区',430800,430000),(430802,'永定区',430800,430000),(430811,'武陵源区',430800,430000),(430821,'慈利县',430800,430000),(430822,'桑植县',430800,430000),(430901,'市辖区',430900,430000),(430902,'资阳区',430900,430000),(430903,'赫山区',430900,430000),(430921,'南县',430900,430000),(430922,'桃江县',430900,430000),(430923,'安化县',430900,430000),(430981,'沅江市',430900,430000),(431001,'市辖区',431000,430000),(431002,'北湖区',431000,430000),(431003,'苏仙区',431000,430000),(431021,'桂阳县',431000,430000),(431022,'宜章县',431000,430000),(431023,'永兴县',431000,430000),(431024,'嘉禾县',431000,430000),(431025,'临武县',431000,430000),(431026,'汝城县',431000,430000),(431027,'桂东县',431000,430000),(431028,'安仁县',431000,430000),(431081,'资兴市',431000,430000),(431101,'市辖区',431100,430000),(431102,'零陵区',431100,430000),(431103,'冷水滩区',431100,430000),(431121,'祁阳县',431100,430000),(431122,'东安县',431100,430000),(431123,'双牌县',431100,430000),(431124,'道县',431100,430000),(431125,'江永县',431100,430000),(431126,'宁远县',431100,430000),(431127,'蓝山县',431100,430000),(431128,'新田县',431100,430000),(431129,'江华瑶族自治县',431100,430000),(431201,'市辖区',431200,430000),(431202,'鹤城区',431200,430000),(431221,'中方县',431200,430000),(431222,'沅陵县',431200,430000),(431223,'辰溪县',431200,430000),(431224,'溆浦县',431200,430000),(431225,'会同县',431200,430000),(431226,'麻阳苗族自治县',431200,430000),(431227,'新晃侗族自治县',431200,430000),(431228,'芷江侗族自治县',431200,430000),(431229,'靖州苗族侗族自治县',431200,430000),(431230,'通道侗族自治县',431200,430000),(431281,'洪江市',431200,430000),(431301,'市辖区',431300,430000),(431302,'娄星区',431300,430000),(431321,'双峰县',431300,430000),(431322,'新化县',431300,430000),(431381,'冷水江市',431300,430000),(431382,'涟源市',431300,430000),(433101,'吉首市',433100,430000),(433122,'泸溪县',433100,430000),(433123,'凤凰县',433100,430000),(433124,'花垣县',433100,430000),(433125,'保靖县',433100,430000),(433126,'古丈县',433100,430000),(433127,'永顺县',433100,430000),(433130,'龙山县',433100,430000),(440101,'市辖区',440100,440000),(440103,'荔湾区',440100,440000),(440104,'越秀区',440100,440000),(440105,'海珠区',440100,440000),(440106,'天河区',440100,440000),(440111,'白云区',440100,440000),(440112,'黄埔区',440100,440000),(440113,'番禺区',440100,440000),(440114,'花都区',440100,440000),(440115,'南沙区',440100,440000),(440117,'从化区',440100,440000),(440118,'增城区',440100,440000),(440201,'市辖区',440200,440000),(440203,'武江区',440200,440000),(440204,'浈江区',440200,440000),(440205,'曲江区',440200,440000),(440222,'始兴县',440200,440000),(440224,'仁化县',440200,440000),(440229,'翁源县',440200,440000),(440232,'乳源瑶族自治县',440200,440000),(440233,'新丰县',440200,440000),(440281,'乐昌市',440200,440000),(440282,'南雄市',440200,440000),(440301,'市辖区',440300,440000),(440303,'罗湖区',440300,440000),(440304,'福田区',440300,440000),(440305,'南山区',440300,440000),(440306,'宝安区',440300,440000),(440307,'龙岗区',440300,440000),(440308,'盐田区',440300,440000),(440401,'市辖区',440400,440000),(440402,'香洲区',440400,440000),(440403,'斗门区',440400,440000),(440404,'金湾区',440400,440000),(440501,'市辖区',440500,440000),(440507,'龙湖区',440500,440000),(440511,'金平区',440500,440000),(440512,'濠江区',440500,440000),(440513,'潮阳区',440500,440000),(440514,'潮南区',440500,440000),(440515,'澄海区',440500,440000),(440523,'南澳县',440500,440000),(440601,'市辖区',440600,440000),(440604,'禅城区',440600,440000),(440605,'南海区',440600,440000),(440606,'顺德区',440600,440000),(440607,'三水区',440600,440000),(440608,'高明区',440600,440000),(440701,'市辖区',440700,440000),(440703,'蓬江区',440700,440000),(440704,'江海区',440700,440000),(440705,'新会区',440700,440000),(440781,'台山市',440700,440000),(440783,'开平市',440700,440000),(440784,'鹤山市',440700,440000),(440785,'恩平市',440700,440000),(440801,'市辖区',440800,440000),(440802,'赤坎区',440800,440000),(440803,'霞山区',440800,440000),(440804,'坡头区',440800,440000),(440811,'麻章区',440800,440000),(440823,'遂溪县',440800,440000),(440825,'徐闻县',440800,440000),(440881,'廉江市',440800,440000),(440882,'雷州市',440800,440000),(440883,'吴川市',440800,440000),(440901,'市辖区',440900,440000),(440902,'茂南区',440900,440000),(440904,'电白区',440900,440000),(440981,'高州市',440900,440000),(440982,'化州市',440900,440000),(440983,'信宜市',440900,440000),(441201,'市辖区',441200,440000),(441202,'端州区',441200,440000),(441203,'鼎湖区',441200,440000),(441204,'高要区',441200,440000),(441223,'广宁县',441200,440000),(441224,'怀集县',441200,440000),(441225,'封开县',441200,440000),(441226,'德庆县',441200,440000),(441284,'四会市',441200,440000),(441301,'市辖区',441300,440000),(441302,'惠城区',441300,440000),(441303,'惠阳区',441300,440000),(441322,'博罗县',441300,440000),(441323,'惠东县',441300,440000),(441324,'龙门县',441300,440000),(441401,'市辖区',441400,440000),(441402,'梅江区',441400,440000),(441403,'梅县区',441400,440000),(441422,'大埔县',441400,440000),(441423,'丰顺县',441400,440000),(441424,'五华县',441400,440000),(441426,'平远县',441400,440000),(441427,'蕉岭县',441400,440000),(441481,'兴宁市',441400,440000),(441501,'市辖区',441500,440000),(441502,'城区',441500,440000),(441521,'海丰县',441500,440000),(441523,'陆河县',441500,440000),(441581,'陆丰市',441500,440000),(441601,'市辖区',441600,440000),(441602,'源城区',441600,440000),(441621,'紫金县',441600,440000),(441622,'龙川县',441600,440000),(441623,'连平县',441600,440000),(441624,'和平县',441600,440000),(441625,'东源县',441600,440000),(441701,'市辖区',441700,440000),(441702,'江城区',441700,440000),(441704,'阳东区',441700,440000),(441721,'阳西县',441700,440000),(441781,'阳春市',441700,440000),(441801,'市辖区',441800,440000),(441802,'清城区',441800,440000),(441803,'清新区',441800,440000),(441821,'佛冈县',441800,440000),(441823,'阳山县',441800,440000),(441825,'连山壮族瑶族自治县',441800,440000),(441826,'连南瑶族自治县',441800,440000),(441881,'英德市',441800,440000),(441882,'连州市',441800,440000),(445101,'市辖区',445100,440000),(445102,'湘桥区',445100,440000),(445103,'潮安区',445100,440000),(445122,'饶平县',445100,440000),(445201,'市辖区',445200,440000),(445202,'榕城区',445200,440000),(445203,'揭东区',445200,440000),(445222,'揭西县',445200,440000),(445224,'惠来县',445200,440000),(445281,'普宁市',445200,440000),(445301,'市辖区',445300,440000),(445302,'云城区',445300,440000),(445303,'云安区',445300,440000),(445321,'新兴县',445300,440000),(445322,'郁南县',445300,440000),(445381,'罗定市',445300,440000),(450101,'市辖区',450100,450000),(450102,'兴宁区',450100,450000),(450103,'青秀区',450100,450000),(450105,'江南区',450100,450000),(450107,'西乡塘区',450100,450000),(450108,'良庆区',450100,450000),(450109,'邕宁区',450100,450000),(450110,'武鸣区',450100,450000),(450123,'隆安县',450100,450000),(450124,'马山县',450100,450000),(450125,'上林县',450100,450000),(450126,'宾阳县',450100,450000),(450127,'横县',450100,450000),(450201,'市辖区',450200,450000),(450202,'城中区',450200,450000),(450203,'鱼峰区',450200,450000),(450204,'柳南区',450200,450000),(450205,'柳北区',450200,450000),(450206,'柳江区',450200,450000),(450222,'柳城县',450200,450000),(450223,'鹿寨县',450200,450000),(450224,'融安县',450200,450000),(450225,'融水苗族自治县',450200,450000),(450226,'三江侗族自治县',450200,450000),(450301,'市辖区',450300,450000),(450302,'秀峰区',450300,450000),(450303,'叠彩区',450300,450000),(450304,'象山区',450300,450000),(450305,'七星区',450300,450000),(450311,'雁山区',450300,450000),(450312,'临桂区',450300,450000),(450321,'阳朔县',450300,450000),(450323,'灵川县',450300,450000),(450324,'全州县',450300,450000),(450325,'兴安县',450300,450000),(450326,'永福县',450300,450000),(450327,'灌阳县',450300,450000),(450328,'龙胜各族自治县',450300,450000),(450329,'资源县',450300,450000),(450330,'平乐县',450300,450000),(450331,'荔浦县',450300,450000),(450332,'恭城瑶族自治县',450300,450000),(450401,'市辖区',450400,450000),(450403,'万秀区',450400,450000),(450405,'长洲区',450400,450000),(450406,'龙圩区',450400,450000),(450421,'苍梧县',450400,450000),(450422,'藤县',450400,450000),(450423,'蒙山县',450400,450000),(450481,'岑溪市',450400,450000),(450501,'市辖区',450500,450000),(450502,'海城区',450500,450000),(450503,'银海区',450500,450000),(450512,'铁山港区',450500,450000),(450521,'合浦县',450500,450000),(450601,'市辖区',450600,450000),(450602,'港口区',450600,450000),(450603,'防城区',450600,450000),(450621,'上思县',450600,450000),(450681,'东兴市',450600,450000),(450701,'市辖区',450700,450000),(450702,'钦南区',450700,450000),(450703,'钦北区',450700,450000),(450721,'灵山县',450700,450000),(450722,'浦北县',450700,450000),(450801,'市辖区',450800,450000),(450802,'港北区',450800,450000),(450803,'港南区',450800,450000),(450804,'覃塘区',450800,450000),(450821,'平南县',450800,450000),(450881,'桂平市',450800,450000),(450901,'市辖区',450900,450000),(450902,'玉州区',450900,450000),(450903,'福绵区',450900,450000),(450921,'容县',450900,450000),(450922,'陆川县',450900,450000),(450923,'博白县',450900,450000),(450924,'兴业县',450900,450000),(450981,'北流市',450900,450000),(451001,'市辖区',451000,450000),(451002,'右江区',451000,450000),(451021,'田阳县',451000,450000),(451022,'田东县',451000,450000),(451023,'平果县',451000,450000),(451024,'德保县',451000,450000),(451026,'那坡县',451000,450000),(451027,'凌云县',451000,450000),(451028,'乐业县',451000,450000),(451029,'田林县',451000,450000),(451030,'西林县',451000,450000),(451031,'隆林各族自治县',451000,450000),(451081,'靖西市',451000,450000),(451101,'市辖区',451100,450000),(451102,'八步区',451100,450000),(451103,'平桂区',451100,450000),(451121,'昭平县',451100,450000),(451122,'钟山县',451100,450000),(451123,'富川瑶族自治县',451100,450000),(451201,'市辖区',451200,450000),(451202,'金城江区',451200,450000),(451221,'南丹县',451200,450000),(451222,'天峨县',451200,450000),(451223,'凤山县',451200,450000),(451224,'东兰县',451200,450000),(451225,'罗城仫佬族自治县',451200,450000),(451226,'环江毛南族自治县',451200,450000),(451227,'巴马瑶族自治县',451200,450000),(451228,'都安瑶族自治县',451200,450000),(451229,'大化瑶族自治县',451200,450000),(451281,'宜州市',451200,450000),(451301,'市辖区',451300,450000),(451302,'兴宾区',451300,450000),(451321,'忻城县',451300,450000),(451322,'象州县',451300,450000),(451323,'武宣县',451300,450000),(451324,'金秀瑶族自治县',451300,450000),(451381,'合山市',451300,450000),(451401,'市辖区',451400,450000),(451402,'江州区',451400,450000),(451421,'扶绥县',451400,450000),(451422,'宁明县',451400,450000),(451423,'龙州县',451400,450000),(451424,'大新县',451400,450000),(451425,'天等县',451400,450000),(451481,'凭祥市',451400,450000),(460101,'市辖区',460100,460000),(460105,'秀英区',460100,460000),(460106,'龙华区',460100,460000),(460107,'琼山区',460100,460000),(460108,'美兰区',460100,460000),(460201,'市辖区',460200,460000),(460202,'海棠区',460200,460000),(460203,'吉阳区',460200,460000),(460204,'天涯区',460200,460000),(460205,'崖州区',460200,460000),(469001,'五指山市',469000,460000),(469002,'琼海市',469000,460000),(469005,'文昌市',469000,460000),(469006,'万宁市',469000,460000),(469007,'东方市',469000,460000),(469021,'定安县',469000,460000),(469022,'屯昌县',469000,460000),(469023,'澄迈县',469000,460000),(469024,'临高县',469000,460000),(469025,'白沙黎族自治县',469000,460000),(469026,'昌江黎族自治县',469000,460000),(469027,'乐东黎族自治县',469000,460000),(469028,'陵水黎族自治县',469000,460000),(469029,'保亭黎族苗族自治县',469000,460000),(469030,'琼中黎族苗族自治县',469000,460000),(500101,'万州区',500100,500000),(500102,'涪陵区',500100,500000),(500103,'渝中区',500100,500000),(500104,'大渡口区',500100,500000),(500105,'江北区',500100,500000),(500106,'沙坪坝区',500100,500000),(500107,'九龙坡区',500100,500000),(500108,'南岸区',500100,500000),(500109,'北碚区',500100,500000),(500110,'綦江区',500100,500000),(500111,'大足区',500100,500000),(500112,'渝北区',500100,500000),(500113,'巴南区',500100,500000),(500114,'黔江区',500100,500000),(500115,'长寿区',500100,500000),(500116,'江津区',500100,500000),(500117,'合川区',500100,500000),(500118,'永川区',500100,500000),(500119,'南川区',500100,500000),(500120,'璧山区',500100,500000),(500151,'铜梁区',500100,500000),(500152,'潼南区',500100,500000),(500153,'荣昌区',500100,500000),(500154,'开州区',500100,500000),(500228,'梁平县',500200,500000),(500229,'城口县',500200,500000),(500230,'丰都县',500200,500000),(500231,'垫江县',500200,500000),(500232,'武隆县',500200,500000),(500233,'忠县',500200,500000),(500235,'云阳县',500200,500000),(500236,'奉节县',500200,500000),(500237,'巫山县',500200,500000),(500238,'巫溪县',500200,500000),(500240,'石柱土家族自治县',500200,500000),(500241,'秀山土家族苗族自治县',500200,500000),(500242,'酉阳土家族苗族自治县',500200,500000),(500243,'彭水苗族土家族自治县',500200,500000),(510101,'市辖区',510100,510000),(510104,'锦江区',510100,510000),(510105,'青羊区',510100,510000),(510106,'金牛区',510100,510000),(510107,'武侯区',510100,510000),(510108,'成华区',510100,510000),(510112,'龙泉驿区',510100,510000),(510113,'青白江区',510100,510000),(510114,'新都区',510100,510000),(510115,'温江区',510100,510000),(510116,'双流区',510100,510000),(510121,'金堂县',510100,510000),(510124,'郫县',510100,510000),(510129,'大邑县',510100,510000),(510131,'蒲江县',510100,510000),(510132,'新津县',510100,510000),(510181,'都江堰市',510100,510000),(510182,'彭州市',510100,510000),(510183,'邛崃市',510100,510000),(510184,'崇州市',510100,510000),(510185,'简阳市',510100,510000),(510301,'市辖区',510300,510000),(510302,'自流井区',510300,510000),(510303,'贡井区',510300,510000),(510304,'大安区',510300,510000),(510311,'沿滩区',510300,510000),(510321,'荣县',510300,510000),(510322,'富顺县',510300,510000),(510401,'市辖区',510400,510000),(510402,'东区',510400,510000),(510403,'西区',510400,510000),(510411,'仁和区',510400,510000),(510421,'米易县',510400,510000),(510422,'盐边县',510400,510000),(510501,'市辖区',510500,510000),(510502,'江阳区',510500,510000),(510503,'纳溪区',510500,510000),(510504,'龙马潭区',510500,510000),(510521,'泸县',510500,510000),(510522,'合江县',510500,510000),(510524,'叙永县',510500,510000),(510525,'古蔺县',510500,510000),(510601,'市辖区',510600,510000),(510603,'旌阳区',510600,510000),(510623,'中江县',510600,510000),(510626,'罗江县',510600,510000),(510681,'广汉市',510600,510000),(510682,'什邡市',510600,510000),(510683,'绵竹市',510600,510000),(510701,'市辖区',510700,510000),(510703,'涪城区',510700,510000),(510704,'游仙区',510700,510000),(510705,'安州区',510700,510000),(510722,'三台县',510700,510000),(510723,'盐亭县',510700,510000),(510725,'梓潼县',510700,510000),(510726,'北川羌族自治县',510700,510000),(510727,'平武县',510700,510000),(510781,'江油市',510700,510000),(510801,'市辖区',510800,510000),(510802,'利州区',510800,510000),(510811,'昭化区',510800,510000),(510812,'朝天区',510800,510000),(510821,'旺苍县',510800,510000),(510822,'青川县',510800,510000),(510823,'剑阁县',510800,510000),(510824,'苍溪县',510800,510000),(510901,'市辖区',510900,510000),(510903,'船山区',510900,510000),(510904,'安居区',510900,510000),(510921,'蓬溪县',510900,510000),(510922,'射洪县',510900,510000),(510923,'大英县',510900,510000),(511001,'市辖区',511000,510000),(511002,'市中区',511000,510000),(511011,'东兴区',511000,510000),(511024,'威远县',511000,510000),(511025,'资中县',511000,510000),(511028,'隆昌县',511000,510000),(511101,'市辖区',511100,510000),(511102,'市中区',511100,510000),(511111,'沙湾区',511100,510000),(511112,'五通桥区',511100,510000),(511113,'金口河区',511100,510000),(511123,'犍为县',511100,510000),(511124,'井研县',511100,510000),(511126,'夹江县',511100,510000),(511129,'沐川县',511100,510000),(511132,'峨边彝族自治县',511100,510000),(511133,'马边彝族自治县',511100,510000),(511181,'峨眉山市',511100,510000),(511301,'市辖区',511300,510000),(511302,'顺庆区',511300,510000),(511303,'高坪区',511300,510000),(511304,'嘉陵区',511300,510000),(511321,'南部县',511300,510000),(511322,'营山县',511300,510000),(511323,'蓬安县',511300,510000),(511324,'仪陇县',511300,510000),(511325,'西充县',511300,510000),(511381,'阆中市',511300,510000),(511401,'市辖区',511400,510000),(511402,'东坡区',511400,510000),(511403,'彭山区',511400,510000),(511421,'仁寿县',511400,510000),(511423,'洪雅县',511400,510000),(511424,'丹棱县',511400,510000),(511425,'青神县',511400,510000),(511501,'市辖区',511500,510000),(511502,'翠屏区',511500,510000),(511503,'南溪区',511500,510000),(511521,'宜宾县',511500,510000),(511523,'江安县',511500,510000),(511524,'长宁县',511500,510000),(511525,'高县',511500,510000),(511526,'珙县',511500,510000),(511527,'筠连县',511500,510000),(511528,'兴文县',511500,510000),(511529,'屏山县',511500,510000),(511601,'市辖区',511600,510000),(511602,'广安区',511600,510000),(511603,'前锋区',511600,510000),(511621,'岳池县',511600,510000),(511622,'武胜县',511600,510000),(511623,'邻水县',511600,510000),(511681,'华蓥市',511600,510000),(511701,'市辖区',511700,510000),(511702,'通川区',511700,510000),(511703,'达川区',511700,510000),(511722,'宣汉县',511700,510000),(511723,'开江县',511700,510000),(511724,'大竹县',511700,510000),(511725,'渠县',511700,510000),(511781,'万源市',511700,510000),(511801,'市辖区',511800,510000),(511802,'雨城区',511800,510000),(511803,'名山区',511800,510000),(511822,'荥经县',511800,510000),(511823,'汉源县',511800,510000),(511824,'石棉县',511800,510000),(511825,'天全县',511800,510000),(511826,'芦山县',511800,510000),(511827,'宝兴县',511800,510000),(511901,'市辖区',511900,510000),(511902,'巴州区',511900,510000),(511903,'恩阳区',511900,510000),(511921,'通江县',511900,510000),(511922,'南江县',511900,510000),(511923,'平昌县',511900,510000),(512001,'市辖区',512000,510000),(512002,'雁江区',512000,510000),(512021,'安岳县',512000,510000),(512022,'乐至县',512000,510000),(513201,'马尔康市',513200,510000),(513221,'汶川县',513200,510000),(513222,'理县',513200,510000),(513223,'茂县',513200,510000),(513224,'松潘县',513200,510000),(513225,'九寨沟县',513200,510000),(513226,'金川县',513200,510000),(513227,'小金县',513200,510000),(513228,'黑水县',513200,510000),(513230,'壤塘县',513200,510000),(513231,'阿坝县',513200,510000),(513232,'若尔盖县',513200,510000),(513233,'红原县',513200,510000),(513301,'康定市',513300,510000),(513322,'泸定县',513300,510000),(513323,'丹巴县',513300,510000),(513324,'九龙县',513300,510000),(513325,'雅江县',513300,510000),(513326,'道孚县',513300,510000),(513327,'炉霍县',513300,510000),(513328,'甘孜县',513300,510000),(513329,'新龙县',513300,510000),(513330,'德格县',513300,510000),(513331,'白玉县',513300,510000),(513332,'石渠县',513300,510000),(513333,'色达县',513300,510000),(513334,'理塘县',513300,510000),(513335,'巴塘县',513300,510000),(513336,'乡城县',513300,510000),(513337,'稻城县',513300,510000),(513338,'得荣县',513300,510000),(513401,'西昌市',513400,510000),(513422,'木里藏族自治县',513400,510000),(513423,'盐源县',513400,510000),(513424,'德昌县',513400,510000),(513425,'会理县',513400,510000),(513426,'会东县',513400,510000),(513427,'宁南县',513400,510000),(513428,'普格县',513400,510000),(513429,'布拖县',513400,510000),(513430,'金阳县',513400,510000),(513431,'昭觉县',513400,510000),(513432,'喜德县',513400,510000),(513433,'冕宁县',513400,510000),(513434,'越西县',513400,510000),(513435,'甘洛县',513400,510000),(513436,'美姑县',513400,510000),(513437,'雷波县',513400,510000),(520101,'市辖区',520100,520000),(520102,'南明区',520100,520000),(520103,'云岩区',520100,520000),(520111,'花溪区',520100,520000),(520112,'乌当区',520100,520000),(520113,'白云区',520100,520000),(520115,'观山湖区',520100,520000),(520121,'开阳县',520100,520000),(520122,'息烽县',520100,520000),(520123,'修文县',520100,520000),(520181,'清镇市',520100,520000),(520201,'钟山区',520200,520000),(520203,'六枝特区',520200,520000),(520221,'水城县',520200,520000),(520222,'盘县',520200,520000),(520301,'市辖区',520300,520000),(520302,'红花岗区',520300,520000),(520303,'汇川区',520300,520000),(520304,'播州区',520300,520000),(520322,'桐梓县',520300,520000),(520323,'绥阳县',520300,520000),(520324,'正安县',520300,520000),(520325,'道真仡佬族苗族自治县',520300,520000),(520326,'务川仡佬族苗族自治县',520300,520000),(520327,'凤冈县',520300,520000),(520328,'湄潭县',520300,520000),(520329,'余庆县',520300,520000),(520330,'习水县',520300,520000),(520381,'赤水市',520300,520000),(520382,'仁怀市',520300,520000),(520401,'市辖区',520400,520000),(520402,'西秀区',520400,520000),(520403,'平坝区',520400,520000),(520422,'普定县',520400,520000),(520423,'镇宁布依族苗族自治县',520400,520000),(520424,'关岭布依族苗族自治县',520400,520000),(520425,'紫云苗族布依族自治县',520400,520000),(520501,'市辖区',520500,520000),(520502,'七星关区',520500,520000),(520521,'大方县',520500,520000),(520522,'黔西县',520500,520000),(520523,'金沙县',520500,520000),(520524,'织金县',520500,520000),(520525,'纳雍县',520500,520000),(520526,'威宁彝族回族苗族自治县',520500,520000),(520527,'赫章县',520500,520000),(520601,'市辖区',520600,520000),(520602,'碧江区',520600,520000),(520603,'万山区',520600,520000),(520621,'江口县',520600,520000),(520622,'玉屏侗族自治县',520600,520000),(520623,'石阡县',520600,520000),(520624,'思南县',520600,520000),(520625,'印江土家族苗族自治县',520600,520000),(520626,'德江县',520600,520000),(520627,'沿河土家族自治县',520600,520000),(520628,'松桃苗族自治县',520600,520000),(522301,'兴义市',522300,520000),(522322,'兴仁县',522300,520000),(522323,'普安县',522300,520000),(522324,'晴隆县',522300,520000),(522325,'贞丰县',522300,520000),(522326,'望谟县',522300,520000),(522327,'册亨县',522300,520000),(522328,'安龙县',522300,520000),(522601,'凯里市',522600,520000),(522622,'黄平县',522600,520000),(522623,'施秉县',522600,520000),(522624,'三穗县',522600,520000),(522625,'镇远县',522600,520000),(522626,'岑巩县',522600,520000),(522627,'天柱县',522600,520000),(522628,'锦屏县',522600,520000),(522629,'剑河县',522600,520000),(522630,'台江县',522600,520000),(522631,'黎平县',522600,520000),(522632,'榕江县',522600,520000),(522633,'从江县',522600,520000),(522634,'雷山县',522600,520000),(522635,'麻江县',522600,520000),(522636,'丹寨县',522600,520000),(522701,'都匀市',522700,520000),(522702,'福泉市',522700,520000),(522722,'荔波县',522700,520000),(522723,'贵定县',522700,520000),(522725,'瓮安县',522700,520000),(522726,'独山县',522700,520000),(522727,'平塘县',522700,520000),(522728,'罗甸县',522700,520000),(522729,'长顺县',522700,520000),(522730,'龙里县',522700,520000),(522731,'惠水县',522700,520000),(522732,'三都水族自治县',522700,520000),(530101,'市辖区',530100,530000),(530102,'五华区',530100,530000),(530103,'盘龙区',530100,530000),(530111,'官渡区',530100,530000),(530112,'西山区',530100,530000),(530113,'东川区',530100,530000),(530114,'呈贡区',530100,530000),(530122,'晋宁县',530100,530000),(530124,'富民县',530100,530000),(530125,'宜良县',530100,530000),(530126,'石林彝族自治县',530100,530000),(530127,'嵩明县',530100,530000),(530128,'禄劝彝族苗族自治县',530100,530000),(530129,'寻甸回族彝族自治县',530100,530000),(530181,'安宁市',530100,530000),(530301,'市辖区',530300,530000),(530302,'麒麟区',530300,530000),(530303,'沾益区',530300,530000),(530321,'马龙县',530300,530000),(530322,'陆良县',530300,530000),(530323,'师宗县',530300,530000),(530324,'罗平县',530300,530000),(530325,'富源县',530300,530000),(530326,'会泽县',530300,530000),(530381,'宣威市',530300,530000),(530401,'市辖区',530400,530000),(530402,'红塔区',530400,530000),(530403,'江川区',530400,530000),(530422,'澄江县',530400,530000),(530423,'通海县',530400,530000),(530424,'华宁县',530400,530000),(530425,'易门县',530400,530000),(530426,'峨山彝族自治县',530400,530000),(530427,'新平彝族傣族自治县',530400,530000),(530428,'元江哈尼族彝族傣族自治县',530400,530000),(530501,'市辖区',530500,530000),(530502,'隆阳区',530500,530000),(530521,'施甸县',530500,530000),(530523,'龙陵县',530500,530000),(530524,'昌宁县',530500,530000),(530581,'腾冲市',530500,530000),(530601,'市辖区',530600,530000),(530602,'昭阳区',530600,530000),(530621,'鲁甸县',530600,530000),(530622,'巧家县',530600,530000),(530623,'盐津县',530600,530000),(530624,'大关县',530600,530000),(530625,'永善县',530600,530000),(530626,'绥江县',530600,530000),(530627,'镇雄县',530600,530000),(530628,'彝良县',530600,530000),(530629,'威信县',530600,530000),(530630,'水富县',530600,530000),(530701,'市辖区',530700,530000),(530702,'古城区',530700,530000),(530721,'玉龙纳西族自治县',530700,530000),(530722,'永胜县',530700,530000),(530723,'华坪县',530700,530000),(530724,'宁蒗彝族自治县',530700,530000),(530801,'市辖区',530800,530000),(530802,'思茅区',530800,530000),(530821,'宁洱哈尼族彝族自治县',530800,530000),(530822,'墨江哈尼族自治县',530800,530000),(530823,'景东彝族自治县',530800,530000),(530824,'景谷傣族彝族自治县',530800,530000),(530825,'镇沅彝族哈尼族拉祜族自治县',530800,530000),(530826,'江城哈尼族彝族自治县',530800,530000),(530827,'孟连傣族拉祜族佤族自治县',530800,530000),(530828,'澜沧拉祜族自治县',530800,530000),(530829,'西盟佤族自治县',530800,530000),(530901,'市辖区',530900,530000),(530902,'临翔区',530900,530000),(530921,'凤庆县',530900,530000),(530922,'云县',530900,530000),(530923,'永德县',530900,530000),(530924,'镇康县',530900,530000),(530925,'双江拉祜族佤族布朗族傣族自治县',530900,530000),(530926,'耿马傣族佤族自治县',530900,530000),(530927,'沧源佤族自治县',530900,530000),(532301,'楚雄市',532300,530000),(532322,'双柏县',532300,530000),(532323,'牟定县',532300,530000),(532324,'南华县',532300,530000),(532325,'姚安县',532300,530000),(532326,'大姚县',532300,530000),(532327,'永仁县',532300,530000),(532328,'元谋县',532300,530000),(532329,'武定县',532300,530000),(532331,'禄丰县',532300,530000),(532501,'个旧市',532500,530000),(532502,'开远市',532500,530000),(532503,'蒙自市',532500,530000),(532504,'弥勒市',532500,530000),(532523,'屏边苗族自治县',532500,530000),(532524,'建水县',532500,530000),(532525,'石屏县',532500,530000),(532527,'泸西县',532500,530000),(532528,'元阳县',532500,530000),(532529,'红河县',532500,530000),(532530,'金平苗族瑶族傣族自治县',532500,530000),(532531,'绿春县',532500,530000),(532532,'河口瑶族自治县',532500,530000),(532601,'文山市',532600,530000),(532622,'砚山县',532600,530000),(532623,'西畴县',532600,530000),(532624,'麻栗坡县',532600,530000),(532625,'马关县',532600,530000),(532626,'丘北县',532600,530000),(532627,'广南县',532600,530000),(532628,'富宁县',532600,530000),(532801,'景洪市',532800,530000),(532822,'勐海县',532800,530000),(532823,'勐腊县',532800,530000),(532901,'大理市',532900,530000),(532922,'漾濞彝族自治县',532900,530000),(532923,'祥云县',532900,530000),(532924,'宾川县',532900,530000),(532925,'弥渡县',532900,530000),(532926,'南涧彝族自治县',532900,530000),(532927,'巍山彝族回族自治县',532900,530000),(532928,'永平县',532900,530000),(532929,'云龙县',532900,530000),(532930,'洱源县',532900,530000),(532931,'剑川县',532900,530000),(532932,'鹤庆县',532900,530000),(533102,'瑞丽市',533100,530000),(533103,'芒市',533100,530000),(533122,'梁河县',533100,530000),(533123,'盈江县',533100,530000),(533124,'陇川县',533100,530000),(533301,'泸水市',533300,530000),(533323,'福贡县',533300,530000),(533324,'贡山独龙族怒族自治县',533300,530000),(533325,'兰坪白族普米族自治县',533300,530000),(533401,'香格里拉市',533400,530000),(533422,'德钦县',533400,530000),(533423,'维西傈僳族自治县',533400,530000),(540101,'市辖区',540100,540000),(540102,'城关区',540100,540000),(540103,'堆龙德庆区',540100,540000),(540121,'林周县',540100,540000),(540122,'当雄县',540100,540000),(540123,'尼木县',540100,540000),(540124,'曲水县',540100,540000),(540126,'达孜县',540100,540000),(540127,'墨竹工卡县',540100,540000),(540202,'桑珠孜区',540200,540000),(540221,'南木林县',540200,540000),(540222,'江孜县',540200,540000),(540223,'定日县',540200,540000),(540224,'萨迦县',540200,540000),(540225,'拉孜县',540200,540000),(540226,'昂仁县',540200,540000),(540227,'谢通门县',540200,540000),(540228,'白朗县',540200,540000),(540229,'仁布县',540200,540000),(540230,'康马县',540200,540000),(540231,'定结县',540200,540000),(540232,'仲巴县',540200,540000),(540233,'亚东县',540200,540000),(540234,'吉隆县',540200,540000),(540235,'聂拉木县',540200,540000),(540236,'萨嘎县',540200,540000),(540237,'岗巴县',540200,540000),(540302,'卡若区',540300,540000),(540321,'江达县',540300,540000),(540322,'贡觉县',540300,540000),(540323,'类乌齐县',540300,540000),(540324,'丁青县',540300,540000),(540325,'察雅县',540300,540000),(540326,'八宿县',540300,540000),(540327,'左贡县',540300,540000),(540328,'芒康县',540300,540000),(540329,'洛隆县',540300,540000),(540330,'边坝县',540300,540000),(540402,'巴宜区',540400,540000),(540421,'工布江达县',540400,540000),(540422,'米林县',540400,540000),(540423,'墨脱县',540400,540000),(540424,'波密县',540400,540000),(540425,'察隅县',540400,540000),(540426,'朗县',540400,540000),(540501,'市辖区',540500,540000),(540502,'乃东区',540500,540000),(540521,'扎囊县',540500,540000),(540522,'贡嘎县',540500,540000),(540523,'桑日县',540500,540000),(540524,'琼结县',540500,540000),(540525,'曲松县',540500,540000),(540526,'措美县',540500,540000),(540527,'洛扎县',540500,540000),(540528,'加查县',540500,540000),(540529,'隆子县',540500,540000),(540530,'错那县',540500,540000),(540531,'浪卡子县',540500,540000),(542421,'那曲县',542400,540000),(542422,'嘉黎县',542400,540000),(542423,'比如县',542400,540000),(542424,'聂荣县',542400,540000),(542425,'安多县',542400,540000),(542426,'申扎县',542400,540000),(542427,'索县',542400,540000),(542428,'班戈县',542400,540000),(542429,'巴青县',542400,540000),(542430,'尼玛县',542400,540000),(542431,'双湖县',542400,540000),(542521,'普兰县',542500,540000),(542522,'札达县',542500,540000),(542523,'噶尔县',542500,540000),(542524,'日土县',542500,540000),(542525,'革吉县',542500,540000),(542526,'改则县',542500,540000),(542527,'措勤县',542500,540000),(610101,'市辖区',610100,610000),(610102,'新城区',610100,610000),(610103,'碑林区',610100,610000),(610104,'莲湖区',610100,610000),(610111,'灞桥区',610100,610000),(610112,'未央区',610100,610000),(610113,'雁塔区',610100,610000),(610114,'阎良区',610100,610000),(610115,'临潼区',610100,610000),(610116,'长安区',610100,610000),(610117,'高陵区',610100,610000),(610122,'蓝田县',610100,610000),(610124,'周至县',610100,610000),(610125,'户县',610100,610000),(610201,'市辖区',610200,610000),(610202,'王益区',610200,610000),(610203,'印台区',610200,610000),(610204,'耀州区',610200,610000),(610222,'宜君县',610200,610000),(610301,'市辖区',610300,610000),(610302,'渭滨区',610300,610000),(610303,'金台区',610300,610000),(610304,'陈仓区',610300,610000),(610322,'凤翔县',610300,610000),(610323,'岐山县',610300,610000),(610324,'扶风县',610300,610000),(610326,'眉县',610300,610000),(610327,'陇县',610300,610000),(610328,'千阳县',610300,610000),(610329,'麟游县',610300,610000),(610330,'凤县',610300,610000),(610331,'太白县',610300,610000),(610401,'市辖区',610400,610000),(610402,'秦都区',610400,610000),(610403,'杨陵区',610400,610000),(610404,'渭城区',610400,610000),(610422,'三原县',610400,610000),(610423,'泾阳县',610400,610000),(610424,'乾县',610400,610000),(610425,'礼泉县',610400,610000),(610426,'永寿县',610400,610000),(610427,'彬县',610400,610000),(610428,'长武县',610400,610000),(610429,'旬邑县',610400,610000),(610430,'淳化县',610400,610000),(610431,'武功县',610400,610000),(610481,'兴平市',610400,610000),(610501,'市辖区',610500,610000),(610502,'临渭区',610500,610000),(610503,'华州区',610500,610000),(610522,'潼关县',610500,610000),(610523,'大荔县',610500,610000),(610524,'合阳县',610500,610000),(610525,'澄城县',610500,610000),(610526,'蒲城县',610500,610000),(610527,'白水县',610500,610000),(610528,'富平县',610500,610000),(610581,'韩城市',610500,610000),(610582,'华阴市',610500,610000),(610601,'市辖区',610600,610000),(610602,'宝塔区',610600,610000),(610603,'安塞区',610600,610000),(610621,'延长县',610600,610000),(610622,'延川县',610600,610000),(610623,'子长县',610600,610000),(610625,'志丹县',610600,610000),(610626,'吴起县',610600,610000),(610627,'甘泉县',610600,610000),(610628,'富县',610600,610000),(610629,'洛川县',610600,610000),(610630,'宜川县',610600,610000),(610631,'黄龙县',610600,610000),(610632,'黄陵县',610600,610000),(610701,'市辖区',610700,610000),(610702,'汉台区',610700,610000),(610721,'南郑县',610700,610000),(610722,'城固县',610700,610000),(610723,'洋县',610700,610000),(610724,'西乡县',610700,610000),(610725,'勉县',610700,610000),(610726,'宁强县',610700,610000),(610727,'略阳县',610700,610000),(610728,'镇巴县',610700,610000),(610729,'留坝县',610700,610000),(610730,'佛坪县',610700,610000),(610801,'市辖区',610800,610000),(610802,'榆阳区',610800,610000),(610803,'横山区',610800,610000),(610821,'神木县',610800,610000),(610822,'府谷县',610800,610000),(610824,'靖边县',610800,610000),(610825,'定边县',610800,610000),(610826,'绥德县',610800,610000),(610827,'米脂县',610800,610000),(610828,'佳县',610800,610000),(610829,'吴堡县',610800,610000),(610830,'清涧县',610800,610000),(610831,'子洲县',610800,610000),(610901,'市辖区',610900,610000),(610902,'汉滨区',610900,610000),(610921,'汉阴县',610900,610000),(610922,'石泉县',610900,610000),(610923,'宁陕县',610900,610000),(610924,'紫阳县',610900,610000),(610925,'岚皋县',610900,610000),(610926,'平利县',610900,610000),(610927,'镇坪县',610900,610000),(610928,'旬阳县',610900,610000),(610929,'白河县',610900,610000),(611001,'市辖区',611000,610000),(611002,'商州区',611000,610000),(611021,'洛南县',611000,610000),(611022,'丹凤县',611000,610000),(611023,'商南县',611000,610000),(611024,'山阳县',611000,610000),(611025,'镇安县',611000,610000),(611026,'柞水县',611000,610000),(620101,'市辖区',620100,620000),(620102,'城关区',620100,620000),(620103,'七里河区',620100,620000),(620104,'西固区',620100,620000),(620105,'安宁区',620100,620000),(620111,'红古区',620100,620000),(620121,'永登县',620100,620000),(620122,'皋兰县',620100,620000),(620123,'榆中县',620100,620000),(620201,'市辖区',620200,620000),(620301,'市辖区',620300,620000),(620302,'金川区',620300,620000),(620321,'永昌县',620300,620000),(620401,'市辖区',620400,620000),(620402,'白银区',620400,620000),(620403,'平川区',620400,620000),(620421,'靖远县',620400,620000),(620422,'会宁县',620400,620000),(620423,'景泰县',620400,620000),(620501,'市辖区',620500,620000),(620502,'秦州区',620500,620000),(620503,'麦积区',620500,620000),(620521,'清水县',620500,620000),(620522,'秦安县',620500,620000),(620523,'甘谷县',620500,620000),(620524,'武山县',620500,620000),(620525,'张家川回族自治县',620500,620000),(620601,'市辖区',620600,620000),(620602,'凉州区',620600,620000),(620621,'民勤县',620600,620000),(620622,'古浪县',620600,620000),(620623,'天祝藏族自治县',620600,620000),(620701,'市辖区',620700,620000),(620702,'甘州区',620700,620000),(620721,'肃南裕固族自治县',620700,620000),(620722,'民乐县',620700,620000),(620723,'临泽县',620700,620000),(620724,'高台县',620700,620000),(620725,'山丹县',620700,620000),(620801,'市辖区',620800,620000),(620802,'崆峒区',620800,620000),(620821,'泾川县',620800,620000),(620822,'灵台县',620800,620000),(620823,'崇信县',620800,620000),(620824,'华亭县',620800,620000),(620825,'庄浪县',620800,620000),(620826,'静宁县',620800,620000),(620901,'市辖区',620900,620000),(620902,'肃州区',620900,620000),(620921,'金塔县',620900,620000),(620922,'瓜州县',620900,620000),(620923,'肃北蒙古族自治县',620900,620000),(620924,'阿克塞哈萨克族自治县',620900,620000),(620981,'玉门市',620900,620000),(620982,'敦煌市',620900,620000),(621001,'市辖区',621000,620000),(621002,'西峰区',621000,620000),(621021,'庆城县',621000,620000),(621022,'环县',621000,620000),(621023,'华池县',621000,620000),(621024,'合水县',621000,620000),(621025,'正宁县',621000,620000),(621026,'宁县',621000,620000),(621027,'镇原县',621000,620000),(621101,'市辖区',621100,620000),(621102,'安定区',621100,620000),(621121,'通渭县',621100,620000),(621122,'陇西县',621100,620000),(621123,'渭源县',621100,620000),(621124,'临洮县',621100,620000),(621125,'漳县',621100,620000),(621126,'岷县',621100,620000),(621201,'市辖区',621200,620000),(621202,'武都区',621200,620000),(621221,'成县',621200,620000),(621222,'文县',621200,620000),(621223,'宕昌县',621200,620000),(621224,'康县',621200,620000),(621225,'西和县',621200,620000),(621226,'礼县',621200,620000),(621227,'徽县',621200,620000),(621228,'两当县',621200,620000),(622901,'临夏市',622900,620000),(622921,'临夏县',622900,620000),(622922,'康乐县',622900,620000),(622923,'永靖县',622900,620000),(622924,'广河县',622900,620000),(622925,'和政县',622900,620000),(622926,'东乡族自治县',622900,620000),(622927,'积石山保安族东乡族撒拉族自治县',622900,620000),(623001,'合作市',623000,620000),(623021,'临潭县',623000,620000),(623022,'卓尼县',623000,620000),(623023,'舟曲县',623000,620000),(623024,'迭部县',623000,620000),(623025,'玛曲县',623000,620000),(623026,'碌曲县',623000,620000),(623027,'夏河县',623000,620000),(630101,'市辖区',630100,630000),(630102,'城东区',630100,630000),(630103,'城中区',630100,630000),(630104,'城西区',630100,630000),(630105,'城北区',630100,630000),(630121,'大通回族土族自治县',630100,630000),(630122,'湟中县',630100,630000),(630123,'湟源县',630100,630000),(630202,'乐都区',630200,630000),(630203,'平安区',630200,630000),(630222,'民和回族土族自治县',630200,630000),(630223,'互助土族自治县',630200,630000),(630224,'化隆回族自治县',630200,630000),(630225,'循化撒拉族自治县',630200,630000),(632221,'门源回族自治县',632200,630000),(632222,'祁连县',632200,630000),(632223,'海晏县',632200,630000),(632224,'刚察县',632200,630000),(632321,'同仁县',632300,630000),(632322,'尖扎县',632300,630000),(632323,'泽库县',632300,630000),(632324,'河南蒙古族自治县',632300,630000),(632521,'共和县',632500,630000),(632522,'同德县',632500,630000),(632523,'贵德县',632500,630000),(632524,'兴海县',632500,630000),(632525,'贵南县',632500,630000),(632621,'玛沁县',632600,630000),(632622,'班玛县',632600,630000),(632623,'甘德县',632600,630000),(632624,'达日县',632600,630000),(632625,'久治县',632600,630000),(632626,'玛多县',632600,630000),(632701,'玉树市',632700,630000),(632722,'杂多县',632700,630000),(632723,'称多县',632700,630000),(632724,'治多县',632700,630000),(632725,'囊谦县',632700,630000),(632726,'曲麻莱县',632700,630000),(632801,'格尔木市',632800,630000),(632802,'德令哈市',632800,630000),(632821,'乌兰县',632800,630000),(632822,'都兰县',632800,630000),(632823,'天峻县',632800,630000),(640101,'市辖区',640100,640000),(640104,'兴庆区',640100,640000),(640105,'西夏区',640100,640000),(640106,'金凤区',640100,640000),(640121,'永宁县',640100,640000),(640122,'贺兰县',640100,640000),(640181,'灵武市',640100,640000),(640201,'市辖区',640200,640000),(640202,'大武口区',640200,640000),(640205,'惠农区',640200,640000),(640221,'平罗县',640200,640000),(640301,'市辖区',640300,640000),(640302,'利通区',640300,640000),(640303,'红寺堡区',640300,640000),(640323,'盐池县',640300,640000),(640324,'同心县',640300,640000),(640381,'青铜峡市',640300,640000),(640401,'市辖区',640400,640000),(640402,'原州区',640400,640000),(640422,'西吉县',640400,640000),(640423,'隆德县',640400,640000),(640424,'泾源县',640400,640000),(640425,'彭阳县',640400,640000),(640501,'市辖区',640500,640000),(640502,'沙坡头区',640500,640000),(640521,'中宁县',640500,640000),(640522,'海原县',640500,640000),(650101,'市辖区',650100,650000),(650102,'天山区',650100,650000),(650103,'沙依巴克区',650100,650000),(650104,'新市区',650100,650000),(650105,'水磨沟区',650100,650000),(650106,'头屯河区',650100,650000),(650107,'达坂城区',650100,650000),(650109,'米东区',650100,650000),(650121,'乌鲁木齐县',650100,650000),(650201,'市辖区',650200,650000),(650202,'独山子区',650200,650000),(650203,'克拉玛依区',650200,650000),(650204,'白碱滩区',650200,650000),(650205,'乌尔禾区',650200,650000),(650402,'高昌区',650400,650000),(650421,'鄯善县',650400,650000),(650422,'托克逊县',650400,650000),(650502,'伊州区',650500,650000),(650521,'巴里坤哈萨克自治县',650500,650000),(650522,'伊吾县',650500,650000),(652301,'昌吉市',652300,650000),(652302,'阜康市',652300,650000),(652323,'呼图壁县',652300,650000),(652324,'玛纳斯县',652300,650000),(652325,'奇台县',652300,650000),(652327,'吉木萨尔县',652300,650000),(652328,'木垒哈萨克自治县',652300,650000),(652701,'博乐市',652700,650000),(652702,'阿拉山口市',652700,650000),(652722,'精河县',652700,650000),(652723,'温泉县',652700,650000),(652801,'库尔勒市',652800,650000),(652822,'轮台县',652800,650000),(652823,'尉犁县',652800,650000),(652824,'若羌县',652800,650000),(652825,'且末县',652800,650000),(652826,'焉耆回族自治县',652800,650000),(652827,'和静县',652800,650000),(652828,'和硕县',652800,650000),(652829,'博湖县',652800,650000),(652901,'阿克苏市',652900,650000),(652922,'温宿县',652900,650000),(652923,'库车县',652900,650000),(652924,'沙雅县',652900,650000),(652925,'新和县',652900,650000),(652926,'拜城县',652900,650000),(652927,'乌什县',652900,650000),(652928,'阿瓦提县',652900,650000),(652929,'柯坪县',652900,650000),(653001,'阿图什市',653000,650000),(653022,'阿克陶县',653000,650000),(653023,'阿合奇县',653000,650000),(653024,'乌恰县',653000,650000),(653101,'喀什市',653100,650000),(653121,'疏附县',653100,650000),(653122,'疏勒县',653100,650000),(653123,'英吉沙县',653100,650000),(653124,'泽普县',653100,650000),(653125,'莎车县',653100,650000),(653126,'叶城县',653100,650000),(653127,'麦盖提县',653100,650000),(653128,'岳普湖县',653100,650000),(653129,'伽师县',653100,650000),(653130,'巴楚县',653100,650000),(653131,'塔什库尔干塔吉克自治县',653100,650000),(653201,'和田市',653200,650000),(653221,'和田县',653200,650000),(653222,'墨玉县',653200,650000),(653223,'皮山县',653200,650000),(653224,'洛浦县',653200,650000),(653225,'策勒县',653200,650000),(653226,'于田县',653200,650000),(653227,'民丰县',653200,650000),(654002,'伊宁市',654000,650000),(654003,'奎屯市',654000,650000),(654004,'霍尔果斯市',654000,650000),(654021,'伊宁县',654000,650000),(654022,'察布查尔锡伯自治县',654000,650000),(654023,'霍城县',654000,650000),(654024,'巩留县',654000,650000),(654025,'新源县',654000,650000),(654026,'昭苏县',654000,650000),(654027,'特克斯县',654000,650000),(654028,'尼勒克县',654000,650000),(654201,'塔城市',654200,650000),(654202,'乌苏市',654200,650000),(654221,'额敏县',654200,650000),(654223,'沙湾县',654200,650000),(654224,'托里县',654200,650000),(654225,'裕民县',654200,650000),(654226,'和布克赛尔蒙古自治县',654200,650000),(654301,'阿勒泰市',654300,650000),(654321,'布尔津县',654300,650000),(654322,'富蕴县',654300,650000),(654323,'福海县',654300,650000),(654324,'哈巴河县',654300,650000),(654325,'青河县',654300,650000),(654326,'吉木乃县',654300,650000),(659001,'石河子市',659000,650000),(659002,'阿拉尔市',659000,650000),(659003,'图木舒克市',659000,650000),(659004,'五家渠市',659000,650000),(659006,'铁门关市',659000,650000);
/*!40000 ALTER TABLE `dim_county` ENABLE KEYS */;
UNLOCK TABLES;

--
-- Table structure for table `dim_province`
--

DROP TABLE IF EXISTS `dim_province`;
/*!40101 SET @saved_cs_client     = @@character_set_client */;
/*!50503 SET character_set_client = utf8mb4 */;
CREATE TABLE `dim_province` (
  `province_code` int(11) NOT NULL COMMENT '省份编码',
  `province_name` varchar(50) CHARACTER SET utf8 DEFAULT NULL COMMENT '省份名称',
  PRIMARY KEY (`province_code`) USING BTREE
) ENGINE=InnoDB DEFAULT CHARSET=utf8mb4 ROW_FORMAT=COMPACT COMMENT='省份';
/*!40101 SET character_set_client = @saved_cs_client */;

--
-- Dumping data for table `dim_province`
--

LOCK TABLES `dim_province` WRITE;
/*!40000 ALTER TABLE `dim_province` DISABLE KEYS */;
INSERT INTO `dim_province` VALUES (110000,'北京市'),(120000,'天津市'),(130000,'河北省'),(140000,'山西省'),(150000,'内蒙古自治区'),(210000,'辽宁省'),(220000,'吉林省'),(230000,'黑龙江省'),(310000,'上海市'),(320000,'江苏省'),(330000,'浙江省'),(340000,'安徽省'),(350000,'福建省'),(360000,'江西省'),(370000,'山东省'),(410000,'河南省'),(420000,'湖北省'),(430000,'湖南省'),(440000,'广东省'),(450000,'广西壮族自治区'),(460000,'海南省'),(500000,'重庆市'),(510000,'四川省'),(520000,'贵州'),(530000,'云南省'),(540000,'西藏自治区'),(610000,'陕西省'),(620000,'甘肃省'),(630000,'青海省'),(640000,'宁夏回族自治区'),(650000,'新疆维吾尔自治区');
/*!40000 ALTER TABLE `dim_province` ENABLE KEYS */;
UNLOCK TABLES;

--
-- Table structure for table `feed_back_info`
--

DROP TABLE IF EXISTS `feed_back_info`;
/*!40101 SET @saved_cs_client     = @@character_set_client */;
/*!50503 SET character_set_client = utf8mb4 */;
CREATE TABLE `feed_back_info` (
  `id` int(10) unsigned NOT NULL AUTO_INCREMENT COMMENT 'id',
  `type` tinyint(4) DEFAULT '0' COMMENT '类型(0-建议1-投诉2-鼓励)',
  `content` varchar(255) DEFAULT NULL COMMENT '内容',
  `del_flag` tinyint(4) DEFAULT '0' COMMENT '删除状态（0--未删除1--已删除）',
  `create_user` int(11) DEFAULT '0' COMMENT '创建者',
  `create_time` datetime DEFAULT CURRENT_TIMESTAMP COMMENT '创建时间',
  `update_user` int(11) DEFAULT '0' COMMENT '更新人',
  `update_time` datetime DEFAULT CURRENT_TIMESTAMP ON UPDATE CURRENT_TIMESTAMP COMMENT '更新时间',
  PRIMARY KEY (`id`) USING BTREE
) ENGINE=InnoDB AUTO_INCREMENT=6 DEFAULT CHARSET=utf8mb4 ROW_FORMAT=COMPACT;
/*!40101 SET character_set_client = @saved_cs_client */;

--
-- Dumping data for table `feed_back_info`
--

LOCK TABLES `feed_back_info` WRITE;
/*!40000 ALTER TABLE `feed_back_info` DISABLE KEYS */;
INSERT INTO `feed_back_info` VALUES (1,1,'sdsadsadsadwqewqead',0,1,'2020-09-29 16:10:52',0,'2020-09-29 16:10:52'),(2,2,'Good job !!',0,1,'2020-09-29 17:39:27',0,'2020-09-29 17:39:27'),(3,1,'因为开发者爱上了别的女人 所以影响了我的心情',0,1,'2020-09-30 15:21:21',0,'2020-09-30 15:21:21'),(4,1,'开发者因为我刚刚说他爱上别的女人 所以凶我 让我重新写一个',0,8,'2020-09-30 15:25:11',0,'2020-09-30 15:25:11'),(5,1,'开发进度怎么一直迟缓',0,1,'2020-10-03 21:10:32',0,'2020-10-03 21:10:32');
/*!40000 ALTER TABLE `feed_back_info` ENABLE KEYS */;
UNLOCK TABLES;

--
-- Table structure for table `letter`
--

DROP TABLE IF EXISTS `letter`;
/*!40101 SET @saved_cs_client     = @@character_set_client */;
/*!50503 SET character_set_client = utf8mb4 */;
CREATE TABLE `letter` (
  `id` varchar(255) NOT NULL COMMENT 'Id主键',
  `stamp_url` varchar(255) DEFAULT NULL COMMENT '邮票图片路径',
  `open_id` varchar(255) DEFAULT NULL COMMENT '发布用户openid',
  `content` varchar(255) DEFAULT NULL COMMENT '详细内容',
  `state` int(11) DEFAULT NULL COMMENT '状态 ： 0 暂存 1发布 2 删除',
  `pen_name` varchar(255) DEFAULT NULL COMMENT '笔名',
  `tap_ids` varchar(255) DEFAULT NULL COMMENT '标签id集合',
  `release_time` datetime DEFAULT CURRENT_TIMESTAMP ON UPDATE CURRENT_TIMESTAMP COMMENT '发布时间',
  PRIMARY KEY (`id`) USING BTREE
) ENGINE=InnoDB DEFAULT CHARSET=utf8mb4 ROW_FORMAT=DYNAMIC;
/*!40101 SET character_set_client = @saved_cs_client */;

--
-- Dumping data for table `letter`
--

LOCK TABLES `letter` WRITE;
/*!40000 ALTER TABLE `letter` DISABLE KEYS */;
INSERT INTO `letter` VALUES ('00a033f0-1397-4f8a-b325-854f80b3c2a7','https://yundingxikj.oss-cn-beijing.aliyuncs.com/LetterStation/mm.png','oUGur5NNZZHTZqOLpCe30pYAMC_s','朋友的不好要不要说？\n敌人的好要不要学？\n以正确的方法得到错误的结果，这是一件好事还是坏事？\n以错误的方法得到正确的结果呢？\n',1,'陆沉','社交','2021-07-10 16:31:55'),('0bd526d0-4e4c-4ffb-9b3a-3fa64e9bc864','https://yundingxikj.oss-cn-beijing.aliyuncs.com/LetterStation/mm.png','oUGur5GBjDC1B3z-brhlM9rL3Gnc','最近家里总是想让我考研，但是知道身边很多的学长学姐都没考上，我感觉自己也不一定行啊，我该怎么办？\n我不想去考，但是自己的本科学历确实太低了，不知道如何是好啊，哎。难受啊? ',1,'消失的胡辣汤','校园,家庭','2021-10-11 08:48:06'),('59365d7c-50be-46a8-8165-9f9e56779ab2','https://yundingxikj.oss-cn-beijing.aliyuncs.com/LetterStation/tz.png','oUGur5H4WeCTD-AqX3HN_UsgC6l4','我觉得大学考证书时间都赶到一块但我静不心来去学习\n\n现在开始准备专升本还有教师资格证\n\n但我想趁暑假和男朋友出去玩\n\n因为出去玩这个事情我们在不断发生争执\n\n他认为专升本因为好好学习\n\n考完试之后再去玩而我想趁暑假出去最后\n玩一次为此产生了争执。最近也实习完了\n\n还有最后一年就要毕业我怕到时候证书拿不下来\n看到我妈妈对我失望的眼神\n\n有点抑郁但谁也不敢说希望你\n\n们可以提点建议帮我走出我的低谷期可以让我静下心来去学习',1,'飞翔的土拨鼠','校园','2021-07-10 10:53:54'),('6582dcd6-e8a0-44ee-a024-e6a95f9fc33c','https://yundingxikj.oss-cn-beijing.aliyuncs.com/LetterStation/stamp-4-4.png','oUGur5GBjDC1B3z-brhlM9rL3Gnc','说真的，今天感觉非常的棒，虽然我们整个团队遇到非常多的困难，但是只要我们团结在一起，共同去完成我们碰到的挫折与苦难，我相信我们在未来一定会收获不一样的自我。\n这一路走来我们经历了无数个风风雨雨无数个日日夜夜，这其中有苦有甜，我很享受这个过程可能有时候会因为现实去感到迷茫。\n但是每当想想我们共同努力的那些日子，我就会觉得非常有干劲。\n',1,'人生哪有平坦路','情感,莫名,校园','2021-07-11 10:06:57'),('76c15713-384f-49a8-8d65-928070c17165','https://yundingxikj.oss-cn-beijing.aliyuncs.com/LetterStation/stamp-4-4.png','oUGur5GBjDC1B3z-brhlM9rL3Gnc','最近总是被父母催促着考研，但是我真的对考研没有兴趣，我喜欢编程，喜欢去摸索代码的世界，不想刷题，不想又在一股脑的像以前一样刷题，我喜欢编程，也喜欢去设计一些我喜欢的软件，但是家里的人都希望我去考研，认为只有考研才可以有出路。。\n我感到很迷茫，我并不想伤了他们的心，但也不想做自己不喜欢的事。我知道考研可以让我进到更好的公司，但是万一考了几次没考上呢？我真的不知道该怎么办了',1,'考研还是工作','情感,社交,莫名','2021-07-11 22:08:46'),('770b95e6-6a23-41a1-909c-97137936424e','https://yundingxikj.oss-cn-beijing.aliyuncs.com/LetterStation/mm.png','oUGur5GBjDC1B3z-brhlM9rL3Gnc','hi!感谢你看到这封信\n我是一个话很多的人，会考虑分寸感但是分人。以至于我犯了很大的错误。和外人保持很好但是和家人不行。我的妈妈因为钱和奶奶姑姑她们总和我爸吵。我妈是较真的性格，就别人无心跟她说了那别人就得办到那种，而且会一直揪着这件事。之前我在上高中的时候我们家买房子，奶奶给多搭了10万就说当我上学的学费了。后来也就前两天我妈和我念叨来着，当时没听回事，后来我奶又应什么给买电脑什么的，我妈就记下来了。',1,'惆怅的兰花','情感,家庭,莫名','2021-07-10 14:29:26'),('8c26d613-e5f7-4f58-b811-e5ebcde8cc11','https://yundingxikj.oss-cn-beijing.aliyuncs.com/LetterStation/mm.png','oUGur5GBjDC1B3z-brhlM9rL3Gnc','熬在感情里我只会逃避，像只见不得光的小老鼠，别人一把光捧给我，我就吱吱吱的手忙脚乱逃回我的下水道了，我害怕。正是因为这样，我总是让人难过。\n“感觉生活很难的时候也有，但每吃到好吃的食物，听到喜欢的音乐，看到温柔的日落，跟好朋友见面，就又会推翻之前的想法，想打起精神好好热爱生活。所以你看啊，生活为我们准备了大剂量的快乐等待提取，感觉不到快乐的时候，可能是我们把重心放错了地方。”可我的生活浓缩成一个字“熬”',4,'熬','校园,情感,社交','2021-07-14 21:00:41'),('8c3c53b2-9059-4560-bce3-f279b9a26785','https://yundingxikj.oss-cn-beijing.aliyuncs.com/LetterStation/mm.png','oUGur5GBjDC1B3z-brhlM9rL3Gnc','熬在感情里我只会逃避，像只见不得光的小老鼠，别人一把光捧给我，我就吱吱吱的手忙脚乱逃回我的下水道了，我害怕。正是因为这样，我总是让人难过。',4,'周一的蚂蚁','家庭,疾病','2021-07-10 10:38:27'),('b943dd24-3f39-461d-a307-d56d4fe2ea4b','https://yundingxikj.oss-cn-beijing.aliyuncs.com/LetterStation/mm.png','oUGur5KjanWCd5L_DRAAWL-BJgRU','才有趣包括你姐夫杜康酒换个小号经常看到会计初级MX老是加班带教老师科学家卒吃快餐就是你们核磁材料成本是',1,'难过的豆腐','校园','2021-07-15 19:14:53'),('c9862582-0969-47f3-b3bf-2d5cbf0e8af2','https://yundingxikj.oss-cn-beijing.aliyuncs.com/LetterStation/ss.png','oUGur5KjanWCd5L_DRAAWL-BJgRU','SHODLNDBJZOKWNXNJFNFNKCN手机上了都不像你开始看',1,'漫步的巴比龙','校园','2021-07-15 19:14:24'),('cbbfd506-95c5-4710-bfee-7654fa3af242','https://yundingxikj.oss-cn-beijing.aliyuncs.com/LetterStation/kj.png','oUGur5GBjDC1B3z-brhlM9rL3Gnc','忧愁从中，面对喜欢的女孩，真的不希望把天聊死，但是聊天又是一项必备的技能，不然总是把天聊死，那还如何去追求',1,'盛夏的剩下','情感','2021-09-14 07:59:26'),('d5e5eb87-917d-4c1e-893d-0febb9ecf208','https://yundingxikj.oss-cn-beijing.aliyuncs.com/LetterStation/mm.png','oUGur5D0SeaeE-90CEkRZega20qg','嘎嘎嘎没有什么忧愁的我这个要多写几句真的很烦很烦哦多写一点干什么，我真的不想再多些一点了',1,'无可奉告','社交','2021-07-17 14:41:00'),('d9b64864-183b-415d-b726-f99c67af36fb','https://yundingxikj.oss-cn-beijing.aliyuncs.com/LetterStation/stamp-4-5.png','oUGur5GBjDC1B3z-brhlM9rL3Gnc','时间流逝，转眼，我都已经20岁了，人生经过了太多的挫折，当然可能以后看的话，我认为这应该算不上什么挫折？\n但有时确实有很多的不尽人意，家庭矛盾，工作烦恼，这些东西都快把我压扁了！\n真的很希望有人可以来帮帮我，但是有些朋友真的不是那么真心，遇到大难就逃跑了，还有些亲戚吧，也挺假的',1,'难过人生','家庭,情感','2021-07-13 11:37:42'),('e35b996c-0082-42c5-80a4-bb9c6c20a804','https://yundingxikj.oss-cn-beijing.aliyuncs.com/LetterStation/kj.png','oUGur5NFcTHkjrPDDnRpSEGDVX5s','1.需要责任心\n热爱学生，热爱这个行业\n2.想从事这个教师职业 将自己所学教育他人\n3.专业知识需要达到要求\n学历达到要求\n调整自己的心态 \n规范自己的语言，行为\n4.发展机会很多，学历提升\n职位提升\n5.反思自己，学生介绍方面\n6.对于物质方面，教师方面 教师有奉献精神\n7.工资低 高危 :对于公司方面\n高危对于社会发展迅速方面(计算机)\n8.大学计算机专业”',1,'酒醉的蝴蝶','莫名','2021-07-10 10:27:19');
/*!40000 ALTER TABLE `letter` ENABLE KEYS */;
UNLOCK TABLES;

--
-- Table structure for table `letter_tap`
--

DROP TABLE IF EXISTS `letter_tap`;
/*!40101 SET @saved_cs_client     = @@character_set_client */;
/*!50503 SET character_set_client = utf8mb4 */;
CREATE TABLE `letter_tap` (
  `id` varchar(255) CHARACTER SET utf8mb4 NOT NULL COMMENT '信的标签主键',
  `name` varchar(255) DEFAULT NULL COMMENT '标签名',
  `count` bigint(20) DEFAULT NULL COMMENT '标签使用数量',
  PRIMARY KEY (`id`) USING BTREE
) ENGINE=InnoDB DEFAULT CHARSET=utf8 ROW_FORMAT=DYNAMIC;
/*!40101 SET character_set_client = @saved_cs_client */;

--
-- Dumping data for table `letter_tap`
--

LOCK TABLES `letter_tap` WRITE;
/*!40000 ALTER TABLE `letter_tap` DISABLE KEYS */;
/*!40000 ALTER TABLE `letter_tap` ENABLE KEYS */;
UNLOCK TABLES;

--
-- Table structure for table `news_info`
--

DROP TABLE IF EXISTS `news_info`;
/*!40101 SET @saved_cs_client     = @@character_set_client */;
/*!50503 SET character_set_client = utf8mb4 */;
CREATE TABLE `news_info` (
  `id` int(11) unsigned NOT NULL AUTO_INCREMENT COMMENT 'id',
  `type` tinyint(4) DEFAULT '0' COMMENT '类型(字典表news_type)',
  `cover` varchar(255) DEFAULT NULL COMMENT '封面图',
  `title` varchar(255) DEFAULT NULL COMMENT '标题',
  `content` text COMMENT '内容',
  `sort` int(8) DEFAULT '0' COMMENT '顺序（越小越靠前）',
  `del_flag` tinyint(4) DEFAULT '0' COMMENT '删除状态（0--未删除1--已删除）',
  `create_user` int(11) DEFAULT '0' COMMENT '创建者',
  `create_time` datetime DEFAULT CURRENT_TIMESTAMP COMMENT '创建时间',
  `update_user` int(11) DEFAULT '0' COMMENT '更新人',
  `update_time` datetime DEFAULT CURRENT_TIMESTAMP ON UPDATE CURRENT_TIMESTAMP COMMENT '更新时间',
  PRIMARY KEY (`id`) USING BTREE
) ENGINE=InnoDB AUTO_INCREMENT=7 DEFAULT CHARSET=utf8mb4 ROW_FORMAT=COMPACT;
/*!40101 SET character_set_client = @saved_cs_client */;

--
-- Dumping data for table `news_info`
--

LOCK TABLES `news_info` WRITE;
/*!40000 ALTER TABLE `news_info` DISABLE KEYS */;
INSERT INTO `news_info` VALUES (1,0,'http://47.107.233.154:9000/sbm/news_info/20200930/c24547cf-4440-4346-abd5-fa1dc2812bed.jpg','毛不易出道三周年致力原创,多首歌曲均成经典','<p><strong>毛不易出道三周年致力原创,多首歌曲均成经典</strong><br></p><p>　　九月,毛不易全原创线上演唱会和明日家族演唱会接连举办,像是为这个夏天画上了圆满的句号,也让大家再次感受到毛不易的舞台魅力。线上演唱会两个多小时的时间,观众不仅感受到了沉浸式的舞美、颇有故事感的歌声,还免费听到了“毛式”脱口秀!举办了全原创演唱会,拥有两张大爆的原创音乐专辑,获得了无数的音乐奖项,众多的实绩让人几乎忘了毛不易还仅仅是出道三年的“歌坛新人”。作为年轻一代最出色的原创音乐唱作人之一,毛不易确是无比亮眼的存在。</p><p style=\"text-align: center;\"><img _src=\"http://news.yule.com.cn/uploadfile/2020/0929/20200929052202659.jpg\" alt=\"1544_32fe632fb5740e71fa12437f38a2da3a.jpg\" src=\"http://news.yule.com.cn/uploadfile/2020/0929/20200929052202659.jpg\" data-bd-imgshare-binded=\"1\"></p><p>　　<strong>线上演唱会舞美惊艳,原创歌曲广受赞扬</strong></p><p>　　毛不易此次线上演唱会,舞美和歌曲的相得益彰是一大看点。</p><p>　　一曲《小王》,绿色的灯光洒下,制造出时空隧道的既视感,毛不易站在中央,长长的影子拉成线,正贴合现在的“小王”穿越时空和过去的“小王”对话的歌曲内核;《呓语》是和歌曲相契合的梦境挣扎,红衣舞者拼命地奔跑喘息,与身边人无法预测结局的交手,画面与歌声一起直击人心;《等》用困在玻璃盒子里的一鸟一鱼来代表远远相望却无法靠近的两个人,正如歌词唱的那样,“光阴将你我催白了头发”等来等去,却未能等到“他来接你回家”……</p><p style=\"text-align: center;\"><img _src=\"http://news.yule.com.cn/uploadfile/2020/0929/20200929052203162.jpg\" alt=\"1544_ff552f904195669aece3c44ef96e7042.jpg\" src=\"http://news.yule.com.cn/uploadfile/2020/0929/20200929052203162.jpg\" data-bd-imgshare-binded=\"1\"></p><p style=\"text-align: center;\"><img _src=\"http://news.yule.com.cn/uploadfile/2020/0929/20200929052203808.jpg\" alt=\"1544_005b7b655a6364b802eafc63f97e7c83.jpg\" src=\"http://news.yule.com.cn/uploadfile/2020/0929/20200929052203808.jpg\" data-bd-imgshare-binded=\"1\"></p><p style=\"text-align: center;\"><img _src=\"http://news.yule.com.cn/uploadfile/2020/0929/20200929052203488.jpg\" alt=\"1544_0c30e448a12d925aa83a66d6c8b6df93.jpg\" src=\"http://news.yule.com.cn/uploadfile/2020/0929/20200929052203488.jpg\" data-bd-imgshare-binded=\"1\"></p><p>　　也正是毛不易的原创歌曲一词一句皆有画面有故事,才让舞台设计有了更深层的意蕴,让观众收获了一次又一次视听盛宴。</p><p>　　<strong>明日家族演唱会,出道三年再次起航</strong></p><p>　　回顾毛不易出道三年,原创一直是他的武器也是他的铠甲,让他在人才济济的乐坛独留一方天地,出色的音乐成绩让那个唱着《感觉自己是巨星》的明日少年,以惊人的速度成为了真正的巨星。</p><p>　　转眼《明日之子》也已经举办四届,毛不易作为第一届的冠军,一直是其他季选手榜样般的存在,这一次明日家族演唱会,还有选手翻唱了他的《芬芳一生》并发博感谢。而《盛夏》之于《明日之子》更像是《难忘今宵》之于春晚,在家族演唱会的最后,毛不易和各季选手们一起演唱起这首熟悉的旋律,也向所有人展示出他的才华。人们提起毛不易,也不仅仅只有《消愁》,还有敞亮大气的《东北民谣》、多意温柔的《平凡的一天》、深沉悠扬的《深夜一角》……</p><p style=\"text-align: center;\"><img _src=\"http://news.yule.com.cn/uploadfile/2020/0929/20200929052203597.jpg\" alt=\"1544_4deac99a4c470353ec93c1ed85901cc4.jpg\" src=\"http://news.yule.com.cn/uploadfile/2020/0929/20200929052203597.jpg\" data-bd-imgshare-binded=\"1\"></p><p>　　毛不易说夏天是最神奇的季节,第一个夏季,他走进人们的视线,之后的每一个夏季,他一次一次给予人们惊喜,期待巨星不易的下一个三年!</p>',2,0,1,'2020-09-30 11:02:34',1,'2020-09-30 11:06:23'),(2,0,'http://47.107.233.154:9000/sbm/news_info/20200930/77b60069-1f4c-4561-9021-d65c20072d97.jpg','宅男女神童欣颖打卡网红店 惹火身材备战古装电影','<div style=\"text-align: center;\"><img _src=\"http://news.yule.com.cn/uploadfile/2020/0928/20200928022113588.jpg\" alt=\"\" src=\"http://news.yule.com.cn/uploadfile/2020/0928/20200928022113588.jpg\" data-bd-imgshare-binded=\"1\"></div><p>　　上周末，素有宅男女神之称的人气嫩模童欣颖Shining突然现身杭州中山中路一家以艺术收藏为主题的潮玩咖啡店，深邃立体的五官搭配精致的妆容，立刻吸引了店内外无数惊艳的目光。童欣颖与友人喝完下午茶后，还饶有兴致的在店内细细观赏各种艺术收藏品，黑色低胸连衣裙映衬雪白肌肤，性感身材呼之欲出，让人不禁感慨宅男女神确有真材实料。其间被一些顾客认出要求合影，心情不错的童欣颖也欣然答应来者不拒，丝毫没有女神架子。</p><p>　　虽然童欣颖只是日常出街妆扮，并没有刻意摆pose，然而作为平面模特的出色驾驭力还是令她在镜头下熠熠闪光。童欣颖对店内陈列着的米奇、暴力熊等经典卡通形象情有独钟，虽然被网络上无数宅男封为女神，但在她心里依然住着一个长不大的小姑娘。据与她同行的友人透露，有一部电影早在去年底就向童欣颖伸出了橄榄枝，因为众所周知的原因，该剧延迟至近日才被提上拍摄日程，已定于国庆节后在横店开机。当笔者问起童欣颖将在剧中饰演一个怎样的角色时，友人却只微笑透露“到时候就知道了，是一部古装剧”。一直以摩登形象示人的童欣颖首次“触电”竟然是出演古装角色，这多少令人感到有些意外。</p><p>　　临走时，笔者忽见童欣颖手里拿着一本《聊斋志异》，她有点不好意思地笑了笑：“要抽时间补一下古典文学。”难怪网上有人感叹说“世界上最扎心的事就是比你好看的人还比你努力”，每一个看起来光鲜亮丽的成功，背后都付出了你所看不见的百倍努力。</p>',1,0,1,'2020-09-30 11:03:19',1,'2020-09-30 11:29:46'),(3,0,'http://47.107.233.154:9000/sbm/news_info/20200930/0b098ac6-6c64-4845-85a7-2544df8b2083.jpg','刘美麟登《全球中文音乐榜上榜》舞台 新歌《醒来》再度打榜','<p>9月26日,中国内地新生代实力女歌手刘美麟登上《全球中文音乐榜上榜》的舞台,在本期节目中,刘美麟再度为她的新歌《醒来》打榜,同时也演绎了一首经典歌曲《暗香》,刘美麟凭借不俗的唱功与标志性的海豚音,给所有观众们留下了深刻的印象。</p><p style=\"text-align: center;\"><img _src=\"https://p9-tt-ipv6.byteimg.com/large/pgc-image/a06c9b3797fc4caa9f25e1e260fafd59\" alt=\"\" src=\"https://p9-tt-ipv6.byteimg.com/large/pgc-image/a06c9b3797fc4caa9f25e1e260fafd59\" data-bd-imgshare-binded=\"1\"></p><p>　　在节目中刘美麟表示,自己十分喜欢唱现场的感觉,也很感谢有《榜上榜》这样一个机会,所以希望可以再次在舞台上分享这首歌给所有的观众朋友们。作为时隔三年发行的个人新专辑主打歌之一,刘美麟也希望可以把这首歌清新自然的正能量传递给大家。此次《醒来》这首歌曲的舞台布景与9月19日的节目中也是大不相同,此次站在长梯之上演唱的刘美麟还自我调侃道\"每次唱歌都要站的很高\"。</p><p style=\"text-align: center;\"><img _src=\"https://p6-tt-ipv6.byteimg.com/large/pgc-image/b0b528503926435280ed67ff6f030a0a\" alt=\"\" src=\"https://p6-tt-ipv6.byteimg.com/large/pgc-image/b0b528503926435280ed67ff6f030a0a\" data-bd-imgshare-binded=\"1\"></p><p>　　除此之外,刘美麟还在现场为大家带来了一首耳熟能详的经典老歌《暗香》。早在2016年,刘美麟就在《盖世音雄》这档音乐节目中演唱过电音版《暗香》,凭借其独特的声线与标志性的海豚音,这首歌曲在网络平台的点击率已超百万。这次在《全球中文音乐榜上榜》的舞台再次唱响这首歌曲,更是韵味悠长,余音绕梁。</p><p style=\"text-align: center;\"><img _src=\"https://p9-tt-ipv6.byteimg.com/large/pgc-image/0177552841fd43ffafc38655c61502c1\" alt=\"\" src=\"https://p9-tt-ipv6.byteimg.com/large/pgc-image/0177552841fd43ffafc38655c61502c1\" data-bd-imgshare-binded=\"1\"></p><p>　　自出道以来,刘美麟一直在不断地努力与学习,尝试更多的音乐风格并提升自己的唱作实力,我们也更加期待刘美麟即将发行的第三张个人专辑又会给我们带来怎样的惊喜呢,让我们拭目以待吧!</p>',0,0,1,'2020-09-30 11:03:57',1,'2020-09-30 11:05:30'),(4,4,'http://47.107.233.154:9000/sbm/news_info/20200930/51d353b0-d519-4d63-a7f6-359689326be9.jpg','两部委发布首个马产业发展规划','<p align=\"center\"><img alt=\"\" src=\"http://www.people.com.cn/mediafile/pic/BIG/20200930/43/2957617746300340071.jpg\"></p><p align=\"center\" class=\"pictext\">　　近日，在安徽风华桐乡路小学，学生们在操场上零距离体验马术运动</p><p>　　本报讯（记者 张钦）昨天，农业农村部、国家体育总局联合印发的《全国马产业发展规划（2020—2025年）》在农业农村部官网全文发布。这是新中国成立以来针对马产业出台的首份发展规划，明确了今后一段时期我国马产业发展的指导思想、主要目标和重点任务，涉及到与马相关的众多产业，其中不乏马术、赛马等领域。</p><p>　　《规划》在全面梳理我国马产业发展现状、深入分析各方面机遇和挑战的基础上，提出今后一个时期的发展思路是，以发展现代马产业为目标，加快马产业转型升级，夯实产业基础，完善标准体系，健全体制机制，强化人才支撑，发挥赛事活动、文化旅游的引领带动作用，加快建立现代马产业生产体系、经营体系、产业体系，提升马产业专业化、规范化、标准化、市场化水平，促进一二三产业融合发展，培育马产业发展新的经济增长点，提升质量效益竞争力，走中国特色现代马产业发展道路，不断满足人民群众日益增长的美好生活需要。</p><p>　　总体目标是，到2025年，我国现代马产业发展的框架和体系初步形成，一二三产业融合发展格局初步形成，马产业经济效益和社会效益大幅提升，形成相对完备的现代化育种、高效养殖、诊疗保健、疫病防控、调教训练、性能测定、竞赛表演、健身休闲、文化旅游、产品加工和产业服务体系。</p><p>　　为实现这些目标，《规划》在建立现代养殖体系、完善马术运动体系、促进一二三产业融合发展和强化科技人才支撑等4个方面，明确了16项重点任务措施，并根据自然地理、资源分布、文化传统、马术运动发展特点等，有针对性地对不同区域提出马产业开发利用重点，指导地方因地制宜推动产业健康有序发展。</p><p>　　此次发布的规划还特别提及了探索推广赛马运动。我国将研究制定出台全国速度赛马赛事标准和全国赛马运动发展规划，建立与国际接轨的赛马赛事分级制度，完善国家赛马赛事体系。通过提升赛马赛事公信力，优化赛事听证制度，推行职业从业人员准入考核制度，注重职业道德和行为规范。《规划》特别提到完善马匹药品及违禁物品管控制度，逐步建立与国际接轨的马匹福利制度，发布中国赛马运动公信力年度报告。按照“小步、分步、稳步”和“先试点、后推广”的原则，依照即开型体育彩票和大型体育赛事竞猜型彩票发展规律及监管要求，推进速度赛马赛事试点工作。</p><p>　　《规划》还提及复兴马球运动，提出行业协会要结合工作需要依法依规设立马球分支机构，发挥马球专业委员会作用，制定马球运动场地、竞赛、马匹、骑手和教练标准体系，指导地方有序开展马球运动，推动马球运动加快复兴。 供图/视觉中国</p><p>　　分析</p><p>　　为何针对马产业出台专门的规划？</p><p>　　农业农村部畜牧兽医局、国家体育总局体育经济司有关负责人表示，当前，我国存在地方马优良特征未得到充分挖掘，赛事用马主要依赖国外进口，符合市场需求的国产运动马供给不足等问题。《规划》提出了“马业+”的发展模式，推动将马品种、马术运动、文化旅游等资源优势转化为经济优势，增加马业产值比重，构建协同发展机制。</p><p>　　据介绍，现代马产业与猪禽牛羊其他畜牧产业不同，不以生产肉奶蛋等畜产品为主要目的，而是通过体育赛事活动、文化旅游等来带动马匹养殖业的发展，两者相辅相成、密不可分，这与国际马产业发展的基本思路和方向是一致的。因此，现代马产业发展既包括养殖环节，又包括体育运动等相关环节，需要农业农村部门和体育部门立足各自职能，加强协作，共同推动。此次《规划》将马匹养殖和体育运动一起谋划、一起布局，能够起到促进一二三产业融合发展的作用，有专注于我国马产业的健康、可持续发展。</p><p>　　在马术运动方面未来的发展规划是什么？</p><p>　　规划中特别提及了马术运动的发展，提出马术运动是现代马产业发展的重要内容。我国规划要建立中国马术俱乐部等级评定制度，促进马术俱乐部标准化、特色化、品牌化建设，重点培育一批品牌马术俱乐部。以马术推广、普及和提高相结合，充分利用东京奥运会备战平台，大力宣传和推广马术运动。同时，通过举办一系列竞赛、培训活动，促进马术运动竞技水平的提高。举办丰富多彩的马术活动，增强广大民众对马术运动的认知程度。</p><p>　　我国还将积极推进青少年马术运动，加大力度让马术走进校园，让更多青少年喜爱马术运动，并倡议青少年马术教学和低级别比赛中广泛使用中国马。同时，支持新疆、内蒙古等地区开展马术旅游、推广长距离赛马比赛，加大与世界各国特别是“一带一路”沿线国家马文化交流与合作，引入国外有影响力的马文化表演娱乐节目，利用国产马打造一批国内知名马文化演出娱乐节目和产品，激活国内马文化消费市场。</p><p>　　内存</p><p>　　我国马匹数量居世界前列</p><p>　　我国是养马大国，马匹数量居世界前列。2019年，全国马存栏367.1万匹，占世界总存栏的6%，位居第5位。</p><p>　　据行业统计，马业全产业链产值约700亿元。马养殖区域布局相对集中，主要分布在新疆、四川、内蒙古、西藏、云南、贵州、广西等省区，其中新疆、四川、内蒙古分别存栏95.5万匹、75.6万匹、67.1万匹，合计占全国的65%。</p><p>　　就畜牧业而言，我国共有29个地方马品种资源，其中德保矮马等7个品种纳入国家级畜禽遗传资源保护名录实行重点保护，这些品种大多具有独特的性状，是培育新品种的重要遗传素材。此次出台的《规划》提出要从保种场、保护区、基因库三方面着手，实施精准保护。</p>',0,0,1,'2020-09-30 11:31:33',0,'2020-09-30 11:31:33'),(5,3,'http://47.107.233.154:9000/sbm/news_info/20200930/12470d43-aea8-4423-ad94-c5d7cf98f15a.png','国庆长假准备结婚？婚前检查先了解一下','<div class=\"box_pic\" style=\"text-align: center;\"><table width=\"450\" cellspacing=\"0\" cellpadding=\"3\" align=\"center\" class=\"layui-table\"><tbody><tr><td align=\"center\"><img src=\"http://lxjk.people.cn/NMediaFile/2020/0930/MAIN202009300819000000287592388.png\" alt=\"国庆长假准备结婚？婚前检查先了解一下\"></td></tr><tr><td align=\"center\"><font color=\"#000000\"></font></td></tr></tbody></table></div><div class=\"zdfy clearfix\" style=\"text-align: center;\"></div><center><table border=\"0\" align=\"center\" width=\"40%\" class=\"layui-table\"><tbody><tr></tr></tbody></table></center><div class=\"box_pic\" style=\"text-align: center;\"><table width=\"450\" cellspacing=\"0\" cellpadding=\"3\" align=\"center\" class=\"layui-table\"><tbody><tr><td align=\"center\"><img src=\"http://lxjk.people.cn/NMediaFile/2020/0930/MAIN202009300819000010841692651.png\" alt=\"\"></td></tr><tr><td align=\"center\"><font color=\"#000000\"></font></td></tr></tbody></table><table width=\"450\" cellspacing=\"0\" cellpadding=\"3\" align=\"center\" class=\"layui-table\"><tbody><tr><td align=\"center\"><img src=\"http://lxjk.people.cn/NMediaFile/2020/0930/MAIN202009300819000024499233951.png\" alt=\"\"></td></tr><tr><td align=\"center\"><font color=\"#000000\"></font></td></tr></tbody></table><table width=\"450\" cellspacing=\"0\" cellpadding=\"3\" align=\"center\" class=\"layui-table\"><tbody><tr><td align=\"center\"><img src=\"http://lxjk.people.cn/NMediaFile/2020/0930/MAIN202009300819000014357569284.png\" alt=\"\"></td></tr><tr><td align=\"center\"><font color=\"#000000\"></font></td></tr></tbody></table><table width=\"450\" cellspacing=\"0\" cellpadding=\"3\" align=\"center\" class=\"layui-table\"><tbody><tr><td align=\"center\"><img src=\"http://lxjk.people.cn/NMediaFile/2020/0930/MAIN202009300819000027984116094.png\" alt=\"\"></td></tr><tr><td align=\"center\"><font color=\"#000000\"></font></td></tr></tbody></table><table width=\"450\" cellspacing=\"0\" cellpadding=\"3\" align=\"center\" class=\"layui-table\"><tbody><tr><td align=\"center\"><img src=\"http://lxjk.people.cn/NMediaFile/2020/0930/MAIN202009300819000020359716678.png\" alt=\"\"></td></tr><tr><td align=\"center\"><font color=\"#000000\"></font></td></tr></tbody></table><table width=\"450\" cellspacing=\"0\" cellpadding=\"3\" align=\"center\" class=\"layui-table\"><tbody><tr><td align=\"center\"><img src=\"http://lxjk.people.cn/NMediaFile/2020/0930/MAIN202009300819000029560361848.png\" alt=\"\"></td></tr><tr><td align=\"center\"><font color=\"#000000\"></font></td></tr></tbody></table><table width=\"450\" cellspacing=\"0\" cellpadding=\"3\" align=\"center\" class=\"layui-table\"><tbody><tr><td align=\"center\"><img src=\"http://lxjk.people.cn/NMediaFile/2020/0930/MAIN202009300819000036638975587.png\" alt=\"\"></td></tr><tr><td align=\"center\"><font color=\"#000000\"></font></td></tr></tbody></table><table width=\"450\" cellspacing=\"0\" cellpadding=\"3\" align=\"center\" class=\"layui-table\"><tbody><tr><td align=\"center\"><img src=\"http://lxjk.people.cn/NMediaFile/2020/0930/MAIN202009300819000034052937776.png\" alt=\"\"></td></tr><tr><td align=\"center\"><font color=\"#000000\"></font></td></tr></tbody></table></div><div class=\"textcode\" style=\"text-align: center;\"><a href=\"http://kpzg.people.com.cn/\" target=\"_blank\"><img src=\"http://lxjk.people.cn/NMediaFile/2017/1011/MAIN201710110832004649224213837.jpg\" alt=\"\"></a></div>',0,0,1,'2020-09-30 11:33:42',0,'2020-09-30 11:33:42'),(6,4,'http://47.107.233.154:9000/sbm/news_info/20200930/f5be1503-d7b6-43f1-b280-848e7107c6cd.jpg','蓬佩奥扬言构建反华全球联盟 外交部：痴人说梦','<div class=\"box_pic\" style=\"text-align: center;\"><table width=\"450\" cellspacing=\"0\" cellpadding=\"3\" align=\"center\" class=\"layui-table\"><tbody><tr><td align=\"center\"><img src=\"http://world.people.com.cn/NMediaFile/2020/0929/MAIN202009291947000424545731213.jpg\" alt=\"蓬佩奥扬言构建反华全球联盟 外交部：痴人说梦\"></td></tr><tr><td align=\"center\"><font color=\"#000000\"></font></td></tr></tbody></table></div><p>　　人民网北京9月29日电 据外交部网站消息，外交部发言人汪文斌主持例行记者会。</p><p>　　记者会实录如下：</p><p><strong>　　《环球时报》记者：据报道，中国国家互联网应急中心日前发布的2020年上半年中国互联网网络安全监测数据分析报告显示，中国遭受来自境外的网络攻击持续增加，美国是针对中国网络攻击的最大来源国。中方对此有何评论？</strong></p><p>　　汪文斌：我们注意到这份报告。报告内容反映了中国在网络安全领域面临的一些突出挑战。首先，中国仍是网络攻击的主要受害者之一，在疫情期间遭受的网络攻击有增无减。其次，美国是针对中国网络攻击的最大来源国。从境外计算机恶意程序捕获次数、境外恶意程序控制服务器数量、境外拒绝服务攻击（DDoS）次数、向中国境内网站植入后门等多项指标看，美国都高居首位。第三，针对中国关键信息基础设施的网络侦察值得关注。报告显示，中国工业控制系统的网络资产持续遭受来自境外的扫瞄嗅探，日均超过2万次，目标涉及境内能源、制造、通信等重点行业的联网工业控制设备和系统。与其他类型网络攻击相比，上述网络侦察行动更可能具有较强的政府背景。在此情况下，中方更有理由对此前美国媒体关于美大力推行网络空间“持续交手”战略、降低授权门槛肆意对他国关键信息基础设施发动攻击的报道表示担忧。</p><p>　　我想强调的是，网络攻击是各国面临的共同挑战，中国一贯主张各国在相互尊重、平等互利的基础上加强对话合作，共同应对这一挑战。我们也呼吁各国在网络空间采取负责任的行为。中国将采取必要措施，增进自身网络安全，特别是保护关键信息基础设施免受威胁和破坏。</p><p><strong>　　新华社记者：据报道，第十七届中国—东盟博览会、中国—东盟商务与投资峰会将于11月在广西举行。在疫情加剧世界经济下行压力的背景下，中方如何评价与东盟在包括经贸等领域的合作？</strong></p><p>　　汪文斌：商务部日前已经就第十七届中国—东盟博览会、中国—东盟商务与投资峰会的筹备情况做了详细介绍。</p><p>　　中国—东盟关系在东盟同对话伙伴关系中最具活力，也最富内涵。新冠肺炎疫情发生以来，中国和东盟国家相互支持、共克时艰，走在了全球抗击疫情和疫后复苏的前列。今年也是中国—东盟合作的大年，不仅是中国—东盟数字经济合作年，也是中国—东盟自由贸易区建成的第10个年头。今年上半年中国与东盟国家克服疫情影响，双方经贸投资合作逆势上扬，东盟首次成为中国第一大贸易伙伴，形成了中国与东盟互为第一大贸易伙伴的良好局面，彰显出双方合作的巨大潜力和广阔前景。</p><p>　　中方愿同东盟各国一道，加强疫苗研发等方面合作，携手早日彻底战胜疫情；共同建设区域“快捷通道”和“绿色通道”网络，维护地区产业链供应链畅通稳定；推动年内签署区域全面经济伙伴关系协定，提升区域经济一体化，促进地区发展繁荣。我们还将以明年中国—东盟建立对话关系30周年为契机，与东盟各国一道充实双方战略伙伴关系内涵，打造更为紧密的中国—东盟命运共同体。</p><p><strong>　　路透社记者：据报道，印度把在中印边境拉达克地区修建高海拔、全天候高速公路作为优先事项，中方对此有何评论？</strong></p><p>　　汪文斌：中方不承认印度非法设立的所谓“拉达克中央直辖区”，反对在边境争议地区开展以军事争控为目的的基础设施建设。根据中印双方近期达成的共识，任何一方都不应在边境地区采取任何导致局势复杂化的行动，以避免影响双方为缓和局势所作的努力。</p><p><strong>　　《北京日报》记者：据报道，美国国务卿蓬佩奥27日接受采访时称，美国面临的中长期最大外部威胁来自中共政权。特朗普与他本人回调美方自尼克松和基辛格访华以来50年的对华政策，在战略上终止对华绥靖政策。美方正构建全球联盟来对冲中国影响。中方对此有何评论？</strong></p><p>　　汪文斌：蓬佩奥扬言构建反华全球联盟，这是痴人说梦。他是等不到那一天了，他的继任者们也等不到那一天，因为那一天就不会到来。</p><p>　　印度报业托拉斯记者：关于印方在拉达克地区修建公路，印国内和国际上几家智库称，中方已经在实控线中方一侧建设了大量基础设施。印方只是想在其视为实控线的印方一侧进行建设，以追赶中方。为什么中方反对印方的行为？</p><p>　　汪文斌：首先我要告诉你，一些机构曾经发布中国在实控线附近建设新的军事基地或设施的报告。有关报告所描绘的情况完全不属实，是别有用心的。</p><p>　　第二，中方一贯严格遵守中印两国签署的有关协定，致力于维护中印边境地区的和平稳定，同时坚定维护国家领土主权和安全。长期以来，中国边防部队在实控线中方一侧活动，严格遵守两国间相关协定协议。我们希望印方同中方相向而行，共同推动边境局势缓和降温，避免为双方为缓和局势的努力增添干扰因素。</p><p><strong>　　《北京青年报》记者：据悉，中国派往黎巴嫩的维和工兵分队将前往贝鲁特爆炸港口执行灾后援助任务，你能否介绍有关情况？</strong></p><p>　　汪文斌：中国第19批赴黎巴嫩维和工兵分队于9月27日和29日派出两批人员携带各型机械、车辆装备赴贝鲁特执行灾后重建援助任务。这是中国赴黎巴嫩维和部队首次奉命跨任务区执行授权任务。中国工兵分队将同联黎部队其他分队一道，为推进贝鲁特港口重建、恢复生产秩序和维护当地和平稳定发挥积极作用。</p><p>　　今年是中国军队参加联合国维和行动30周年，中国累计已经派出维和官兵4万余人次，参加25项维和行动。作为安理会常任理事国，中国将一如既往地以实际行动践行对《联合国宪章》精神的庄严承诺，继续做世界和平的建设者、全球发展的贡献者、国际秩序的维护者。</p><p><strong>　　彭博社记者：日本计划于下周主办美日印澳四国外长会。中方对此有何评论？</strong></p><p>　　汪文斌：我们认为，和平发展、合作共赢是当今时代潮流和世界大势。任何多边、诸边合作都应当秉持开放、包容、透明的精神，而不是搞封闭、排他的“小圈子”；都应当有助于增进地区国家间的相互理解与信任，而不是针对第三方或损害第三方利益。</p><p>　　我们希望有关国家从地区国家共同利益出发，多做有利于地区和平、稳定与发展的事，而不是相反。</p><p>　　共同社记者：昨天我的同事曾问及王毅国务委员是否会在今年10月访问日本。近日有报道称，此次访问并非日方主动提出，而是中方在推动。你能否证实？能否提供详细信息？</p><p>　　汪文斌：我昨天已经回答了相关问题。</p>',0,0,1,'2020-09-30 11:36:01',0,'2020-09-30 11:36:01');
/*!40000 ALTER TABLE `news_info` ENABLE KEYS */;
UNLOCK TABLES;

--
-- Table structure for table `notice_info`
--

DROP TABLE IF EXISTS `notice_info`;
/*!40101 SET @saved_cs_client     = @@character_set_client */;
/*!50503 SET character_set_client = utf8mb4 */;
CREATE TABLE `notice_info` (
  `id` int(11) unsigned NOT NULL AUTO_INCREMENT COMMENT 'id',
  `title` varchar(255) DEFAULT NULL COMMENT '标题',
  `type` tinyint(4) DEFAULT '0' COMMENT '类型(0--默认1--指定内容2--指定链接)',
  `content` text COMMENT '指定内容',
  `link` varchar(255) DEFAULT NULL COMMENT '指定链接',
  `del_flag` tinyint(4) DEFAULT '0' COMMENT '删除状态（0--未删除1--已删除）',
  `create_user` int(11) DEFAULT '0' COMMENT '创建者',
  `create_time` datetime DEFAULT CURRENT_TIMESTAMP COMMENT '创建时间',
  `update_user` int(11) DEFAULT '0' COMMENT '更新人',
  `update_time` datetime DEFAULT CURRENT_TIMESTAMP ON UPDATE CURRENT_TIMESTAMP COMMENT '更新时间',
  PRIMARY KEY (`id`) USING BTREE
) ENGINE=InnoDB AUTO_INCREMENT=6 DEFAULT CHARSET=utf8mb4 ROW_FORMAT=COMPACT;
/*!40101 SET character_set_client = @saved_cs_client */;

--
-- Dumping data for table `notice_info`
--

LOCK TABLES `notice_info` WRITE;
/*!40000 ALTER TABLE `notice_info` DISABLE KEYS */;
INSERT INTO `notice_info` VALUES (1,'Springboot-mini APP 正在紧张开发中',0,'','',0,1,'2020-09-28 15:19:25',0,'2020-09-28 15:19:25'),(2,'国庆+中秋，总共放假八天',1,'<h2>一、背景</h2><p>SpringBoot 为我们快速开发提供了很好的架子，使得我们只需要少量配置就能开始我们的开发工作，但是当我们需要打包上传部署时，却是很神伤的一个问题，因为打出来的 Jar 包少则十几兆，多则一百来兆，我们需要上传至公网服务器时，是非常慢的，这就引出了今天的主题，SpringBoot项目Jar包如何瘦身部署</p><h3><a name=\"t1\"></a><a name=\"t1\"></a><a id=\"1_2\"></a>1、思路</h3><ul><li>分析 jar，我们可以看出，jar 包里面分为以下三个模块<br><img src=\"https://img-blog.csdnimg.cn/20200904103142575.png#pic_center\" alt=\"jar包\"><br>分为 BOOT-INF，META-INF，org 三个部分，打开 BOOT-INF<br><img src=\"https://img-blog.csdnimg.cn/2020090410331781.png#pic_center\" alt=\"boot-inf\"><br>可以看到有 classes，lib 两个文件夹，我们编译好的代码是放在 classes 里面的，而我们所依赖的 jar 包都是放在 lib 文件夹下</li><li>classes 部分是非常小的（我的是3M左右），lib部分是非常大的（我的是70M左右），所以上传很慢</li><li>那我们可以将我们自己写的代码部分与所依赖的 maven jar 包部分拆开上传，每次只需要上传我们自己写的代码部分即可</li></ul><h2><a name=\"t2\"></a><a name=\"t2\"></a><a id=\"_10\"></a>二、瘦身部署</h2><h3><a name=\"t3\"></a><a name=\"t3\"></a><a id=\"1_11\"></a>1、正常打包</h3><p>首先，我们项目的 pom.xml 文件中的打包方式如下：</p><pre class=\"prettyprint\"><code class=\"prism language-java has-numbering\"><span class=\"token generics function\"><span class=\"token punctuation\">&lt;</span>build<span class=\"token punctuation\">&gt;</span></span>\n    <span class=\"token generics function\"><span class=\"token punctuation\">&lt;</span>plugins<span class=\"token punctuation\">&gt;</span></span>\n        <span class=\"token generics function\"><span class=\"token punctuation\">&lt;</span>plugin<span class=\"token punctuation\">&gt;</span></span>\n            <span class=\"token generics function\"><span class=\"token punctuation\">&lt;</span>groupId<span class=\"token punctuation\">&gt;</span></span>org<span class=\"token punctuation\">.</span>springframework<span class=\"token punctuation\">.</span>boot<span class=\"token operator\">&lt;</span><span class=\"token operator\">/</span>groupId<span class=\"token operator\">&gt;</span>\n            <span class=\"token generics function\"><span class=\"token punctuation\">&lt;</span>artifactId<span class=\"token punctuation\">&gt;</span></span>spring<span class=\"token operator\">-</span>boot<span class=\"token operator\">-</span>maven<span class=\"token operator\">-</span>plugin<span class=\"token operator\">&lt;</span><span class=\"token operator\">/</span>artifactId<span class=\"token operator\">&gt;</span>\n        <span class=\"token operator\">&lt;</span><span class=\"token operator\">/</span>plugin<span class=\"token operator\">&gt;</span>\n    <span class=\"token operator\">&lt;</span><span class=\"token operator\">/</span>plugins<span class=\"token operator\">&gt;</span>\n<span class=\"token operator\">&lt;</span><span class=\"token operator\">/</span>build<span class=\"token operator\">&gt;</span>\n</code><ul class=\"pre-numbering\" style=\"text-align: right;\"><li>1</li><li>2</li><li>3</li><li>4</li><li>5</li><li>6</li><li>7</li><li>8</li></ul></pre><ul><li>这是 SpringBoot 中默认的打包方式，我们先按照这种方式打包出来，得到一个 jar 包，</li><li>我们将 jar 包解压，如果不能直接解压，则将后缀改为 zip 再进行解压</li><li>我们只需要拿到 BOOT-INF 中的 lib 目录即可</li></ul>','',0,1,'2020-09-28 15:20:37',0,'2020-09-28 15:20:37'),(3,'你我翻滚过的榻榻米味道熟悉',2,'','http://www.baidu.com',0,1,'2020-09-28 15:20:45',0,'2020-09-28 15:21:00'),(4,'中部战区总医院感染科主任医师江晓静：直缘多艺用心劳',0,'','',0,1,'2020-09-28 17:07:36',0,'2020-09-28 17:07:36'),(5,'美官员就疫情向中国甩锅 外交部：行有不得反求诸己',0,'','',0,1,'2020-09-28 17:07:41',0,'2020-09-28 17:07:41');
/*!40000 ALTER TABLE `notice_info` ENABLE KEYS */;
UNLOCK TABLES;

--
-- Table structure for table `reply`
--

DROP TABLE IF EXISTS `reply`;
/*!40101 SET @saved_cs_client     = @@character_set_client */;
/*!50503 SET character_set_client = utf8mb4 */;
CREATE TABLE `reply` (
  `id` varchar(255) CHARACTER SET utf8mb4 NOT NULL COMMENT '回信表主键',
  `letter_id` varchar(255) DEFAULT NULL COMMENT '回复信的ID',
  `reply_time` datetime DEFAULT NULL COMMENT '回复时间',
  `content` varchar(255) DEFAULT NULL COMMENT '回复内容',
  `open_id` varchar(255) DEFAULT NULL COMMENT '回复者的open_id',
  `pen_name` varchar(255) DEFAULT NULL COMMENT '回复者的笔名',
  PRIMARY KEY (`id`) USING BTREE
) ENGINE=InnoDB DEFAULT CHARSET=utf8 ROW_FORMAT=DYNAMIC;
/*!40101 SET character_set_client = @saved_cs_client */;

--
-- Dumping data for table `reply`
--

LOCK TABLES `reply` WRITE;
/*!40000 ALTER TABLE `reply` DISABLE KEYS */;
INSERT INTO `reply` VALUES ('06535956-3a48-4654-b956-8c50e5140891','6582dcd6-e8a0-44ee-a024-e6a95f9fc33c','2021-07-12 10:51:48','ui美观但是不实用呀\n功能性还要加强优化\n\nui美观但是不实用呀\n功能性还要加强优化','oUGur5DwbQ_9KJsFi57gJ51NGBHM','迷人的代码'),('08d2a2d3-a7c7-461d-9700-77b077c2fc1d','76c15713-384f-49a8-8d65-928070c17165','2021-07-12 10:19:59','考研还是工作，是真的需要我们认真去思考的一个问题，面对不同的专业与学科，我们需要着重考虑。我觉得还是要正确的去看待这个事情，不能只是听周围人的一面之词，应该站在实际的需求出发，从你的目的入手，考虑你的工作需求，从而解决他。不能因为家里人的一句话就左右了自己的人生，他们给你的永远只是建议，真正决定的在你自己。 加油我相信你是可以解决的，振作起来！','oUGur5NFcTHkjrPDDnRpSEGDVX5s','考研专家'),('2159e9fa-2768-42c2-b599-e79c89282eb6','6582dcd6-e8a0-44ee-a024-e6a95f9fc33c','2021-07-12 10:51:47','ui美观但是不实用呀\n功能性还要加强优化\n\nui美观但是不实用呀\n功能性还要加强优化','oUGur5DwbQ_9KJsFi57gJ51NGBHM','迷人的代码'),('21a53ed4-cd50-4b96-8002-0fc8eeb5b0e1','e35b996c-0082-42c5-80a4-bb9c6c20a804','2021-10-18 08:24:49','说的很对嘛，加油加油，总结的很棒。\n冲冲冲冲冲冲冲冲冲冲冲冲冲冲冲冲冲冲冲冲冲冲冲冲冲冲','oUGur5GBjDC1B3z-brhlM9rL3Gnc','MrKLeo'),('5a9ac22a-e2f8-432a-ad1f-6a3190878589','59365d7c-50be-46a8-8165-9f9e56779ab2','2021-07-12 07:10:44','出去玩的确有必要，可以放松心情嘛。但是你的男朋友认为考试重要，其实我认为这也是很好的，现在很少有这么有上进心的男孩子了，你要好好珍惜，他这么努力也是为了你们的将来能够过的好一点。\n其次你妈妈也希望你赶快把证书拿下来，我觉你你可以安排一个计划，和男朋友一起好好学习，在规定的时间一次性把证书拿下，然后抽出一周左右时间去玩，这样你们既可以相互鼓励学习，也可以出去玩，这是很好的。','oUGur5GBjDC1B3z-brhlM9rL3Gnc','周一的蚂蚁'),('6ee1c7b6-ddce-43b9-8e49-2449091a5189','8c26d613-e5f7-4f58-b811-e5ebcde8cc11','2021-07-10 16:23:11','生活的苦，我们可以做朋友吧你好久过来的话，我也不知道为什么，，，，？你是做什么的啊啊啊啊我的意思？。你','oUGur5P0rpbia56YNS08JAad8QHI','惆怅的兰花'),('847a9044-17df-44f4-81fe-ee43f6947efe','e35b996c-0082-42c5-80a4-bb9c6c20a804','2021-09-14 07:52:58','还是说睡吧睡吧睡都看到简简单单男的女的呢辛苦辛苦想你想你想你','oUGur5GBjDC1B3z-brhlM9rL3Gnc','飞翔的土拨鼠'),('9b005fae-6e4a-442a-8fa0-a07f416c433e','76c15713-384f-49a8-8d65-928070c17165','2021-07-12 10:17:18','考研还是工作，是真的需要我们认真去思考的一个问题，面对不同的专业与学科，我们需要着重考虑。我觉得还是要正确的去看待这个事情，不能只是听周围人的一面之词，应该站在实际的需求出发，从你的目的入手，考虑你的工作需求，从而解决他。不能因为家里人的一句话就左右了自己的人生，他们给你的永远只是建议，真正决定的在你自己。 加油我相信你是可以解决的，振作起来！','oUGur5NFcTHkjrPDDnRpSEGDVX5s','考研专家'),('9e055441-beba-4d13-975f-8149e132087d','8c26d613-e5f7-4f58-b811-e5ebcde8cc11','2021-07-11 09:42:27','时间总是在岁月中流逝，我们总是在沉静中缅怀，我相信我们的生活会变得越来越好，随着国家越来越强大，民族越来越富强，繁荣，我们一定可以变得更好。','oUGur5P0rpbia56YNS08JAad8QHI','年少轻狂'),('a9536414-0a3c-47ee-b997-590afdf9452b','76c15713-384f-49a8-8d65-928070c17165','2021-07-11 22:59:50','考研还是工作，是真的需要我们认真去思考的一个问题，面对不同的专业与学科，我们需要着重考虑。我觉得还是要正确的去看待这个事情，不能只是听周围人的一面之词，应该站在实际的需求出发，从你的目的入手，考虑你的工作需求，从而解决他。不能因为家里人的一句话就左右了自己的人生，他们给你的永远只是建议，真正决定的在你自己。 加油我相信你是可以解决的，振作起来！','oUGur5NFcTHkjrPDDnRpSEGDVX5s','考研专家'),('ad7c82c4-fc43-48a5-a02b-0636ed8e3fd0','e35b996c-0082-42c5-80a4-bb9c6c20a804','2021-07-13 12:03:36','首先赞同你的观点，现在搞计算机就是容易浮躁，而且没有太多的责任心，或许这个不仅仅在计算机行业表现的很明显，在其他行业也很有突出，但是不管怎么样，我希望你能够放下心来，不要浮躁','oUGur5GH_clj3q5Uu_2_U1JLKWfU','飞翔的土拨鼠'),('cc509ba7-04a8-4b42-b7eb-01d8155efd81','6582dcd6-e8a0-44ee-a024-e6a95f9fc33c','2021-07-17 14:43:40','你好呀，你们团队真棒，但是我可能不会用这个小程序呢，因为我觉得这个做成soul这种软件比较好哦，如果作为微信小程序的话就没有小而美的感觉了哦','oUGur5D0SeaeE-90CEkRZega20qg','可爱的猪猪虫'),('d636fdca-036a-4583-89dd-d2cbc37a7e41','76c15713-384f-49a8-8d65-928070c17165','2021-07-12 10:06:24','考研还是工作，是真的需要我们认真去思考的一个问题，面对不同的专业与学科，我们需要着重考虑。我觉得还是要正确的去看待这个事情，不能只是听周围人的一面之词，应该站在实际的需求出发，从你的目的入手，考虑你的工作需求，从而解决他。不能因为家里人的一句话就左右了自己的人生，他们给你的永远只是建议，真正决定的在你自己。 加油我相信你是可以解决的，振作起来！','oUGur5NFcTHkjrPDDnRpSEGDVX5s','考研专家');
/*!40000 ALTER TABLE `reply` ENABLE KEYS */;
UNLOCK TABLES;

--
-- Table structure for table `spitting_grooves`
--

DROP TABLE IF EXISTS `spitting_grooves`;
/*!40101 SET @saved_cs_client     = @@character_set_client */;
/*!50503 SET character_set_client = utf8mb4 */;
CREATE TABLE `spitting_grooves` (
  `id` varchar(255) NOT NULL COMMENT '吐槽id',
  `content` varchar(255) DEFAULT NULL COMMENT '内容',
  `date` datetime DEFAULT CURRENT_TIMESTAMP ON UPDATE CURRENT_TIMESTAMP COMMENT '发布日期',
  `state` varchar(1) DEFAULT NULL COMMENT '0：正常 1 删除',
  `open_id` varchar(255) DEFAULT NULL COMMENT '发布人openid',
  `title` varchar(225) DEFAULT NULL COMMENT '标题',
  `avatar_url` varchar(255) DEFAULT NULL COMMENT '发布人头像',
  `pen_name` varchar(255) DEFAULT NULL COMMENT '笔名',
  `number` bigint(100) DEFAULT '0' COMMENT '数量',
  PRIMARY KEY (`id`) USING BTREE
) ENGINE=InnoDB DEFAULT CHARSET=utf8mb4 ROW_FORMAT=DYNAMIC;
/*!40101 SET character_set_client = @saved_cs_client */;

--
-- Dumping data for table `spitting_grooves`
--

LOCK TABLES `spitting_grooves` WRITE;
/*!40000 ALTER TABLE `spitting_grooves` DISABLE KEYS */;
INSERT INTO `spitting_grooves` VALUES ('0c737f98-86db-4b2a-bcd9-93debc38f57b','皮卡皮卡皮卡皮卡皮卡皮卡皮卡皮卡皮卡皮卡皮卡皮卡皮卡皮卡皮卡皮卡皮卡皮卡皮卡皮卡皮卡皮卡皮卡皮卡皮卡皮卡皮卡皮卡皮卡皮卡皮卡皮卡皮卡皮卡皮卡皮卡 ','2021-07-17 14:45:25','1','oUGur5D0SeaeE-90CEkRZega20qg',NULL,'https://thirdwx.qlogo.cn/mmopen/vi_32/ibkgI6UoU3u5JkHbxjibAdulsxLYAiaqAhiboHtKde59tEUnhpmZ9yiaD09aqPynYfXrnbcso8kZKuZsP6QR0bnGXPg/132','酒醉的蝴蝶',0),('15d70d65-a3f0-425a-9d95-730e3653b01d','真是的，前几天一直很热，每天三十六七度，今天又突然开始下大雨','2021-07-11 16:31:19','1','oUGur5NFcTHkjrPDDnRpSEGDVX5s',NULL,'https://thirdwx.qlogo.cn/mmopen/vi_32/bAfn1HXxkfgGKDdOEvlfw3xySicJlEmv9PAibqjJxlmEzCA6ZGepT8icFs9O7nrkOgFYBRZS3lCcSmiaPreMrxQqNA/132','消失的胡辣汤',0),('2b54fb19-c5ae-415a-a8c2-48c62b002022','这天气可真热啊，能不能下点雨，吹来的风都是热的，热的头疼','2021-07-10 16:20:28','1','oUGur5NNZZHTZqOLpCe30pYAMC_s',NULL,'https://thirdwx.qlogo.cn/mmopen/vi_32/RtmDqJzxtTLtPgaOSeJddUMLZ3pvD4a2QtBfJju8SJhbnAqKMXv42bsRYo2w5icaWS65lsiag5UZAxtD56UCJA3w/132','37℃多5℃',0),('3028c75e-b996-4ba3-8f02-fbcadfacab5b','小心小辛，小心小辛，小心小辛，小心小辛，小心小辛，小心小辛，小心小辛，小心小辛，小心小辛，小心小辛','2021-11-14 22:01:12','1','oUGur5GBjDC1B3z-brhlM9rL3Gnc',NULL,'https://thirdwx.qlogo.cn/mmopen/vi_32/5TYqM7pBXYmky1NZKTnJicNkUglEE70BRUiaLdHOgf61sQsXtLVHJ8S2z5EicOicy2TicG5o6Sc6DbrrQ0bnzIkDIAw/132','难过的豆腐',0),('5b59fc1b-b963-4132-8099-f21023dae2e9','这电梯里总是找不到信号！难搞，这信号什么时候才可以覆盖到电梯啊，要是我那天困里边了，又打不通电话，岂不是很难受。','2021-07-10 16:09:43','1','oUGur5P0rpbia56YNS08JAad8QHI',NULL,'https://thirdwx.qlogo.cn/mmopen/vi_32/TwuGTMPG70MW7ibS6wuictlczSwlalBSALhLfIBic0uKYNRuqKlv9dGYGyXdRCgA1ttZgpciatxrEzaoXj0WEvDNicw/132','电梯的伤病',0),('8dcfb16a-d6f3-4784-a45b-eaf901929946','现在中国的这个发展啊，是越来越不错了，确实要感谢党和国家啊。不然哪里去找这么好的日记！所以咋们还是努力点，多为社会做些贡献','2021-07-10 16:13:44','1','oUGur5GBjDC1B3z-brhlM9rL3Gnc',NULL,'https://thirdwx.qlogo.cn/mmopen/vi_32/5TYqM7pBXYmky1NZKTnJicNkUglEE70BRUiaLdHOgf61sQsXtLVHJ8S2z5EicOicy2TicG5o6Sc6DbrrQ0bnzIkDIAw/132','大中国',0),('9cf40bc4-48ae-4f3c-adf5-2298447f8e1e','这没完没了的作业，啥时候可以写完啊！谁来救救孩子啊！？我这么可爱，要是被累坏了我妈会心疼我的','2021-07-10 16:39:34','1','oUGur5NNZZHTZqOLpCe30pYAMC_s',NULL,'https://thirdwx.qlogo.cn/mmopen/vi_32/RtmDqJzxtTLtPgaOSeJddUMLZ3pvD4a2QtBfJju8SJhbnAqKMXv42bsRYo2w5icaWS65lsiag5UZAxtD56UCJA3w/132','忐忑的乌龟',0),('bb14e9d5-e0fa-449d-b7fb-e1e099d97438','shit bro 点解点解上课嫡女心计峨口','2021-09-24 15:29:53','1','oUGur5L9moeQAr1yczdgwFgEZAXA',NULL,'https://thirdwx.qlogo.cn/mmopen/vi_32/VcuApQMjXicic9rJqtOUEG3d10SHbHW77vmVZX7ACFlYib9S7vsuAvic70micLxk4XvWK9RkC9At3vcdDIpxFD0hGnA/132','酒醉的蝴蝶',0),('c1e4231d-c597-4c73-bd7c-de325ff72590','减肥太难了，刚瘦到140，放假回家就涨到150，宝宝心里苦啊！！！','2021-07-24 09:22:25','4','oUGur5H4WeCTD-AqX3HN_UsgC6l4',NULL,'https://thirdwx.qlogo.cn/mmopen/vi_32/6o5CpEDxlABBibxB3OHPcx4D99YjcrwaaTIK1V685CxibasxibR6xfV5PNOQ4S2OjfiaciaghCV0ic7eWtvxxYMCPPaw/132','在减肥的肥仔',0),('c69f7214-9509-4e25-9e58-e973d56c89c1','时间过的真快，转眼就是大三了，很快又要去实习了，and 。巴拉巴拉巴拉巴拉巴拉～时间有时候真的是在飞逝','2021-09-14 07:56:29','1','oUGur5GBjDC1B3z-brhlM9rL3Gnc',NULL,'https://thirdwx.qlogo.cn/mmopen/vi_32/5TYqM7pBXYmky1NZKTnJicNkUglEE70BRUiaLdHOgf61sQsXtLVHJ8S2z5EicOicy2TicG5o6Sc6DbrrQ0bnzIkDIAw/132','唯唯诺诺',0),('d250f04e-0e2a-4846-8edc-242be9e1c06b','今天去看1921电影，虽然说我不是多么喜欢，但是起码尊重还是有的，看电影的时候呢，后面几个人不停的在笑，陈独秀被抓也要笑，说什么洋玩意儿，好想抽他们','2021-07-13 11:55:52','1','oUGur5GH_clj3q5Uu_2_U1JLKWfU',NULL,'https://thirdwx.qlogo.cn/mmopen/vi_32/e1o35zLtQ8Nda5vWQAkzIavrRVda0S4DnY2EG8ZzngYI26hFtkia5icNTfzCqGMOLoIyiaEticApybRf9Z7nxrvPYA/132','惆怅的兰花',0),('d90f26d3-b579-4ab7-9efd-43be69659dd6','RTE 的意思是 Real Time Engagement，实时互动，你可以将它理解为囊括了需要低延时互动的所有应用场景，比如视频会议、语音聊天、PK 连麦、VR 视频对话等。它看上去是个很垂直的技术领域，但是几乎现在我们所学所用的很多技术，都可以应用其中\n\n说了好多，其实主要想说点啥，却不知道说啥','2021-09-14 09:44:50','1','oUGur5NFcTHkjrPDDnRpSEGDVX5s',NULL,'https://thirdwx.qlogo.cn/mmopen/vi_32/bAfn1HXxkfgGKDdOEvlfw3xySicJlEmv9PAibqjJxlmEzCA6ZGepT8icFs9O7nrkOgFYBRZS3lCcSmiaPreMrxQqNA/132','迷人的代码',0),('db49e7ae-5cc6-419b-8fcb-e6673e91573d','考研还是工作？最近家里人劝我考研，但是他们根本不懂考研是为了什么！是为了学历？还是为了未来的工作？总是搞不清目的，我想做的事并不是考研的，我喜欢编程，喜欢琢磨，并不是一定就要去考研，才能找到一份工作的','2021-07-10 15:47:38','1','oUGur5GBjDC1B3z-brhlM9rL3Gnc',NULL,'https://thirdwx.qlogo.cn/mmopen/vi_32/5TYqM7pBXYmky1NZKTnJicNkUglEE70BRUiaLdHOgf61sQsXtLVHJ8S2z5EicOicy2TicG5o6Sc6DbrrQ0bnzIkDIAw/132','考验与工作的哭',0),('f7baf2e2-7009-480d-9a9d-b5de2e0d952f','代码的设计模式真的太棒了，看看厉害的人写写代码，才知道自己的代码有多菜啊，要加油了啊ᥬ?᭄ ','2021-10-19 14:50:15','1','oUGur5GBjDC1B3z-brhlM9rL3Gnc',NULL,'https://thirdwx.qlogo.cn/mmopen/vi_32/5TYqM7pBXYmky1NZKTnJicNkUglEE70BRUiaLdHOgf61sQsXtLVHJ8S2z5EicOicy2TicG5o6Sc6DbrrQ0bnzIkDIAw/132','stay hungry ',0);
/*!40000 ALTER TABLE `spitting_grooves` ENABLE KEYS */;
UNLOCK TABLES;

--
-- Table structure for table `stamp`
--

DROP TABLE IF EXISTS `stamp`;
/*!40101 SET @saved_cs_client     = @@character_set_client */;
/*!50503 SET character_set_client = utf8mb4 */;
CREATE TABLE `stamp` (
  `id` varchar(255) COLLATE utf8mb4_unicode_ci NOT NULL,
  `stamp_url` varchar(255) COLLATE utf8mb4_unicode_ci DEFAULT NULL,
  `stamp_name` varchar(255) COLLATE utf8mb4_unicode_ci DEFAULT NULL,
  `stamp_number` varchar(255) COLLATE utf8mb4_unicode_ci DEFAULT NULL,
  `stamp_desc` varchar(255) COLLATE utf8mb4_unicode_ci DEFAULT NULL,
  `stamp_edition` varchar(255) COLLATE utf8mb4_unicode_ci DEFAULT NULL,
  `stamp_series` varchar(255) COLLATE utf8mb4_unicode_ci DEFAULT NULL,
  `state` varchar(255) COLLATE utf8mb4_unicode_ci DEFAULT NULL,
  `stamp_create_time` datetime DEFAULT NULL,
  PRIMARY KEY (`id`) USING BTREE
) ENGINE=InnoDB DEFAULT CHARSET=utf8mb4 COLLATE=utf8mb4_unicode_ci ROW_FORMAT=DYNAMIC;
/*!40101 SET character_set_client = @saved_cs_client */;

--
-- Dumping data for table `stamp`
--

LOCK TABLES `stamp` WRITE;
/*!40000 ALTER TABLE `stamp` DISABLE KEYS */;
INSERT INTO `stamp` VALUES ('05768085-25c1-46c0-8ef3-bb5ded0a71ae','https://yundingxikj.oss-cn-beijing.aliyuncs.com/LetterStation/hy-yzbyq.png','宇智波鼬','YDX2105093','naturo系列','Edition 4.0',NULL,'0','2021-07-07 13:38:54'),('24b1a0b8-84da-44d6-9a47-6e6ed487a20c','https://yundingxikj.oss-cn-beijing.aliyuncs.com/LetterStation/hy-yzbzz.png','宇智波佐助','YDX2105091','naturo系列','Edition 4.0',NULL,'0','2021-07-07 13:38:58'),('2528093e-3abc-429f-8c59-ac4c03d441cc','https://yundingxikj.oss-cn-beijing.aliyuncs.com/LetterStation/ad-iron.png','钢铁侠','YDX2104253','有钱的都是靠科技','Edition 3.0',NULL,'0','2021-07-07 13:39:35'),('3990a165-7e9c-4783-9f89-ad021d237ebc','https://yundingxikj.oss-cn-beijing.aliyuncs.com/LetterStation/mm.png','圈卷懒猫','YDX2012301','动物邮票','Edition 1.0',NULL,'0','2021-07-07 13:39:38'),('3f155223-846c-4987-a080-faebbb3e5d41','https://yundingxikj.oss-cn-beijing.aliyuncs.com/LetterStation/hy-yzbdt.png','宇智波带土','YDX2105092','naturo系列','Edition 4.0',NULL,'0','2021-07-07 13:39:39'),('4b9eb6a0-fecc-4dbe-b66e-94e72bc77c55','https://yundingxikj.oss-cn-beijing.aliyuncs.com/LetterStation/Ed2-2.png','潮流穿搭','YDX2104202','球鞋邮票','Edition 2.0',NULL,'0','2021-07-07 13:39:40'),('515edff6-4bef-40c7-b4a4-09f79b9916d9','https://yundingxikj.oss-cn-beijing.aliyuncs.com/LetterStation/ss.png','小松鼠','YDX2012303','动物邮票','Edition 1.0',NULL,'0','2021-07-07 13:39:42'),('86c1e5ca-fc2c-4f0d-9d93-2661a5a73a52','https://yundingxikj.oss-cn-beijing.aliyuncs.com/LetterStation/hy-mkkx.png','木卡卡西','YDX2105094','naturo系列','Edition 4.0',NULL,'0','2021-07-07 13:39:43'),('8ea7c5aa-aca0-4e5f-a57e-30a2b0851a14','https://yundingxikj.oss-cn-beijing.aliyuncs.com/LetterStation/Ed2-3.png','实战利器','YDX2104203','球鞋邮票','Edition 2.0',NULL,'0','2021-07-07 13:39:44'),('a00e2c21-88a2-4287-9318-6589f7a8a9ea','https://yundingxikj.oss-cn-beijing.aliyuncs.com/LetterStation/stamp-4-4.png','丑','YDX2104294','戏曲邮票','Edition 4.0',NULL,'0','2021-07-07 13:39:46'),('a8175e99-b794-4516-af97-fda1f392a916','https://yundingxikj.oss-cn-beijing.aliyuncs.com/LetterStation/hy-mr.png','鸣人','YDX2105096','naturo系列','Edition 4.0',NULL,'0','2021-07-07 13:39:47'),('af3aa976-bb90-4bc9-a943-4242b4c52b1a','https://yundingxikj.oss-cn-beijing.aliyuncs.com/LetterStation/stamp-4-5.png','净','YDX2104295','戏曲邮票','Edition 4.0',NULL,'0','2021-07-07 13:39:48'),('b6903eaf-7959-45a2-9023-72f3617f13df','https://yundingxikj.oss-cn-beijing.aliyuncs.com/LetterStation/tz.png','兔兔','YDX2012304','动物邮票','Edition 1.0',NULL,'0','2021-07-07 13:39:50'),('bcbdba3b-a56b-477c-b938-7e4161152944','https://yundingxikj.oss-cn-beijing.aliyuncs.com/LetterStation/kj.png','搞怪柯基','YDX2012302','动物邮票','Edition 1.0',NULL,'0','2021-07-07 13:39:51'),('becb9a1b-c46e-4918-8719-2c6f63731676','https://yundingxikj.oss-cn-beijing.aliyuncs.com/LetterStation/hy-qsgs.png','千手纲手','YDX2105095','naturo系列','Edition 4.0',NULL,'0','2021-07-07 13:39:52'),('c3c33838-8a1a-4d91-a285-f618f88a2149','https://yundingxikj.oss-cn-beijing.aliyuncs.com/LetterStation/stamp-4-3.png','末','YDX2104293','戏曲邮票','Edition 4.0',NULL,'0','2021-07-07 13:39:53'),('c5000c1e-b2c0-4179-bc3e-c95dcfee0d29','https://yundingxikj.oss-cn-beijing.aliyuncs.com/LetterStation/stamp-4-2.png','旦','YDX2104292','戏曲邮票','Edition 4.0',NULL,'0','2021-07-07 13:39:55'),('c7c98cc0-47c3-4466-bbc5-ff033c3d8ffc','https://yundingxikj.oss-cn-beijing.aliyuncs.com/LetterStation/Ed2-4.png','混搭潮款','YDX2104204','球鞋邮票','Edition 2.0',NULL,'0','2021-07-07 13:39:57'),('d58da9db-0950-4e9f-9f07-abd1195ef569','https://yundingxikj.oss-cn-beijing.aliyuncs.com/LetterStation/ad-thor.png','雷神','YDX2104252','站在地球上的神','Edition 3.0',NULL,'0','2021-07-07 13:39:59'),('d89f04f9-0652-41f2-96f5-792af2d443af','https://yundingxikj.oss-cn-beijing.aliyuncs.com/LetterStation/ad-hook.png','绿巨人浩克','YDX2104254','没钱的都是靠变异','Edition 3.0',NULL,'0','2021-07-07 13:39:58'),('db917c09-8537-4d6b-abd4-6df24914df62','https://yundingxikj.oss-cn-beijing.aliyuncs.com/LetterStation/ad-cap.png','美国队长','YDX2104251','最强打药人','Edition 3.0',NULL,'0','2021-07-07 13:40:01'),('e1eb718c-5525-4e38-b554-0d6c9bed28ff','https://yundingxikj.oss-cn-beijing.aliyuncs.com/LetterStation/stamp-4-1.png','生','YDX2104291','戏曲邮票','Edition 4.0',NULL,'0','2021-07-07 13:40:02'),('e3e7afcb-9ac9-4a4c-b748-0e425fb4e515','https://yundingxikj.oss-cn-beijing.aliyuncs.com/LetterStation/Ed2-1.png','球鞋漫步','YDX2104201','球鞋邮票','Edition 2.0',NULL,'0','2021-07-07 13:40:03');
/*!40000 ALTER TABLE `stamp` ENABLE KEYS */;
UNLOCK TABLES;

--
-- Table structure for table `sys_configure`
--

DROP TABLE IF EXISTS `sys_configure`;
/*!40101 SET @saved_cs_client     = @@character_set_client */;
/*!50503 SET character_set_client = utf8mb4 */;
CREATE TABLE `sys_configure` (
  `id` int(11) unsigned NOT NULL AUTO_INCREMENT COMMENT 'id',
  `system_name` varchar(10) DEFAULT NULL COMMENT '系统名称(简称)',
  `system_full_name` varchar(64) DEFAULT NULL COMMENT '系统名称(全称)',
  `system_logo` varchar(255) DEFAULT NULL COMMENT '系统logo',
  `website_title` varchar(255) DEFAULT NULL COMMENT '网站标题',
  `website_icon` varchar(255) DEFAULT NULL COMMENT '网站图标',
  `website_keywords` varchar(255) DEFAULT NULL COMMENT '网站关键字',
  `website_description` varchar(255) DEFAULT NULL COMMENT '网站描述',
  `record_no` varchar(32) DEFAULT NULL COMMENT '网站备案号',
  `copyright` varchar(255) DEFAULT NULL COMMENT '网站版权信息',
  `del_flag` tinyint(4) DEFAULT '0' COMMENT '删除状态（0--未删除1--已删除）',
  `create_user` int(11) DEFAULT '0' COMMENT '创建者',
  `create_time` datetime DEFAULT CURRENT_TIMESTAMP COMMENT '创建时间',
  `update_user` int(11) DEFAULT '0' COMMENT '更新人',
  `update_time` datetime DEFAULT CURRENT_TIMESTAMP ON UPDATE CURRENT_TIMESTAMP COMMENT '更新时间',
  PRIMARY KEY (`id`) USING BTREE
) ENGINE=InnoDB AUTO_INCREMENT=2 DEFAULT CHARSET=utf8mb4 ROW_FORMAT=DYNAMIC COMMENT='系统配置';
/*!40101 SET character_set_client = @saved_cs_client */;

--
-- Dumping data for table `sys_configure`
--

LOCK TABLES `sys_configure` WRITE;
/*!40000 ALTER TABLE `sys_configure` DISABLE KEYS */;
INSERT INTO `sys_configure` VALUES (1,'LAYUI MINI','SpringBoot后台管理模板','http://47.107.233.154:9000/sbm/sys_configure/20201020/df087ef7-7dd1-4416-b2bb-4079009d70e7.png','管理系统-SpringBoot后台管理模板','http://47.107.233.154:9000/sbm/sys_configure/20201020/15fc0811-4779-4a12-8c8a-489651c26da7.ico','管理系统,SpringBoot,解决方案,开发脚手架','本项目本着避免重复造轮子的原则建立一套快速开发JavaWEB项目','粤ICP备20046900号-1','Copyright© 1999-2020 SpringBoot 版权所有',0,1,'2020-10-20 21:58:50',1,'2020-10-21 13:54:58');
/*!40000 ALTER TABLE `sys_configure` ENABLE KEYS */;
UNLOCK TABLES;

--
-- Table structure for table `sys_dict`
--

DROP TABLE IF EXISTS `sys_dict`;
/*!40101 SET @saved_cs_client     = @@character_set_client */;
/*!50503 SET character_set_client = utf8mb4 */;
CREATE TABLE `sys_dict` (
  `id` int(11) unsigned NOT NULL AUTO_INCREMENT COMMENT '主键id',
  `code` varchar(32) DEFAULT NULL COMMENT '编码',
  `name` varchar(32) DEFAULT NULL COMMENT '名称',
  `descript` varchar(64) DEFAULT NULL COMMENT '描述',
  `status` tinyint(4) DEFAULT '0' COMMENT '状态（0--正常1--冻结）',
  `del_flag` tinyint(4) DEFAULT '0' COMMENT '删除状态（0，正常，1已删除）',
  `create_user` int(11) DEFAULT '0' COMMENT '创建人',
  `create_time` datetime DEFAULT CURRENT_TIMESTAMP COMMENT '创建时间',
  `update_user` int(11) DEFAULT '0' COMMENT '更新人',
  `update_time` datetime DEFAULT CURRENT_TIMESTAMP ON UPDATE CURRENT_TIMESTAMP COMMENT '更新时间',
  PRIMARY KEY (`id`) USING BTREE
) ENGINE=InnoDB AUTO_INCREMENT=13 DEFAULT CHARSET=utf8mb4 ROW_FORMAT=COMPACT COMMENT='字典管理';
/*!40101 SET character_set_client = @saved_cs_client */;

--
-- Dumping data for table `sys_dict`
--

LOCK TABLES `sys_dict` WRITE;
/*!40000 ALTER TABLE `sys_dict` DISABLE KEYS */;
INSERT INTO `sys_dict` VALUES (1,'user_sex','性别','性别的数据字典',0,0,0,'2020-07-15 16:32:49',0,'2020-10-21 11:35:35'),(2,'user_status','用户状态','用户的禁/启用状态',0,0,0,'2020-07-15 16:37:04',0,'2020-10-21 11:36:17'),(3,'menu_type','权限类型','权限数据的类型',0,0,0,'2020-07-20 21:20:22',0,'2020-09-21 10:50:46'),(4,'quartz_status','定时任务启动状态','定时任务启动状态',0,0,0,'2020-07-21 10:10:41',0,'2020-09-21 10:50:46'),(5,'login_status','登录状态','登录日志的记录状态',0,0,1,'2020-07-28 10:04:05',0,'2020-09-21 10:50:46'),(6,'notice_type','公告类型','',0,0,1,'2020-09-28 14:18:18',0,'2020-09-28 14:18:18'),(7,'banner_type','轮播类型','',0,0,1,'2020-09-28 14:18:30',0,'2020-09-28 14:18:30'),(8,'feed_back_type','意见反馈类型','',0,0,1,'2020-09-29 16:12:32',0,'2020-09-29 16:12:32'),(9,'news_type','新闻资讯类别','',0,0,1,'2020-09-30 10:52:36',0,'2020-09-30 10:52:36'),(10,'role_status','角色状态','角色的禁/启用状态',0,0,0,'2020-07-15 16:37:04',0,'2020-10-21 11:36:29'),(11,'quartz_data_status','定时任务状态','定时任务的禁/启用状态',0,0,0,'2020-07-15 16:37:04',0,'2020-10-21 11:36:29'),(12,'dict_status','数据字典状态','数据字典的禁/启用状态',0,0,0,'2020-07-15 16:37:04',0,'2020-10-21 11:36:29');
/*!40000 ALTER TABLE `sys_dict` ENABLE KEYS */;
UNLOCK TABLES;

--
-- Table structure for table `sys_dict_detail`
--

DROP TABLE IF EXISTS `sys_dict_detail`;
/*!40101 SET @saved_cs_client     = @@character_set_client */;
/*!50503 SET character_set_client = utf8mb4 */;
CREATE TABLE `sys_dict_detail` (
  `id` int(11) unsigned NOT NULL AUTO_INCREMENT COMMENT '主键id',
  `dict_code` varchar(32) DEFAULT NULL COMMENT '字典编码',
  `code` varchar(32) DEFAULT NULL COMMENT '编号',
  `name` varchar(32) DEFAULT NULL COMMENT '名称',
  `create_user` int(11) DEFAULT '0' COMMENT '创建者',
  `create_time` datetime DEFAULT CURRENT_TIMESTAMP COMMENT '创建时间',
  `update_user` int(11) DEFAULT '0' COMMENT '更新人',
  `update_time` datetime DEFAULT CURRENT_TIMESTAMP ON UPDATE CURRENT_TIMESTAMP COMMENT '更新时间',
  PRIMARY KEY (`id`) USING BTREE
) ENGINE=InnoDB AUTO_INCREMENT=35 DEFAULT CHARSET=utf8mb4 ROW_FORMAT=COMPACT COMMENT='字典配置';
/*!40101 SET character_set_client = @saved_cs_client */;

--
-- Dumping data for table `sys_dict_detail`
--

LOCK TABLES `sys_dict_detail` WRITE;
/*!40000 ALTER TABLE `sys_dict_detail` DISABLE KEYS */;
INSERT INTO `sys_dict_detail` VALUES (1,'user_sex','0','未知',0,'2020-09-21 10:49:43',0,'2020-10-21 11:35:43'),(2,'user_sex','1','男',0,'2020-09-21 10:49:43',0,'2020-10-21 11:35:45'),(3,'user_sex','2','女',0,'2020-09-21 10:49:43',0,'2020-10-21 11:35:47'),(4,'user_status','0','正常',0,'2020-09-21 10:49:43',0,'2020-10-21 11:36:35'),(5,'user_status','1','禁用',0,'2020-09-21 10:49:43',0,'2020-10-21 11:36:36'),(7,'menu_type','0','目录',0,'2020-09-21 10:49:43',0,'2020-09-21 11:32:36'),(8,'menu_type','1','菜单',0,'2020-09-21 10:49:43',0,'2020-09-21 11:32:36'),(9,'menu_type','2','按钮',0,'2020-09-21 10:49:43',0,'2020-09-21 11:32:36'),(10,'quartz_status','0','启动',0,'2020-09-21 10:49:43',0,'2020-09-21 11:32:36'),(11,'quartz_status','1','停止',0,'2020-09-21 10:49:43',0,'2020-09-21 11:32:36'),(12,'login_status','0','成功',0,'2020-09-21 10:49:43',0,'2020-09-21 11:32:36'),(13,'login_status','1','失败',0,'2020-09-21 10:49:43',0,'2020-09-21 11:32:36'),(14,'banner_type','0','默认',1,'2020-09-28 14:18:36',0,'2020-09-28 14:18:36'),(15,'banner_type','1','指定内容',1,'2020-09-28 14:18:42',0,'2020-09-28 14:18:42'),(16,'banner_type','2','指定链接',1,'2020-09-28 14:18:48',0,'2020-09-28 14:18:48'),(17,'notice_type','0','默认',1,'2020-09-28 14:18:57',0,'2020-09-28 14:18:57'),(18,'notice_type','1','指定内容',1,'2020-09-28 14:19:05',0,'2020-09-28 14:19:05'),(19,'notice_type','2','指定链接',1,'2020-09-28 14:19:11',0,'2020-09-28 14:19:11'),(20,'feed_back_type','0','建议',1,'2020-09-29 16:12:40',0,'2020-09-29 16:12:40'),(21,'feed_back_type','1','投诉',1,'2020-09-29 16:12:57',0,'2020-09-29 16:12:57'),(22,'feed_back_type','2','支持',1,'2020-09-29 16:13:03',1,'2020-09-29 17:18:14'),(23,'feed_back_type','3','其它',1,'2020-09-29 16:13:03',1,'2020-09-29 16:13:09'),(24,'news_type','0','娱乐',1,'2020-09-30 10:53:34',0,'2020-09-30 10:53:34'),(25,'news_type','1','体育',1,'2020-09-30 10:53:38',0,'2020-09-30 10:53:38'),(26,'news_type','2','财经',1,'2020-09-30 10:53:43',0,'2020-09-30 10:53:43'),(27,'news_type','3','民生',1,'2020-09-30 10:53:57',1,'2020-09-30 11:32:54'),(28,'news_type','4','时政',1,'2020-09-30 11:30:27',0,'2020-09-30 11:30:27'),(29,'role_status','0','正常',0,'2020-09-21 10:49:43',0,'2020-10-21 11:37:20'),(30,'role_status','1','禁用',0,'2020-09-21 10:49:43',0,'2020-10-21 11:37:21'),(31,'quartz_data_status','0','正常',0,'2020-09-21 10:49:43',0,'2020-10-21 11:37:20'),(32,'quartz_data_status','1','禁用',0,'2020-09-21 10:49:43',0,'2020-10-21 16:11:02'),(33,'dict_status','0','正常',0,'2020-09-21 10:49:43',0,'2020-10-21 11:37:20'),(34,'dict_status','1','禁用',0,'2020-09-21 10:49:43',0,'2020-10-21 16:17:57');
/*!40000 ALTER TABLE `sys_dict_detail` ENABLE KEYS */;
UNLOCK TABLES;

--
-- Table structure for table `sys_handle_log`
--

DROP TABLE IF EXISTS `sys_handle_log`;
/*!40101 SET @saved_cs_client     = @@character_set_client */;
/*!50503 SET character_set_client = utf8mb4 */;
CREATE TABLE `sys_handle_log` (
  `id` int(11) unsigned NOT NULL AUTO_INCREMENT,
  `model` varchar(32) DEFAULT NULL COMMENT '操作模块',
  `url` varchar(255) DEFAULT NULL COMMENT '请求地址',
  `param` varchar(255) DEFAULT NULL COMMENT '携带参数',
  `ip` varchar(255) DEFAULT NULL COMMENT '用户ip',
  `location` varchar(32) DEFAULT NULL COMMENT '位置',
  `spend_time` int(11) DEFAULT '0' COMMENT '耗时',
  `create_user` int(11) DEFAULT '0' COMMENT '创建者',
  `create_time` datetime DEFAULT CURRENT_TIMESTAMP COMMENT '创建时间',
  PRIMARY KEY (`id`) USING BTREE
) ENGINE=InnoDB AUTO_INCREMENT=6 DEFAULT CHARSET=utf8mb4 ROW_FORMAT=COMPACT;
/*!40101 SET character_set_client = @saved_cs_client */;

--
-- Dumping data for table `sys_handle_log`
--

LOCK TABLES `sys_handle_log` WRITE;
/*!40000 ALTER TABLE `sys_handle_log` DISABLE KEYS */;
INSERT INTO `sys_handle_log` VALUES (1,'用户登录','/doLogin','[15286779044, 123456, m87g, false, org.apache.shiro.web.servlet.ShiroHttpServletRequest@5053eb5]','0:0:0:0:0:0:0:1',NULL,5,1,'2020-08-31 16:46:32'),(2,'用户登录','/doLogin','[15286779044, 123456, 4epe, false, org.apache.shiro.web.servlet.ShiroHttpServletRequest@57c629c7]','0:0:0:0:0:0:0:1',NULL,15413,1,'2020-08-31 16:47:05'),(3,'用户登录','/doLogin','[15286779044, 123456, n3fx, false, org.apache.shiro.web.servlet.ShiroHttpServletRequest@7d6b187f]','0:0:0:0:0:0:0:1',NULL,400,1,'2020-08-31 16:50:17'),(4,'用户登录','/doLogin','[15286779044, 123456, g3ma, false, org.apache.shiro.web.servlet.ShiroHttpServletRequest@5741fd8f]','0:0:0:0:0:0:0:1','获取位置失败',0,1,'2020-08-31 16:56:33'),(5,'用户登录','/doLogin','[15286779044, 123456, myc8, false, org.apache.shiro.web.servlet.ShiroHttpServletRequest@7a7a2ad4]','0:0:0:0:0:0:0:1','获取位置失败',444,1,'2020-08-31 16:56:39');
/*!40000 ALTER TABLE `sys_handle_log` ENABLE KEYS */;
UNLOCK TABLES;

--
-- Table structure for table `sys_login_log`
--

DROP TABLE IF EXISTS `sys_login_log`;
/*!40101 SET @saved_cs_client     = @@character_set_client */;
/*!50503 SET character_set_client = utf8mb4 */;
CREATE TABLE `sys_login_log` (
  `id` int(11) unsigned NOT NULL AUTO_INCREMENT COMMENT '主键id',
  `ip` varchar(16) DEFAULT NULL COMMENT 'IP地址',
  `descript` varchar(32) CHARACTER SET utf8 DEFAULT NULL COMMENT '内容',
  `status` tinyint(4) DEFAULT '0' COMMENT '状态（0--成功1--失败）',
  `location` varchar(32) DEFAULT NULL COMMENT '位置',
  `account` varchar(32) DEFAULT NULL COMMENT '账号',
  `create_time` datetime DEFAULT CURRENT_TIMESTAMP COMMENT '创建时间',
  PRIMARY KEY (`id`) USING BTREE
) ENGINE=InnoDB AUTO_INCREMENT=1381 DEFAULT CHARSET=utf8mb4 ROW_FORMAT=COMPACT COMMENT='登录日志';
/*!40101 SET character_set_client = @saved_cs_client */;

--
-- Dumping data for table `sys_login_log`
--

LOCK TABLES `sys_login_log` WRITE;
/*!40000 ALTER TABLE `sys_login_log` DISABLE KEYS */;
INSERT INTO `sys_login_log` VALUES (1,'0:0:0:0:0:0:0:1','密码不正确',1,NULL,'0','2020-07-28 11:27:14'),(2,'0:0:0:0:0:0:0:1','账户不存在',1,NULL,'0','2020-07-28 11:27:34'),(3,'0:0:0:0:0:0:0:1','用户登录成功',0,NULL,'0','2020-07-28 11:27:42'),(4,'127.0.0.1','用户登录成功',0,NULL,'0','2020-07-28 11:32:26'),(5,'0:0:0:0:0:0:0:1','用户登录成功',0,NULL,'0','2020-07-28 11:34:47'),(6,'0:0:0:0:0:0:0:1','用户登录成功',0,NULL,'0','2020-07-28 11:42:24'),(7,'0:0:0:0:0:0:0:1','登录密码不正确',1,NULL,'0','2020-07-28 11:42:50'),(8,'0:0:0:0:0:0:0:1','用户登录成功',0,NULL,'0','2020-07-28 11:42:59'),(9,'58.16.58.87','用户登录成功',0,NULL,'0','2020-07-28 11:50:21'),(10,'58.16.58.87','用户登录成功',0,NULL,'0','2020-07-28 13:58:40'),(11,'0:0:0:0:0:0:0:1','用户登录成功',0,NULL,'0','2020-07-28 14:04:37'),(12,'0:0:0:0:0:0:0:1','用户登录成功',0,NULL,'0','2020-07-28 15:24:04'),(13,'0:0:0:0:0:0:0:1','用户登录成功',0,NULL,'0','2020-07-28 15:31:16'),(14,'0:0:0:0:0:0:0:1','登录密码不正确',1,NULL,'0','2020-07-28 15:31:40'),(15,'0:0:0:0:0:0:0:1','用户登录成功',0,NULL,'0','2020-07-28 15:31:49'),(16,'0:0:0:0:0:0:0:1','登录密码不正确',1,NULL,'0','2020-07-28 15:32:17'),(17,'0:0:0:0:0:0:0:1','用户登录成功',0,NULL,'0','2020-07-28 15:32:24'),(18,'58.16.58.87','用户登录成功',0,NULL,'0','2020-07-28 15:39:52'),(19,'58.16.58.87','用户登录成功',0,NULL,'0','2020-07-28 16:25:11'),(20,'58.16.58.87','用户登录成功',0,NULL,'0','2020-07-28 16:35:46'),(21,'58.16.58.87','用户登录成功',0,'贵州省贵阳市 联通','0','2020-07-28 17:13:18'),(22,'58.16.58.87','用户登录成功',0,'贵州省贵阳市 联通','0','2020-07-28 17:17:54'),(23,'183.67.51.152','用户登录成功',0,'重庆市重庆市 电信','0','2020-07-28 17:19:14'),(24,'220.197.185.79','用户登录成功',0,'贵州省贵阳市 联通','0','2020-07-28 20:07:52'),(25,'220.197.185.79','用户登录成功',0,'贵州省贵阳市 联通','0','2020-07-28 22:37:38'),(26,'58.16.58.87','用户登录成功',0,'贵州省贵阳市 联通','0','2020-07-29 11:26:23'),(27,'127.0.0.1','用户登录成功',0,'局域网，无法获取位置','0','2020-07-29 16:33:07'),(28,'58.16.58.87','用户登录成功',0,'贵州省贵阳市 联通','0','2020-07-31 13:08:57'),(29,'58.16.58.87','用户登录成功',0,'贵州省贵阳市 联通','0','2020-07-31 13:55:41'),(30,'58.16.58.87','用户登录成功',0,'贵州省贵阳市 联通','0','2020-07-31 15:53:08'),(31,'127.0.0.1','用户登录成功',0,'局域网，无法获取位置','0','2020-07-31 15:57:24'),(32,'58.16.58.87','用户登录成功',0,'贵州省贵阳市 联通','0','2020-07-31 17:46:09'),(33,'111.85.26.183','用户登录成功',0,'贵州省贵阳市 联通','0','2020-07-31 23:39:30'),(34,'223.104.94.250','用户登录成功',0,'贵州省 移动','0','2020-08-01 09:57:17'),(35,'127.0.0.1','用户登录成功',0,'局域网，无法获取位置','0','2020-08-03 10:12:00'),(36,'127.0.0.1','用户登录成功',0,'局域网，无法获取位置','0','2020-08-03 10:35:49'),(37,'58.16.58.87','用户登录成功',0,'贵州省贵阳市 联通','0','2020-08-03 10:55:14'),(38,'58.16.58.87','用户登录成功',0,'贵州省贵阳市 联通','0','2020-08-03 13:08:33'),(39,'58.16.58.87','用户登录成功',0,'贵州省贵阳市 联通','0','2020-08-03 13:30:27'),(40,'127.0.0.1','用户登录成功',0,'局域网，无法获取位置','0','2020-08-03 16:24:52'),(41,'127.0.0.1','用户登录成功',0,'局域网，无法获取位置','0','2020-08-03 17:18:38'),(42,'127.0.0.1','用户登录成功',0,'局域网，无法获取位置','0','2020-08-03 17:21:49'),(43,'127.0.0.1','用户登录成功',0,'局域网，无法获取位置','0','2020-08-03 17:26:19'),(44,'127.0.0.1','用户登录成功',0,'局域网，无法获取位置','0','2020-08-03 17:27:15'),(45,'58.16.58.87','用户登录成功',0,'贵州省贵阳市 联通','0','2020-08-03 17:44:01'),(46,'127.0.0.1','用户登录成功',0,'局域网，无法获取位置','0','2020-08-03 22:50:47'),(47,'220.197.189.222','用户登录成功',0,'贵州省贵阳市 联通','0','2020-08-03 22:52:46'),(48,'58.16.58.87','用户登录成功',0,'贵州省贵阳市 联通','0','2020-08-04 09:53:53'),(49,'221.13.1.13','用户登录成功',0,'贵州省 联通','0','2020-08-04 11:33:44'),(50,'218.201.194.152','用户登录成功',0,'贵州省贵阳市 移动','0','2020-08-04 11:33:45'),(51,'222.85.243.161','用户登录成功',0,'贵州省贵阳市 电信','0','2020-08-04 11:34:12'),(52,'58.16.58.87','用户登录成功',0,'贵州省贵阳市 联通','0','2020-08-04 11:40:36'),(53,'220.191.37.83','用户登录成功',0,'浙江省杭州市 电信','0','2020-08-04 15:03:32'),(54,'220.197.189.222','用户登录成功',0,'贵州省贵阳市 联通','0','2020-08-04 21:11:13'),(55,'58.16.58.87','用户登录成功',0,'贵州省贵阳市 联通','0','2020-08-05 10:07:21'),(56,'127.0.0.1','用户登录成功',0,'局域网，无法获取位置','0','2020-08-05 17:04:49'),(57,'220.197.188.134','用户登录成功',0,'贵州省贵阳市 联通','0','2020-08-05 20:16:20'),(58,'127.0.0.1','用户登录成功',0,'局域网，无法获取位置','0','2020-08-05 20:26:55'),(59,'127.0.0.1','用户登录成功',0,'局域网，无法获取位置','0','2020-08-06 10:31:41'),(60,'127.0.0.1','用户登录成功',0,'局域网，无法获取位置','0','2020-08-06 14:21:45'),(61,'127.0.0.1','用户登录成功',0,'局域网，无法获取位置','0','2020-08-07 15:41:46'),(62,'220.197.183.123','用户登录成功',0,'贵州省贵阳市 联通','0','2020-08-09 09:49:45'),(63,'127.0.0.1','用户登录成功',0,'局域网，无法获取位置','0','2020-08-10 15:54:47'),(64,'58.16.58.87','用户登录成功',0,'贵州省贵阳市 联通','0','2020-08-11 14:55:24'),(65,'127.0.0.1','用户登录成功',0,'局域网，无法获取位置','0','2020-08-11 15:01:55'),(66,'127.0.0.1','用户登录成功',0,'局域网，无法获取位置','0','2020-08-11 15:03:54'),(67,'127.0.0.1','用户登录成功',0,'局域网，无法获取位置','0','2020-08-11 17:03:08'),(68,'127.0.0.1','用户登录成功',0,'局域网，无法获取位置','0','2020-08-11 17:43:24'),(69,'127.0.0.1','用户登录成功',0,'局域网，无法获取位置','0','2020-08-11 23:35:04'),(70,'220.197.183.250','用户登录成功',0,'贵州省贵阳市 联通','0','2020-08-11 23:56:54'),(71,'58.16.58.87','用户登录成功',0,'贵州省贵阳市 联通','0','2020-08-12 09:46:40'),(72,'58.16.58.87','用户登录成功',0,'贵州省贵阳市 联通','0','2020-08-12 12:18:32'),(73,'127.0.0.1','用户登录成功',0,'局域网，无法获取位置','0','2020-08-12 16:02:13'),(74,'127.0.0.1','用户登录成功',0,'局域网，无法获取位置','0','2020-08-12 16:06:35'),(75,'127.0.0.1','用户登录成功',0,'局域网，无法获取位置','0','2020-08-14 15:41:30'),(76,'127.0.0.1','用户登录成功',0,'局域网，无法获取位置','0','2020-08-14 16:38:31'),(77,'127.0.0.1','用户登录成功',0,'局域网，无法获取位置','0','2020-08-17 17:52:49'),(78,'127.0.0.1','用户登录成功',0,'局域网，无法获取位置','0','2020-08-18 09:49:59'),(79,'127.0.0.1','用户登录成功',0,'局域网，无法获取位置','0','2020-08-31 16:40:07'),(80,'127.0.0.1','用户登录成功',0,'局域网，无法获取位置','0','2020-08-31 16:44:41'),(81,'127.0.0.1','用户登录成功',0,'局域网，无法获取位置','0','2020-08-31 16:46:54'),(82,'127.0.0.1','用户登录成功',0,'局域网，无法获取位置','0','2020-08-31 16:50:13'),(83,'127.0.0.1','用户登录成功',0,'局域网，无法获取位置','0','2020-08-31 16:51:42'),(84,'127.0.0.1','用户登录成功',0,'局域网，无法获取位置','0','2020-08-31 16:54:50'),(85,'0:0:0:0:0:0:0:1','用户登录成功',0,'获取位置失败','0','2020-08-31 16:56:38'),(86,'0:0:0:0:0:0:0:1','用户登录成功',0,'获取位置失败','0','2020-08-31 17:15:14'),(87,'0:0:0:0:0:0:0:1','用户登录成功',0,'获取位置失败','0','2020-08-31 17:17:19'),(88,'0:0:0:0:0:0:0:1','用户登录成功',0,'获取位置失败','0','2020-09-01 10:21:33'),(89,'0:0:0:0:0:0:0:1','用户登录成功',0,'获取位置失败','0','2020-09-01 10:32:15'),(90,'0:0:0:0:0:0:0:1','用户登录成功',0,'获取位置失败','0','2020-09-01 10:34:48'),(91,'0:0:0:0:0:0:0:1','用户登录成功',0,'获取位置失败','0','2020-09-01 10:35:18'),(92,'0:0:0:0:0:0:0:1','用户登录成功',0,'获取位置失败','0','2020-09-01 10:35:52'),(93,'0:0:0:0:0:0:0:1','用户登录成功',0,'获取位置失败','0','2020-09-01 10:36:27'),(94,'0:0:0:0:0:0:0:1','用户登录成功',0,'获取位置失败','0','2020-09-02 10:53:56'),(95,'0:0:0:0:0:0:0:1','用户登录成功',0,'获取位置失败','0','2020-09-02 11:00:48'),(96,'0:0:0:0:0:0:0:1','用户登录成功',0,'获取位置失败','0','2020-09-03 17:03:26'),(97,'0:0:0:0:0:0:0:1','用户登录成功',0,'获取位置失败','0','2020-09-03 17:10:49'),(98,'0:0:0:0:0:0:0:1','用户登录成功',0,'获取位置失败','0','2020-09-03 17:24:41'),(99,'0:0:0:0:0:0:0:1','用户登录成功',0,'获取位置失败','0','2020-09-03 17:44:16'),(100,'0:0:0:0:0:0:0:1','用户登录成功',0,'获取位置失败','0','2020-09-03 17:45:22'),(101,'0:0:0:0:0:0:0:1','用户登录成功',0,'获取位置失败','0','2020-09-03 17:50:51'),(102,'0:0:0:0:0:0:0:1','用户登录成功',0,'获取位置失败','0','2020-09-03 17:54:27'),(103,'0:0:0:0:0:0:0:1','用户登录成功',0,'获取位置失败','0','2020-09-03 17:55:19'),(104,'0:0:0:0:0:0:0:1','用户登录成功',0,'获取位置失败','0','2020-09-03 18:14:45'),(105,'0:0:0:0:0:0:0:1','用户登录成功',0,'获取位置失败','0','2020-09-03 18:19:51'),(106,'0:0:0:0:0:0:0:1','用户登录成功',0,'获取位置失败','0','2020-09-03 18:32:18'),(107,'0:0:0:0:0:0:0:1','用户登录成功',0,'获取位置失败','0','2020-09-03 20:53:55'),(108,'220.197.183.88','登录账户不存在',1,'贵州省贵阳市南明区 联通','0','2020-09-03 21:03:52'),(109,'220.197.183.88','用户登录成功',0,'贵州省贵阳市 联通','0','2020-09-03 21:04:05'),(110,'127.0.0.1','登录账户不存在',1,'局域网，无法获取位置','0','2020-09-04 14:37:07'),(111,'127.0.0.1','登录账户不存在',1,'局域网，无法获取位置','0','2020-09-04 14:37:23'),(112,'127.0.0.1','登录账户不存在',1,'局域网，无法获取位置','0','2020-09-04 15:33:49'),(113,'127.0.0.1','用户登录成功',0,'局域网，无法获取位置','0','2020-09-04 15:33:56'),(114,'127.0.0.1','用户登录成功',0,'局域网，无法获取位置','0','2020-09-04 19:46:57'),(115,'127.0.0.1','用户登录成功',0,'局域网，无法获取位置','0','2020-09-04 20:40:21'),(116,'0:0:0:0:0:0:0:1','登录账户不存在',1,'获取位置失败','0','2020-09-04 20:45:59'),(117,'0:0:0:0:0:0:0:1','用户登录成功',0,'获取位置失败','0','2020-09-04 20:46:52'),(118,'0:0:0:0:0:0:0:1','用户登录成功',0,'获取位置失败','0','2020-09-04 20:56:05'),(119,'127.0.0.1','登录账户不存在',1,'局域网，无法获取位置','0','2020-09-05 01:54:28'),(120,'127.0.0.1','用户登录成功',0,'局域网，无法获取位置','0','2020-09-05 09:42:14'),(121,'220.197.188.53','用户登录成功',0,'贵州省贵阳市 联通','0','2020-09-05 09:43:59'),(122,'127.0.0.1','用户登录成功',0,'局域网，无法获取位置','0','2020-09-05 09:48:15'),(123,'127.0.0.1','登录账户不存在',1,'局域网，无法获取位置','0','2020-09-05 10:43:09'),(124,'127.0.0.1','登录账户不存在',1,'局域网，无法获取位置','0','2020-09-05 10:44:16'),(125,'127.0.0.1','登录账户不存在',1,'局域网，无法获取位置','0','2020-09-05 10:44:24'),(126,'127.0.0.1','登录账户不存在',1,'局域网，无法获取位置','0','2020-09-05 13:33:49'),(127,'127.0.0.1','登录账户不存在',1,'局域网，无法获取位置','0','2020-09-05 13:33:54'),(128,'127.0.0.1','用户登录成功',0,'局域网，无法获取位置','0','2020-09-05 19:20:16'),(129,'127.0.0.1','登录账户不存在',1,'局域网，无法获取位置','0','2020-09-06 14:55:51'),(130,'127.0.0.1','登录账户不存在',1,'局域网，无法获取位置','0','2020-09-06 14:56:31'),(131,'127.0.0.1','登录账户不存在',1,'局域网，无法获取位置','0','2020-09-06 14:56:58'),(132,'127.0.0.1','登录账户不存在',1,'局域网，无法获取位置','0','2020-09-06 18:00:02'),(133,'127.0.0.1','登录账户不存在',1,'局域网，无法获取位置','0','2020-09-06 18:00:18'),(134,'0:0:0:0:0:0:0:1','用户登录成功',0,'获取位置失败','0','2020-09-06 19:07:43'),(135,'0:0:0:0:0:0:0:1','用户登录成功',0,'获取位置失败','0','2020-09-06 19:25:10'),(136,'0:0:0:0:0:0:0:1','用户登录成功',0,'获取位置失败','0','2020-09-06 19:44:34'),(137,'127.0.0.1','登录账户不存在',1,'局域网，无法获取位置','0','2020-09-06 20:42:46'),(138,'127.0.0.1','登录账户不存在',1,'局域网，无法获取位置','0','2020-09-06 20:43:20'),(139,'127.0.0.1','登录账户不存在',1,'局域网，无法获取位置','0','2020-09-07 08:11:07'),(140,'127.0.0.1','登录账户不存在',1,'局域网，无法获取位置','0','2020-09-07 09:14:50'),(141,'127.0.0.1','登录账户不存在',1,'局域网，无法获取位置','0','2020-09-07 09:15:16'),(142,'127.0.0.1','登录账户不存在',1,'局域网，无法获取位置','0','2020-09-07 09:15:24'),(143,'127.0.0.1','登录账户不存在',1,'局域网，无法获取位置','0','2020-09-07 09:15:32'),(144,'127.0.0.1','登录账户不存在',1,'局域网，无法获取位置','0','2020-09-07 09:15:38'),(145,'127.0.0.1','登录账户不存在',1,'局域网，无法获取位置','0','2020-09-07 09:15:47'),(146,'127.0.0.1','登录账户不存在',1,'局域网，无法获取位置','0','2020-09-07 10:33:08'),(147,'127.0.0.1','登录账户不存在',1,'局域网，无法获取位置','0','2020-09-07 10:35:05'),(148,'127.0.0.1','登录账户不存在',1,'局域网，无法获取位置','0','2020-09-07 10:35:24'),(149,'127.0.0.1','登录账户不存在',1,'局域网，无法获取位置','0','2020-09-07 13:57:58'),(150,'127.0.0.1','登录账户不存在',1,'局域网，无法获取位置','0','2020-09-07 13:58:18'),(151,'127.0.0.1','登录账户不存在',1,'局域网，无法获取位置','0','2020-09-07 13:58:25'),(152,'127.0.0.1','登录账户不存在',1,'局域网，无法获取位置','0','2020-09-07 13:59:04'),(153,'127.0.0.1','登录账户不存在',1,'局域网，无法获取位置','0','2020-09-07 14:08:54'),(154,'127.0.0.1','登录账户不存在',1,'局域网，无法获取位置','0','2020-09-07 14:09:16'),(155,'127.0.0.1','登录账户不存在',1,'局域网，无法获取位置','0','2020-09-07 15:06:00'),(156,'127.0.0.1','登录账户不存在',1,'局域网，无法获取位置','0','2020-09-07 15:06:56'),(157,'127.0.0.1','登录账户不存在',1,'局域网，无法获取位置','0','2020-09-07 15:07:10'),(158,'127.0.0.1','登录账户不存在',1,'局域网，无法获取位置','0','2020-09-07 15:07:32'),(159,'127.0.0.1','登录账户不存在',1,'局域网，无法获取位置','0','2020-09-07 18:42:20'),(160,'127.0.0.1','登录账户不存在',1,'局域网，无法获取位置','0','2020-09-07 18:42:27'),(161,'127.0.0.1','登录账户不存在',1,'局域网，无法获取位置','0','2020-09-08 00:58:35'),(162,'127.0.0.1','登录账户不存在',1,'局域网，无法获取位置','0','2020-09-08 00:59:13'),(163,'127.0.0.1','登录账户不存在',1,'局域网，无法获取位置','0','2020-09-08 07:05:05'),(164,'127.0.0.1','登录账户不存在',1,'局域网，无法获取位置','0','2020-09-08 07:43:09'),(165,'127.0.0.1','登录账户不存在',1,'局域网，无法获取位置','0','2020-09-08 07:43:26'),(166,'127.0.0.1','登录账户不存在',1,'局域网，无法获取位置','0','2020-09-08 08:10:47'),(167,'127.0.0.1','登录账户不存在',1,'局域网，无法获取位置','0','2020-09-08 08:11:30'),(168,'127.0.0.1','登录账户不存在',1,'局域网，无法获取位置','0','2020-09-08 08:11:38'),(169,'127.0.0.1','登录账户不存在',1,'局域网，无法获取位置','0','2020-09-08 08:21:15'),(170,'127.0.0.1','登录账户不存在',1,'局域网，无法获取位置','0','2020-09-08 08:21:27'),(171,'10.151.110.105','登录账户不存在',1,'本地局域网','0','2020-09-08 08:21:28'),(172,'10.151.110.105','登录账户不存在',1,'本地局域网','0','2020-09-08 08:21:51'),(173,'127.0.0.1','登录账户不存在',1,'局域网，无法获取位置','0','2020-09-08 08:23:08'),(174,'127.0.0.1','登录账户不存在',1,'局域网，无法获取位置','0','2020-09-08 08:23:27'),(175,'127.0.0.1','登录账户不存在',1,'局域网，无法获取位置','0','2020-09-08 08:23:45'),(176,'127.0.0.1','登录账户不存在',1,'局域网，无法获取位置','0','2020-09-08 08:37:38'),(177,'127.0.0.1','登录账户不存在',1,'局域网，无法获取位置','0','2020-09-08 08:38:06'),(178,'127.0.0.1','登录账户不存在',1,'局域网，无法获取位置','0','2020-09-08 08:39:32'),(179,'127.0.0.1','登录账户不存在',1,'局域网，无法获取位置','0','2020-09-08 08:39:56'),(180,'127.0.0.1','登录账户不存在',1,'局域网，无法获取位置','0','2020-09-08 08:41:29'),(181,'127.0.0.1','登录账户不存在',1,'局域网，无法获取位置','0','2020-09-08 08:54:55'),(182,'127.0.0.1','登录账户不存在',1,'局域网，无法获取位置','0','2020-09-08 09:11:57'),(183,'127.0.0.1','登录账户不存在',1,'局域网，无法获取位置','0','2020-09-08 09:12:21'),(184,'127.0.0.1','登录账户不存在',1,'局域网，无法获取位置','0','2020-09-08 09:14:50'),(185,'127.0.0.1','登录账户不存在',1,'局域网，无法获取位置','0','2020-09-08 09:15:09'),(186,'127.0.0.1','登录账户不存在',1,'局域网，无法获取位置','0','2020-09-08 09:15:20'),(187,'127.0.0.1','登录账户不存在',1,'局域网，无法获取位置','0','2020-09-08 09:15:35'),(188,'127.0.0.1','登录账户不存在',1,'局域网，无法获取位置','0','2020-09-08 09:17:09'),(189,'127.0.0.1','登录账户不存在',1,'局域网，无法获取位置','0','2020-09-08 09:17:28'),(190,'127.0.0.1','登录账户不存在',1,'局域网，无法获取位置','0','2020-09-08 09:21:49'),(191,'127.0.0.1','登录账户不存在',1,'局域网，无法获取位置','0','2020-09-08 09:22:02'),(192,'127.0.0.1','登录账户不存在',1,'局域网，无法获取位置','0','2020-09-08 09:22:15'),(193,'127.0.0.1','登录账户不存在',1,'局域网，无法获取位置','0','2020-09-08 09:22:26'),(194,'127.0.0.1','登录账户不存在',1,'局域网，无法获取位置','0','2020-09-08 09:22:35'),(195,'127.0.0.1','登录账户不存在',1,'局域网，无法获取位置','0','2020-09-08 09:22:44'),(196,'127.0.0.1','登录账户不存在',1,'局域网，无法获取位置','0','2020-09-08 09:28:30'),(197,'127.0.0.1','登录账户不存在',1,'局域网，无法获取位置','0','2020-09-08 09:29:30'),(198,'127.0.0.1','登录账户不存在',1,'局域网，无法获取位置','0','2020-09-08 09:29:43'),(199,'127.0.0.1','登录账户不存在',1,'局域网，无法获取位置','0','2020-09-08 09:30:23'),(200,'127.0.0.1','登录账户不存在',1,'局域网，无法获取位置','0','2020-09-08 09:31:01'),(201,'127.0.0.1','登录账户不存在',1,'局域网，无法获取位置','0','2020-09-08 09:47:41'),(202,'127.0.0.1','登录账户不存在',1,'局域网，无法获取位置','0','2020-09-08 09:48:08'),(203,'127.0.0.1','登录账户不存在',1,'局域网，无法获取位置','0','2020-09-08 09:48:23'),(204,'127.0.0.1','登录账户不存在',1,'局域网，无法获取位置','0','2020-09-08 09:52:01'),(205,'127.0.0.1','登录账户不存在',1,'局域网，无法获取位置','0','2020-09-08 09:52:16'),(206,'127.0.0.1','登录账户不存在',1,'局域网，无法获取位置','0','2020-09-08 09:53:13'),(207,'127.0.0.1','登录账户不存在',1,'局域网，无法获取位置','0','2020-09-08 09:57:00'),(208,'127.0.0.1','登录账户不存在',1,'局域网，无法获取位置','0','2020-09-08 09:57:14'),(209,'127.0.0.1','登录账户不存在',1,'局域网，无法获取位置','0','2020-09-08 09:57:37'),(210,'127.0.0.1','登录账户不存在',1,'局域网，无法获取位置','0','2020-09-08 10:01:19'),(211,'127.0.0.1','登录账户不存在',1,'局域网，无法获取位置','0','2020-09-08 10:01:37'),(212,'127.0.0.1','登录账户不存在',1,'局域网，无法获取位置','0','2020-09-08 10:08:56'),(213,'127.0.0.1','登录账户不存在',1,'局域网，无法获取位置','0','2020-09-08 10:09:05'),(214,'127.0.0.1','登录账户不存在',1,'局域网，无法获取位置','0','2020-09-08 10:09:18'),(215,'127.0.0.1','登录账户不存在',1,'局域网，无法获取位置','0','2020-09-08 10:09:27'),(216,'127.0.0.1','登录账户不存在',1,'局域网，无法获取位置','0','2020-09-08 10:09:36'),(217,'127.0.0.1','登录账户不存在',1,'局域网，无法获取位置','0','2020-09-08 10:09:57'),(218,'127.0.0.1','登录账户不存在',1,'局域网，无法获取位置','0','2020-09-08 10:15:18'),(219,'127.0.0.1','登录账户不存在',1,'局域网，无法获取位置','0','2020-09-08 10:15:23'),(220,'127.0.0.1','登录账户不存在',1,'局域网，无法获取位置','0','2020-09-08 10:15:42'),(221,'127.0.0.1','登录账户不存在',1,'局域网，无法获取位置','0','2020-09-08 10:19:04'),(222,'127.0.0.1','登录账户不存在',1,'局域网，无法获取位置','0','2020-09-08 10:19:35'),(223,'127.0.0.1','登录账户不存在',1,'局域网，无法获取位置','0','2020-09-08 10:23:14'),(224,'127.0.0.1','登录账户不存在',1,'局域网，无法获取位置','0','2020-09-08 10:23:31'),(225,'127.0.0.1','登录账户不存在',1,'局域网，无法获取位置','0','2020-09-08 10:23:37'),(226,'127.0.0.1','登录账户不存在',1,'局域网，无法获取位置','0','2020-09-08 10:24:54'),(227,'127.0.0.1','登录账户不存在',1,'局域网，无法获取位置','0','2020-09-08 10:25:29'),(228,'127.0.0.1','登录账户不存在',1,'局域网，无法获取位置','0','2020-09-08 10:26:44'),(229,'127.0.0.1','登录账户不存在',1,'局域网，无法获取位置','0','2020-09-08 10:27:02'),(230,'127.0.0.1','登录账户不存在',1,'局域网，无法获取位置','0','2020-09-08 10:27:22'),(231,'127.0.0.1','登录账户不存在',1,'局域网，无法获取位置','0','2020-09-08 10:27:39'),(232,'127.0.0.1','登录账户不存在',1,'局域网，无法获取位置','0','2020-09-08 10:28:28'),(233,'127.0.0.1','登录账户不存在',1,'局域网，无法获取位置','0','2020-09-08 10:29:07'),(234,'127.0.0.1','登录账户不存在',1,'局域网，无法获取位置','0','2020-09-08 10:30:57'),(235,'127.0.0.1','登录账户不存在',1,'局域网，无法获取位置','0','2020-09-08 10:33:15'),(236,'127.0.0.1','登录账户不存在',1,'局域网，无法获取位置','0','2020-09-08 10:33:23'),(237,'127.0.0.1','登录账户不存在',1,'局域网，无法获取位置','0','2020-09-08 10:41:06'),(238,'127.0.0.1','登录账户不存在',1,'局域网，无法获取位置','0','2020-09-08 10:41:30'),(239,'127.0.0.1','登录账户不存在',1,'局域网，无法获取位置','0','2020-09-08 10:42:50'),(240,'127.0.0.1','登录账户不存在',1,'局域网，无法获取位置','0','2020-09-08 10:43:34'),(241,'127.0.0.1','登录账户不存在',1,'局域网，无法获取位置','0','2020-09-08 10:50:48'),(242,'127.0.0.1','登录账户不存在',1,'局域网，无法获取位置','0','2020-09-08 10:51:37'),(243,'127.0.0.1','登录账户不存在',1,'局域网，无法获取位置','0','2020-09-08 10:51:57'),(244,'127.0.0.1','登录账户不存在',1,'局域网，无法获取位置','0','2020-09-08 10:53:48'),(245,'127.0.0.1','登录账户不存在',1,'局域网，无法获取位置','0','2020-09-08 11:09:27'),(246,'127.0.0.1','登录账户不存在',1,'局域网，无法获取位置','0','2020-09-08 11:09:54'),(247,'127.0.0.1','登录账户不存在',1,'局域网，无法获取位置','0','2020-09-08 11:09:58'),(248,'127.0.0.1','登录账户不存在',1,'局域网，无法获取位置','0','2020-09-08 11:10:00'),(249,'127.0.0.1','登录账户不存在',1,'局域网，无法获取位置','0','2020-09-08 11:10:17'),(250,'127.0.0.1','登录账户不存在',1,'局域网，无法获取位置','0','2020-09-08 11:10:20'),(251,'127.0.0.1','登录账户不存在',1,'局域网，无法获取位置','0','2020-09-08 11:11:52'),(252,'127.0.0.1','登录账户不存在',1,'局域网，无法获取位置','0','2020-09-08 11:12:55'),(253,'127.0.0.1','登录账户不存在',1,'局域网，无法获取位置','0','2020-09-08 11:13:30'),(254,'127.0.0.1','登录账户不存在',1,'局域网，无法获取位置','0','2020-09-08 11:14:56'),(255,'127.0.0.1','登录账户不存在',1,'局域网，无法获取位置','0','2020-09-08 11:15:14'),(256,'127.0.0.1','登录账户不存在',1,'局域网，无法获取位置','0','2020-09-08 11:16:52'),(257,'127.0.0.1','登录账户不存在',1,'局域网，无法获取位置','0','2020-09-08 11:17:13'),(258,'127.0.0.1','登录账户不存在',1,'局域网，无法获取位置','0','2020-09-08 11:20:21'),(259,'127.0.0.1','登录账户不存在',1,'局域网，无法获取位置','0','2020-09-08 11:31:52'),(260,'127.0.0.1','登录账户不存在',1,'局域网，无法获取位置','0','2020-09-08 11:32:04'),(261,'127.0.0.1','登录账户不存在',1,'局域网，无法获取位置','0','2020-09-08 11:32:08'),(262,'127.0.0.1','登录账户不存在',1,'局域网，无法获取位置','0','2020-09-08 11:32:22'),(263,'0:0:0:0:0:0:0:1','用户登录成功',0,'获取位置失败','0','2020-09-08 11:50:04'),(264,'127.0.0.1','登录账户不存在',1,'局域网，无法获取位置','0','2020-09-08 11:54:12'),(265,'127.0.0.1','登录账户不存在',1,'局域网，无法获取位置','0','2020-09-08 11:54:35'),(266,'127.0.0.1','登录账户不存在',1,'局域网，无法获取位置','0','2020-09-08 11:54:46'),(267,'127.0.0.1','登录账户不存在',1,'局域网，无法获取位置','0','2020-09-08 11:55:01'),(268,'0:0:0:0:0:0:0:1','用户登录成功',0,'获取位置失败','0','2020-09-08 11:58:19'),(269,'0:0:0:0:0:0:0:1','用户登录成功',0,'获取位置失败','0','2020-09-08 11:59:15'),(270,'127.0.0.1','登录账户不存在',1,'局域网，无法获取位置','0','2020-09-08 12:06:42'),(271,'127.0.0.1','登录账户不存在',1,'局域网，无法获取位置','0','2020-09-08 12:06:57'),(272,'127.0.0.1','登录账户不存在',1,'局域网，无法获取位置','0','2020-09-08 12:08:25'),(273,'127.0.0.1','登录账户不存在',1,'局域网，无法获取位置','0','2020-09-08 12:08:52'),(274,'127.0.0.1','登录账户不存在',1,'局域网，无法获取位置','0','2020-09-08 12:12:37'),(275,'127.0.0.1','登录账户不存在',1,'局域网，无法获取位置','0','2020-09-08 13:16:31'),(276,'127.0.0.1','登录账户不存在',1,'局域网，无法获取位置','0','2020-09-08 13:16:42'),(277,'127.0.0.1','登录账户不存在',1,'局域网，无法获取位置','0','2020-09-08 13:34:59'),(278,'127.0.0.1','登录账户不存在',1,'局域网，无法获取位置','0','2020-09-08 13:35:07'),(279,'127.0.0.1','登录账户不存在',1,'局域网，无法获取位置','0','2020-09-08 13:51:06'),(280,'127.0.0.1','登录账户不存在',1,'局域网，无法获取位置','0','2020-09-08 13:51:28'),(281,'127.0.0.1','登录账户不存在',1,'局域网，无法获取位置','0','2020-09-08 14:01:00'),(282,'127.0.0.1','登录账户不存在',1,'局域网，无法获取位置','0','2020-09-08 14:01:17'),(283,'127.0.0.1','登录账户不存在',1,'局域网，无法获取位置','0','2020-09-08 14:02:55'),(284,'127.0.0.1','登录账户不存在',1,'局域网，无法获取位置','0','2020-09-08 14:03:19'),(285,'127.0.0.1','登录账户不存在',1,'局域网，无法获取位置','0','2020-09-08 14:33:04'),(286,'127.0.0.1','登录账户不存在',1,'局域网，无法获取位置','0','2020-09-08 14:33:05'),(287,'127.0.0.1','登录账户不存在',1,'局域网，无法获取位置','0','2020-09-08 14:33:30'),(288,'127.0.0.1','登录账户不存在',1,'局域网，无法获取位置','0','2020-09-08 14:33:53'),(289,'127.0.0.1','登录账户不存在',1,'局域网，无法获取位置','0','2020-09-08 14:44:24'),(290,'127.0.0.1','登录账户不存在',1,'局域网，无法获取位置','0','2020-09-08 14:44:47'),(291,'127.0.0.1','登录账户不存在',1,'局域网，无法获取位置','0','2020-09-08 14:45:09'),(292,'127.0.0.1','登录账户不存在',1,'局域网，无法获取位置','0','2020-09-08 14:57:04'),(293,'127.0.0.1','登录账户不存在',1,'局域网，无法获取位置','0','2020-09-08 14:57:30'),(294,'127.0.0.1','登录账户不存在',1,'局域网，无法获取位置','0','2020-09-08 15:09:09'),(295,'127.0.0.1','登录账户不存在',1,'局域网，无法获取位置','0','2020-09-08 15:09:17'),(296,'127.0.0.1','登录账户不存在',1,'局域网，无法获取位置','0','2020-09-08 15:09:43'),(297,'127.0.0.1','登录账户不存在',1,'局域网，无法获取位置','0','2020-09-08 15:09:48'),(298,'127.0.0.1','登录账户不存在',1,'局域网，无法获取位置','0','2020-09-08 15:09:54'),(299,'127.0.0.1','登录账户不存在',1,'局域网，无法获取位置','0','2020-09-08 15:10:02'),(300,'127.0.0.1','登录账户不存在',1,'局域网，无法获取位置','0','2020-09-08 15:10:08'),(301,'127.0.0.1','登录账户不存在',1,'局域网，无法获取位置','0','2020-09-08 15:10:18'),(302,'127.0.0.1','登录账户不存在',1,'局域网，无法获取位置','0','2020-09-08 15:20:46'),(303,'127.0.0.1','登录账户不存在',1,'局域网，无法获取位置','0','2020-09-08 15:20:54'),(304,'127.0.0.1','登录账户不存在',1,'局域网，无法获取位置','0','2020-09-08 15:32:52'),(305,'127.0.0.1','登录账户不存在',1,'局域网，无法获取位置','0','2020-09-08 15:33:00'),(306,'127.0.0.1','登录账户不存在',1,'局域网，无法获取位置','0','2020-09-08 15:41:01'),(307,'127.0.0.1','登录账户不存在',1,'局域网，无法获取位置','0','2020-09-08 15:44:57'),(308,'127.0.0.1','登录账户不存在',1,'局域网，无法获取位置','0','2020-09-08 15:45:17'),(309,'127.0.0.1','登录账户不存在',1,'局域网，无法获取位置','0','2020-09-08 15:46:31'),(310,'127.0.0.1','登录账户不存在',1,'局域网，无法获取位置','0','2020-09-08 16:08:10'),(311,'127.0.0.1','登录账户不存在',1,'局域网，无法获取位置','0','2020-09-08 16:08:34'),(312,'127.0.0.1','登录账户不存在',1,'局域网，无法获取位置','0','2020-09-08 16:08:43'),(313,'127.0.0.1','登录账户不存在',1,'局域网，无法获取位置','0','2020-09-08 16:11:56'),(314,'127.0.0.1','登录账户不存在',1,'局域网，无法获取位置','0','2020-09-08 16:12:28'),(315,'127.0.0.1','登录账户不存在',1,'局域网，无法获取位置','0','2020-09-08 16:19:33'),(316,'127.0.0.1','登录账户不存在',1,'局域网，无法获取位置','0','2020-09-08 16:21:35'),(317,'127.0.0.1','登录账户不存在',1,'局域网，无法获取位置','0','2020-09-08 16:22:38'),(318,'127.0.0.1','登录账户不存在',1,'局域网，无法获取位置','0','2020-09-08 16:22:43'),(319,'127.0.0.1','登录账户不存在',1,'局域网，无法获取位置','0','2020-09-08 16:27:15'),(320,'127.0.0.1','登录账户不存在',1,'局域网，无法获取位置','0','2020-09-08 16:27:28'),(321,'127.0.0.1','登录账户不存在',1,'局域网，无法获取位置','0','2020-09-08 16:28:21'),(322,'127.0.0.1','登录账户不存在',1,'局域网，无法获取位置','0','2020-09-08 16:38:12'),(323,'127.0.0.1','登录账户不存在',1,'局域网，无法获取位置','0','2020-09-08 16:38:26'),(324,'127.0.0.1','登录账户不存在',1,'局域网，无法获取位置','0','2020-09-08 16:48:07'),(325,'127.0.0.1','登录账户不存在',1,'局域网，无法获取位置','0','2020-09-08 16:48:19'),(326,'127.0.0.1','登录账户不存在',1,'局域网，无法获取位置','0','2020-09-08 16:48:35'),(327,'127.0.0.1','登录账户不存在',1,'局域网，无法获取位置','0','2020-09-08 16:48:42'),(328,'127.0.0.1','登录账户不存在',1,'局域网，无法获取位置','0','2020-09-08 16:48:55'),(329,'127.0.0.1','登录账户不存在',1,'局域网，无法获取位置','0','2020-09-08 17:21:33'),(330,'127.0.0.1','登录账户不存在',1,'局域网，无法获取位置','0','2020-09-08 17:21:53'),(331,'127.0.0.1','登录账户不存在',1,'局域网，无法获取位置','0','2020-09-08 17:22:21'),(332,'127.0.0.1','登录账户不存在',1,'局域网，无法获取位置','0','2020-09-08 17:22:27'),(333,'127.0.0.1','登录账户不存在',1,'局域网，无法获取位置','0','2020-09-08 17:23:40'),(334,'127.0.0.1','登录账户不存在',1,'局域网，无法获取位置','0','2020-09-08 17:27:08'),(335,'127.0.0.1','登录账户不存在',1,'局域网，无法获取位置','0','2020-09-08 17:27:27'),(336,'127.0.0.1','登录账户不存在',1,'局域网，无法获取位置','0','2020-09-08 17:35:02'),(337,'127.0.0.1','登录账户不存在',1,'局域网，无法获取位置','0','2020-09-08 17:35:24'),(338,'127.0.0.1','登录账户不存在',1,'局域网，无法获取位置','0','2020-09-08 17:35:38'),(339,'127.0.0.1','登录账户不存在',1,'局域网，无法获取位置','0','2020-09-08 17:40:25'),(340,'127.0.0.1','登录账户不存在',1,'局域网，无法获取位置','0','2020-09-08 17:57:37'),(341,'127.0.0.1','登录账户不存在',1,'局域网，无法获取位置','0','2020-09-08 17:58:01'),(342,'127.0.0.1','用户登录成功',0,'局域网，无法获取位置','0','2020-09-08 18:21:55'),(343,'127.0.0.1','登录账户不存在',1,'局域网，无法获取位置','0','2020-09-08 18:29:42'),(344,'127.0.0.1','登录账户不存在',1,'局域网，无法获取位置','0','2020-09-08 18:29:55'),(345,'127.0.0.1','登录账户不存在',1,'局域网，无法获取位置','0','2020-09-08 18:30:06'),(346,'127.0.0.1','用户登录成功',0,'局域网，无法获取位置','0','2020-09-08 18:31:32'),(347,'127.0.0.1','登录账户不存在',1,'局域网，无法获取位置','0','2020-09-08 18:35:14'),(348,'127.0.0.1','登录账户不存在',1,'局域网，无法获取位置','0','2020-09-08 18:35:55'),(349,'127.0.0.1','登录账户不存在',1,'局域网，无法获取位置','0','2020-09-08 19:45:09'),(350,'127.0.0.1','登录账户不存在',1,'局域网，无法获取位置','0','2020-09-08 19:45:24'),(351,'127.0.0.1','登录账户不存在',1,'局域网，无法获取位置','0','2020-09-08 22:59:34'),(352,'127.0.0.1','登录账户不存在',1,'局域网，无法获取位置','0','2020-09-08 23:00:06'),(353,'127.0.0.1','用户登录成功',0,'局域网，无法获取位置','0','2020-09-08 23:16:12'),(354,'127.0.0.1','登录账户不存在',1,'局域网，无法获取位置','0','2020-09-08 23:21:18'),(355,'127.0.0.1','登录账户不存在',1,'局域网，无法获取位置','0','2020-09-08 23:22:26'),(356,'127.0.0.1','登录账户不存在',1,'局域网，无法获取位置','0','2020-09-08 23:22:34'),(357,'127.0.0.1','登录账户不存在',1,'局域网，无法获取位置','0','2020-09-08 23:22:44'),(358,'117.177.196.194','登录账户不存在',1,'四川省宜宾市 移动','0','2020-09-08 23:53:29'),(359,'117.177.196.194','登录账户不存在',1,'四川省宜宾市 移动','0','2020-09-08 23:53:51'),(360,'117.177.196.194','登录账户不存在',1,'四川省宜宾市 移动','0','2020-09-08 23:54:24'),(361,'127.0.0.1','登录账户不存在',1,'局域网，无法获取位置','0','2020-09-09 00:22:27'),(362,'127.0.0.1','登录账户不存在',1,'局域网，无法获取位置','0','2020-09-09 00:23:15'),(363,'127.0.0.1','用户登录成功',0,'局域网，无法获取位置','0','2020-09-09 00:28:32'),(364,'127.0.0.1','登录账户不存在',1,'局域网，无法获取位置','0','2020-09-09 01:10:19'),(365,'127.0.0.1','登录账户不存在',1,'局域网，无法获取位置','0','2020-09-09 08:15:30'),(366,'127.0.0.1','登录账户不存在',1,'局域网，无法获取位置','0','2020-09-09 08:15:54'),(367,'127.0.0.1','登录账户不存在',1,'局域网，无法获取位置','0','2020-09-09 08:38:18'),(368,'127.0.0.1','登录账户不存在',1,'局域网，无法获取位置','0','2020-09-09 08:38:34'),(369,'127.0.0.1','登录账户不存在',1,'局域网，无法获取位置','0','2020-09-09 08:39:38'),(370,'127.0.0.1','登录账户不存在',1,'局域网，无法获取位置','0','2020-09-09 08:39:55'),(371,'127.0.0.1','登录账户不存在',1,'局域网，无法获取位置','0','2020-09-09 08:40:02'),(372,'127.0.0.1','登录账户不存在',1,'局域网，无法获取位置','0','2020-09-09 08:40:08'),(373,'127.0.0.1','登录账户不存在',1,'局域网，无法获取位置','0','2020-09-09 08:48:36'),(374,'127.0.0.1','登录账户不存在',1,'局域网，无法获取位置','0','2020-09-09 08:48:47'),(375,'127.0.0.1','登录账户不存在',1,'局域网，无法获取位置','0','2020-09-09 08:49:15'),(376,'127.0.0.1','登录账户不存在',1,'局域网，无法获取位置','0','2020-09-09 08:49:17'),(377,'127.0.0.1','登录账户不存在',1,'局域网，无法获取位置','0','2020-09-09 08:49:27'),(378,'127.0.0.1','登录账户不存在',1,'局域网，无法获取位置','0','2020-09-09 08:49:36'),(379,'127.0.0.1','登录账户不存在',1,'局域网，无法获取位置','0','2020-09-09 09:06:54'),(380,'127.0.0.1','登录账户不存在',1,'局域网，无法获取位置','0','2020-09-09 09:07:17'),(381,'127.0.0.1','登录账户不存在',1,'局域网，无法获取位置','0','2020-09-09 09:07:55'),(382,'127.0.0.1','登录账户不存在',1,'局域网，无法获取位置','0','2020-09-09 09:10:27'),(383,'127.0.0.1','登录账户不存在',1,'局域网，无法获取位置','0','2020-09-09 09:10:41'),(384,'127.0.0.1','登录账户不存在',1,'局域网，无法获取位置','0','2020-09-09 09:14:05'),(385,'127.0.0.1','登录账户不存在',1,'局域网，无法获取位置','0','2020-09-09 09:14:33'),(386,'127.0.0.1','登录账户不存在',1,'局域网，无法获取位置','0','2020-09-09 09:14:45'),(387,'127.0.0.1','登录账户不存在',1,'局域网，无法获取位置','0','2020-09-09 09:24:15'),(388,'127.0.0.1','登录账户不存在',1,'局域网，无法获取位置','0','2020-09-09 09:25:39'),(389,'127.0.0.1','用户登录成功',0,'局域网，无法获取位置','0','2020-09-09 09:31:05'),(390,'127.0.0.1','登录账户不存在',1,'局域网，无法获取位置','0','2020-09-09 09:33:34'),(391,'127.0.0.1','登录账户不存在',1,'局域网，无法获取位置','0','2020-09-09 09:57:24'),(392,'127.0.0.1','登录账户不存在',1,'局域网，无法获取位置','0','2020-09-09 09:58:37'),(393,'127.0.0.1','登录账户不存在',1,'局域网，无法获取位置','0','2020-09-09 09:59:08'),(394,'36.19.245.92','登录账户不存在',1,'浙江省 电信','0','2020-09-09 10:00:56'),(395,'36.19.245.92','登录账户不存在',1,'浙江省 电信','0','2020-09-09 10:01:22'),(396,'127.0.0.1','登录账户不存在',1,'局域网，无法获取位置','0','2020-09-09 10:05:25'),(397,'127.0.0.1','登录账户不存在',1,'局域网，无法获取位置','0','2020-09-09 10:05:46'),(398,'127.0.0.1','登录账户不存在',1,'局域网，无法获取位置','0','2020-09-09 10:06:10'),(399,'127.0.0.1','登录账户不存在',1,'局域网，无法获取位置','0','2020-09-09 10:11:39'),(400,'127.0.0.1','登录账户不存在',1,'局域网，无法获取位置','0','2020-09-09 10:11:47'),(401,'127.0.0.1','登录账户不存在',1,'局域网，无法获取位置','0','2020-09-09 10:12:01'),(402,'127.0.0.1','用户登录成功',0,'局域网，无法获取位置','0','2020-09-09 10:15:46'),(403,'0:0:0:0:0:0:0:1','用户登录成功',0,'获取位置失败','0','2020-09-09 10:20:45'),(404,'127.0.0.1','登录账户不存在',1,'局域网，无法获取位置','0','2020-09-09 10:38:21'),(405,'127.0.0.1','登录账户不存在',1,'局域网，无法获取位置','0','2020-09-09 10:38:30'),(406,'127.0.0.1','登录账户不存在',1,'局域网，无法获取位置','0','2020-09-09 10:57:39'),(407,'127.0.0.1','登录账户不存在',1,'局域网，无法获取位置','0','2020-09-09 10:57:48'),(408,'127.0.0.1','登录账户不存在',1,'局域网，无法获取位置','0','2020-09-09 10:58:21'),(409,'127.0.0.1','登录账户不存在',1,'局域网，无法获取位置','0','2020-09-09 10:59:20'),(410,'127.0.0.1','登录账户不存在',1,'局域网，无法获取位置','0','2020-09-09 10:59:45'),(411,'127.0.0.1','登录账户不存在',1,'局域网，无法获取位置','0','2020-09-09 11:12:29'),(412,'127.0.0.1','登录账户不存在',1,'局域网，无法获取位置','0','2020-09-09 11:12:50'),(413,'127.0.0.1','登录账户不存在',1,'局域网，无法获取位置','0','2020-09-09 11:33:15'),(414,'127.0.0.1','登录账户不存在',1,'局域网，无法获取位置','0','2020-09-09 11:33:49'),(415,'127.0.0.1','登录账户不存在',1,'局域网，无法获取位置','0','2020-09-09 11:34:15'),(416,'127.0.0.1','用户登录成功',0,'局域网，无法获取位置','0','2020-09-09 11:46:04'),(417,'127.0.0.1','用户登录成功',0,'局域网，无法获取位置','0','2020-09-09 11:49:43'),(418,'0:0:0:0:0:0:0:1','用户登录成功',0,'获取位置失败','0','2020-09-09 11:51:37'),(419,'0:0:0:0:0:0:0:1','用户登录成功',0,'获取位置失败','0','2020-09-09 11:54:31'),(420,'127.0.0.1','用户登录成功',0,'局域网，无法获取位置','0','2020-09-09 12:00:25'),(421,'0:0:0:0:0:0:0:1','用户登录成功',0,'获取位置失败','0','2020-09-09 12:02:50'),(422,'127.0.0.1','登录账户不存在',1,'局域网，无法获取位置','0','2020-09-09 12:26:25'),(423,'127.0.0.1','登录账户不存在',1,'局域网，无法获取位置','0','2020-09-09 12:26:41'),(424,'127.0.0.1','用户登录成功',0,'局域网，无法获取位置','0','2020-09-09 12:35:49'),(425,'127.0.0.1','用户登录成功',0,'局域网，无法获取位置','0','2020-09-09 12:36:57'),(426,'0:0:0:0:0:0:0:1','用户登录成功',0,'获取位置失败','0','2020-09-09 12:37:23'),(427,'0:0:0:0:0:0:0:1','用户登录成功',0,'获取位置失败','0','2020-09-09 12:56:15'),(428,'0:0:0:0:0:0:0:1','用户登录成功',0,'获取位置失败','0','2020-09-09 12:57:15'),(429,'0:0:0:0:0:0:0:1','用户登录成功',0,'获取位置失败','0','2020-09-09 12:59:03'),(430,'127.0.0.1','登录账户不存在',1,'局域网，无法获取位置','0','2020-09-09 13:10:52'),(431,'127.0.0.1','登录账户不存在',1,'局域网，无法获取位置','0','2020-09-09 13:11:10'),(432,'0:0:0:0:0:0:0:1','用户登录成功',0,'获取位置失败','0','2020-09-09 13:36:02'),(433,'0:0:0:0:0:0:0:1','用户登录成功',0,'获取位置失败','0','2020-09-09 13:40:36'),(434,'0:0:0:0:0:0:0:1','用户登录成功',0,'获取位置失败','0','2020-09-09 13:43:27'),(435,'127.0.0.1','登录账户不存在',1,'局域网，无法获取位置','0','2020-09-09 13:47:12'),(436,'127.0.0.1','登录账户不存在',1,'局域网，无法获取位置','0','2020-09-09 13:47:25'),(437,'0:0:0:0:0:0:0:1','用户登录成功',0,'获取位置失败','0','2020-09-09 13:56:38'),(438,'127.0.0.1','登录账户不存在',1,'局域网，无法获取位置','0','2020-09-09 13:58:40'),(439,'127.0.0.1','登录账户不存在',1,'局域网，无法获取位置','0','2020-09-09 13:58:59'),(440,'127.0.0.1','登录账户不存在',1,'局域网，无法获取位置','0','2020-09-09 13:59:51'),(441,'127.0.0.1','用户登录成功',0,'局域网，无法获取位置','0','2020-09-09 14:12:39'),(442,'127.0.0.1','用户登录成功',0,'局域网，无法获取位置','0','2020-09-09 14:12:58'),(443,'127.0.0.1','登录账户不存在',1,'局域网，无法获取位置','0','2020-09-09 14:24:37'),(444,'127.0.0.1','登录账户不存在',1,'局域网，无法获取位置','0','2020-09-09 14:25:00'),(445,'127.0.0.1','登录账户不存在',1,'局域网，无法获取位置','0','2020-09-09 14:27:15'),(446,'127.0.0.1','登录账户不存在',1,'局域网，无法获取位置','0','2020-09-09 14:35:43'),(447,'127.0.0.1','登录账户不存在',1,'局域网，无法获取位置','0','2020-09-09 14:36:05'),(448,'127.0.0.1','登录账户不存在',1,'局域网，无法获取位置','0','2020-09-09 14:38:21'),(449,'127.0.0.1','登录账户不存在',1,'局域网，无法获取位置','0','2020-09-09 14:38:36'),(450,'127.0.0.1','登录账户不存在',1,'局域网，无法获取位置','0','2020-09-09 14:42:27'),(451,'127.0.0.1','登录账户不存在',1,'局域网，无法获取位置','0','2020-09-09 14:43:19'),(452,'127.0.0.1','登录账户不存在',1,'局域网，无法获取位置','0','2020-09-09 14:46:44'),(453,'127.0.0.1','登录账户不存在',1,'局域网，无法获取位置','0','2020-09-09 14:46:49'),(454,'127.0.0.1','登录账户不存在',1,'局域网，无法获取位置','0','2020-09-09 14:46:59'),(455,'127.0.0.1','登录账户不存在',1,'局域网，无法获取位置','0','2020-09-09 14:47:23'),(456,'127.0.0.1','登录账户不存在',1,'局域网，无法获取位置','0','2020-09-09 14:48:53'),(457,'127.0.0.1','登录账户不存在',1,'局域网，无法获取位置','0','2020-09-09 15:06:43'),(458,'127.0.0.1','登录账户不存在',1,'局域网，无法获取位置','0','2020-09-09 15:06:59'),(459,'127.0.0.1','登录账户不存在',1,'局域网，无法获取位置','0','2020-09-09 15:10:58'),(460,'127.0.0.1','登录账户不存在',1,'局域网，无法获取位置','0','2020-09-09 15:11:12'),(461,'127.0.0.1','用户登录成功',0,'局域网，无法获取位置','0','2020-09-09 15:12:28'),(462,'127.0.0.1','登录账户不存在',1,'局域网，无法获取位置','0','2020-09-09 15:14:19'),(463,'127.0.0.1','登录账户不存在',1,'局域网，无法获取位置','0','2020-09-09 15:14:27'),(464,'127.0.0.1','登录账户不存在',1,'局域网，无法获取位置','0','2020-09-09 15:14:50'),(465,'127.0.0.1','用户登录成功',0,'局域网，无法获取位置','0','2020-09-09 15:44:21'),(466,'127.0.0.1','登录账户不存在',1,'局域网，无法获取位置','0','2020-09-09 15:45:51'),(467,'127.0.0.1','登录账户不存在',1,'局域网，无法获取位置','0','2020-09-09 15:46:08'),(468,'127.0.0.1','登录账户不存在',1,'局域网，无法获取位置','0','2020-09-09 15:46:35'),(469,'127.0.0.1','登录账户不存在',1,'局域网，无法获取位置','0','2020-09-09 15:47:40'),(470,'127.0.0.1','登录账户不存在',1,'局域网，无法获取位置','0','2020-09-09 16:16:22'),(471,'127.0.0.1','登录账户不存在',1,'局域网，无法获取位置','0','2020-09-09 16:16:39'),(472,'127.0.0.1','登录账户不存在',1,'局域网，无法获取位置','0','2020-09-09 16:29:58'),(473,'127.0.0.1','登录账户不存在',1,'局域网，无法获取位置','0','2020-09-09 16:30:14'),(474,'127.0.0.1','登录账户不存在',1,'局域网，无法获取位置','0','2020-09-09 16:30:29'),(475,'127.0.0.1','登录账户不存在',1,'局域网，无法获取位置','0','2020-09-09 16:30:40'),(476,'127.0.0.1','登录账户不存在',1,'局域网，无法获取位置','0','2020-09-09 16:33:12'),(477,'127.0.0.1','登录账户不存在',1,'局域网，无法获取位置','0','2020-09-09 16:33:33'),(478,'127.0.0.1','登录账户不存在',1,'局域网，无法获取位置','0','2020-09-09 16:33:46'),(479,'127.0.0.1','登录账户不存在',1,'局域网，无法获取位置','0','2020-09-09 16:34:32'),(480,'127.0.0.1','用户登录成功',0,'局域网，无法获取位置','0','2020-09-09 16:34:35'),(481,'127.0.0.1','登录账户不存在',1,'局域网，无法获取位置','0','2020-09-09 16:35:00'),(482,'127.0.0.1','用户登录成功',0,'局域网，无法获取位置','0','2020-09-09 16:36:12'),(483,'127.0.0.1','用户登录成功',0,'局域网，无法获取位置','0','2020-09-09 16:37:58'),(484,'0:0:0:0:0:0:0:1','用户登录成功',0,'获取位置失败','0','2020-09-09 16:42:45'),(485,'0:0:0:0:0:0:0:1','用户登录成功',0,'获取位置失败','0','2020-09-09 16:54:31'),(486,'127.0.0.1','登录账户不存在',1,'局域网，无法获取位置','0','2020-09-09 16:54:45'),(487,'127.0.0.1','登录账户不存在',1,'局域网，无法获取位置','0','2020-09-09 16:54:58'),(488,'0:0:0:0:0:0:0:1','用户登录成功',0,'获取位置失败','0','2020-09-09 16:59:01'),(489,'127.0.0.1','登录账户不存在',1,'局域网，无法获取位置','0','2020-09-09 17:12:45'),(490,'127.0.0.1','登录账户不存在',1,'局域网，无法获取位置','0','2020-09-09 17:12:59'),(491,'127.0.0.1','登录账户不存在',1,'局域网，无法获取位置','0','2020-09-09 17:13:29'),(492,'127.0.0.1','登录账户不存在',1,'局域网，无法获取位置','0','2020-09-09 17:13:43'),(493,'127.0.0.1','用户登录成功',0,'局域网，无法获取位置','0','2020-09-09 17:14:43'),(494,'127.0.0.1','登录账户不存在',1,'局域网，无法获取位置','0','2020-09-09 17:15:25'),(495,'127.0.0.1','登录账户不存在',1,'局域网，无法获取位置','0','2020-09-09 17:15:52'),(496,'127.0.0.1','登录账户不存在',1,'局域网，无法获取位置','0','2020-09-09 17:23:01'),(497,'127.0.0.1','登录账户不存在',1,'局域网，无法获取位置','0','2020-09-09 17:23:27'),(498,'0:0:0:0:0:0:0:1','用户登录成功',0,'获取位置失败','0','2020-09-09 17:24:09'),(499,'127.0.0.1','登录账户不存在',1,'局域网，无法获取位置','0','2020-09-09 17:27:57'),(500,'127.0.0.1','用户登录成功',0,'局域网，无法获取位置','0','2020-09-09 17:30:38'),(501,'127.0.0.1','登录账户不存在',1,'局域网，无法获取位置','0','2020-09-09 17:35:19'),(502,'127.0.0.1','用户登录成功',0,'局域网，无法获取位置','0','2020-09-09 17:37:01'),(503,'127.0.0.1','登录账户不存在',1,'局域网，无法获取位置','0','2020-09-09 17:42:52'),(504,'127.0.0.1','登录账户不存在',1,'局域网，无法获取位置','0','2020-09-09 17:43:09'),(505,'127.0.0.1','用户登录成功',0,'局域网，无法获取位置','0','2020-09-09 17:47:16'),(506,'127.0.0.1','登录账户不存在',1,'局域网，无法获取位置','0','2020-09-09 17:51:34'),(507,'127.0.0.1','登录账户不存在',1,'局域网，无法获取位置','0','2020-09-09 17:51:51'),(508,'127.0.0.1','登录账户不存在',1,'局域网，无法获取位置','0','2020-09-09 17:52:12'),(509,'127.0.0.1','用户登录成功',0,'局域网，无法获取位置','0','2020-09-09 17:56:02'),(510,'127.0.0.1','用户登录成功',0,'局域网，无法获取位置','0','2020-09-09 17:58:05'),(511,'127.0.0.1','登录账户不存在',1,'局域网，无法获取位置','0','2020-09-09 19:14:45'),(512,'127.0.0.1','登录账户不存在',1,'局域网，无法获取位置','0','2020-09-09 19:14:52'),(513,'127.0.0.1','登录账户不存在',1,'局域网，无法获取位置','0','2020-09-09 19:15:06'),(514,'127.0.0.1','登录账户不存在',1,'局域网，无法获取位置','0','2020-09-09 19:16:07'),(515,'127.0.0.1','登录账户不存在',1,'局域网，无法获取位置','0','2020-09-09 20:01:44'),(516,'127.0.0.1','登录账户不存在',1,'局域网，无法获取位置','0','2020-09-09 20:02:30'),(517,'127.0.0.1','登录账户不存在',1,'局域网，无法获取位置','0','2020-09-09 20:02:41'),(518,'127.0.0.1','用户登录成功',0,'局域网，无法获取位置','0','2020-09-09 20:04:10'),(519,'127.0.0.1','登录账户不存在',1,'局域网，无法获取位置','0','2020-09-09 20:13:20'),(520,'127.0.0.1','用户登录成功',0,'局域网，无法获取位置','0','2020-09-09 20:13:52'),(521,'127.0.0.1','登录账户不存在',1,'局域网，无法获取位置','0','2020-09-09 20:17:18'),(522,'127.0.0.1','登录账户不存在',1,'局域网，无法获取位置','0','2020-09-09 20:17:49'),(523,'127.0.0.1','用户登录成功',0,'局域网，无法获取位置','0','2020-09-09 20:31:13'),(524,'127.0.0.1','用户登录成功',0,'局域网，无法获取位置','0','2020-09-09 20:32:46'),(525,'127.0.0.1','登录账户不存在',1,'局域网，无法获取位置','0','2020-09-09 21:12:45'),(526,'127.0.0.1','登录账户不存在',1,'局域网，无法获取位置','0','2020-09-09 21:13:06'),(527,'127.0.0.1','登录账户不存在',1,'局域网，无法获取位置','0','2020-09-09 21:13:20'),(528,'127.0.0.1','登录账户不存在',1,'局域网，无法获取位置','0','2020-09-09 21:24:17'),(529,'127.0.0.1','登录账户不存在',1,'局域网，无法获取位置','0','2020-09-09 21:24:37'),(530,'127.0.0.1','登录账户不存在',1,'局域网，无法获取位置','0','2020-09-09 21:24:55'),(531,'127.0.0.1','用户登录成功',0,'局域网，无法获取位置','0','2020-09-09 21:29:08'),(532,'127.0.0.1','用户登录成功',0,'局域网，无法获取位置','0','2020-09-09 23:08:23'),(533,'127.0.0.1','用户登录成功',0,'局域网，无法获取位置','0','2020-09-09 23:08:44'),(534,'127.0.0.1','登录账户不存在',1,'局域网，无法获取位置','0','2020-09-10 01:10:18'),(535,'127.0.0.1','登录账户不存在',1,'局域网，无法获取位置','0','2020-09-10 01:10:32'),(536,'127.0.0.1','登录账户不存在',1,'局域网，无法获取位置','0','2020-09-10 08:04:29'),(537,'127.0.0.1','用户登录成功',0,'局域网，无法获取位置','0','2020-09-10 08:06:18'),(538,'127.0.0.1','登录账户不存在',1,'局域网，无法获取位置','0','2020-09-10 08:42:10'),(539,'127.0.0.1','登录账户不存在',1,'局域网，无法获取位置','0','2020-09-10 08:42:34'),(540,'127.0.0.1','登录账户不存在',1,'局域网，无法获取位置','0','2020-09-10 08:42:51'),(541,'127.0.0.1','登录账户不存在',1,'局域网，无法获取位置','0','2020-09-10 09:00:40'),(542,'127.0.0.1','登录账户不存在',1,'局域网，无法获取位置','0','2020-09-10 09:00:44'),(543,'127.0.0.1','登录账户不存在',1,'局域网，无法获取位置','0','2020-09-10 09:01:01'),(544,'127.0.0.1','登录账户不存在',1,'局域网，无法获取位置','0','2020-09-10 09:02:34'),(545,'127.0.0.1','登录账户不存在',1,'局域网，无法获取位置','0','2020-09-10 09:19:12'),(546,'127.0.0.1','登录账户不存在',1,'局域网，无法获取位置','0','2020-09-10 09:19:22'),(547,'127.0.0.1','登录账户不存在',1,'局域网，无法获取位置','0','2020-09-10 09:24:02'),(548,'127.0.0.1','登录账户不存在',1,'局域网，无法获取位置','0','2020-09-10 09:27:29'),(549,'127.0.0.1','登录账户不存在',1,'局域网，无法获取位置','0','2020-09-10 09:27:43'),(550,'127.0.0.1','登录账户不存在',1,'局域网，无法获取位置','0','2020-09-10 09:44:01'),(551,'127.0.0.1','登录账户不存在',1,'局域网，无法获取位置','0','2020-09-10 09:44:09'),(552,'127.0.0.1','登录账户不存在',1,'局域网，无法获取位置','0','2020-09-10 09:44:14'),(553,'127.0.0.1','登录账户不存在',1,'局域网，无法获取位置','0','2020-09-10 09:44:29'),(554,'127.0.0.1','用户登录成功',0,'局域网，无法获取位置','0','2020-09-10 09:48:44'),(555,'127.0.0.1','登录账户不存在',1,'局域网，无法获取位置','0','2020-09-10 09:54:11'),(556,'127.0.0.1','登录账户不存在',1,'局域网，无法获取位置','0','2020-09-10 09:54:23'),(557,'127.0.0.1','用户登录成功',0,'局域网，无法获取位置','0','2020-09-10 11:26:44'),(558,'127.0.0.1','登录账户不存在',1,'局域网，无法获取位置','0','2020-09-10 11:56:25'),(559,'127.0.0.1','登录账户不存在',1,'局域网，无法获取位置','0','2020-09-10 11:56:34'),(560,'127.0.0.1','用户登录成功',0,'局域网，无法获取位置','0','2020-09-10 14:14:42'),(561,'127.0.0.1','用户登录成功',0,'局域网，无法获取位置','0','2020-09-10 14:14:44'),(562,'127.0.0.1','用户登录成功',0,'局域网，无法获取位置','0','2020-09-10 14:20:30'),(563,'127.0.0.1','用户登录成功',0,'局域网，无法获取位置','0','2020-09-10 14:24:15'),(564,'127.0.0.1','登录账户不存在',1,'局域网，无法获取位置','0','2020-09-10 14:46:43'),(565,'127.0.0.1','登录账户不存在',1,'局域网，无法获取位置','0','2020-09-10 14:58:15'),(566,'127.0.0.1','登录账户不存在',1,'局域网，无法获取位置','0','2020-09-10 14:58:40'),(567,'127.0.0.1','登录账户不存在',1,'局域网，无法获取位置','0','2020-09-10 14:58:54'),(568,'127.0.0.1','登录账户不存在',1,'局域网，无法获取位置','0','2020-09-10 14:58:56'),(569,'127.0.0.1','登录账户不存在',1,'局域网，无法获取位置','0','2020-09-10 14:59:03'),(570,'127.0.0.1','用户登录成功',0,'局域网，无法获取位置','0','2020-09-10 15:12:23'),(571,'127.0.0.1','登录账户不存在',1,'局域网，无法获取位置','0','2020-09-10 15:24:49'),(572,'127.0.0.1','登录账户不存在',1,'局域网，无法获取位置','0','2020-09-10 15:24:54'),(573,'127.0.0.1','登录账户不存在',1,'局域网，无法获取位置','0','2020-09-10 16:00:13'),(574,'127.0.0.1','登录账户不存在',1,'局域网，无法获取位置','0','2020-09-10 16:00:39'),(575,'127.0.0.1','登录账户不存在',1,'局域网，无法获取位置','0','2020-09-10 16:00:54'),(576,'127.0.0.1','登录账户不存在',1,'局域网，无法获取位置','0','2020-09-10 16:05:14'),(577,'127.0.0.1','登录账户不存在',1,'局域网，无法获取位置','0','2020-09-10 16:05:38'),(578,'127.0.0.1','用户登录成功',0,'局域网，无法获取位置','0','2020-09-10 16:05:40'),(579,'127.0.0.1','登录账户不存在',1,'局域网，无法获取位置','0','2020-09-10 16:43:18'),(580,'127.0.0.1','登录账户不存在',1,'局域网，无法获取位置','0','2020-09-10 16:43:36'),(581,'127.0.0.1','用户登录成功',0,'局域网，无法获取位置','0','2020-09-10 16:44:02'),(582,'127.0.0.1','登录账户不存在',1,'局域网，无法获取位置','0','2020-09-10 16:45:34'),(583,'127.0.0.1','登录账户不存在',1,'局域网，无法获取位置','0','2020-09-10 16:46:16'),(584,'127.0.0.1','登录账户不存在',1,'局域网，无法获取位置','0','2020-09-10 16:46:58'),(585,'127.0.0.1','登录账户不存在',1,'局域网，无法获取位置','0','2020-09-10 17:23:01'),(586,'127.0.0.1','登录账户不存在',1,'局域网，无法获取位置','0','2020-09-10 17:23:08'),(587,'127.0.0.1','登录账户不存在',1,'局域网，无法获取位置','0','2020-09-10 17:27:53'),(588,'127.0.0.1','登录账户不存在',1,'局域网，无法获取位置','0','2020-09-10 17:28:10'),(589,'127.0.0.1','用户登录成功',0,'局域网，无法获取位置','0','2020-09-10 17:45:51'),(590,'127.0.0.1','登录账户不存在',1,'局域网，无法获取位置','0','2020-09-10 18:01:22'),(591,'127.0.0.1','登录账户不存在',1,'局域网，无法获取位置','0','2020-09-10 18:01:30'),(592,'127.0.0.1','登录账户不存在',1,'局域网，无法获取位置','0','2020-09-10 18:01:37'),(593,'127.0.0.1','登录账户不存在',1,'局域网，无法获取位置','0','2020-09-10 18:02:14'),(594,'127.0.0.1','用户登录成功',0,'局域网，无法获取位置','0','2020-09-10 18:03:18'),(595,'127.0.0.1','登录账户不存在',1,'局域网，无法获取位置','0','2020-09-10 18:26:12'),(596,'127.0.0.1','登录账户不存在',1,'局域网，无法获取位置','0','2020-09-10 18:26:18'),(597,'127.0.0.1','登录账户不存在',1,'局域网，无法获取位置','0','2020-09-10 18:26:33'),(598,'127.0.0.1','登录账户不存在',1,'局域网，无法获取位置','0','2020-09-10 19:28:09'),(599,'127.0.0.1','用户登录成功',0,'局域网，无法获取位置','0','2020-09-10 19:46:19'),(600,'127.0.0.1','登录账户不存在',1,'局域网，无法获取位置','0','2020-09-10 19:58:33'),(601,'127.0.0.1','登录账户不存在',1,'局域网，无法获取位置','0','2020-09-10 19:59:02'),(602,'127.0.0.1','用户登录成功',0,'局域网，无法获取位置','0','2020-09-10 20:19:56'),(603,'127.0.0.1','登录账户不存在',1,'局域网，无法获取位置','0','2020-09-10 20:29:04'),(604,'127.0.0.1','登录密码不正确',1,'局域网，无法获取位置','0','2020-09-10 20:48:14'),(605,'127.0.0.1','用户登录成功',0,'局域网，无法获取位置','0','2020-09-10 20:48:30'),(606,'127.0.0.1','用户登录成功',0,'局域网，无法获取位置','0','2020-09-10 20:50:24'),(607,'127.0.0.1','用户登录成功',0,'局域网，无法获取位置','0','2020-09-10 20:51:21'),(608,'127.0.0.1','用户登录成功',0,'局域网，无法获取位置','0','2020-09-10 20:55:30'),(609,'127.0.0.1','用户登录成功',0,'局域网，无法获取位置','0','2020-09-10 20:58:31'),(610,'127.0.0.1','登录账户不存在',1,'局域网，无法获取位置','0','2020-09-10 21:12:19'),(611,'127.0.0.1','登录账户不存在',1,'局域网，无法获取位置','0','2020-09-10 21:12:55'),(612,'127.0.0.1','登录账户不存在',1,'局域网，无法获取位置','0','2020-09-10 21:13:13'),(613,'127.0.0.1','用户登录成功',0,'局域网，无法获取位置','0','2020-09-10 21:14:28'),(614,'127.0.0.1','登录账户不存在',1,'局域网，无法获取位置','0','2020-09-10 22:57:11'),(615,'127.0.0.1','登录账户不存在',1,'局域网，无法获取位置','0','2020-09-10 22:57:43'),(616,'127.0.0.1','登录账户不存在',1,'局域网，无法获取位置','0','2020-09-10 23:04:19'),(617,'127.0.0.1','登录账户不存在',1,'局域网，无法获取位置','0','2020-09-10 23:04:56'),(618,'127.0.0.1','登录账户不存在',1,'局域网，无法获取位置','0','2020-09-11 00:16:19'),(619,'127.0.0.1','登录账户不存在',1,'局域网，无法获取位置','0','2020-09-11 00:16:36'),(620,'127.0.0.1','用户登录成功',0,'局域网，无法获取位置','0','2020-09-11 04:38:17'),(621,'49.90.174.46','登录账户不存在',1,'江苏省 电信','0','2020-09-11 08:28:42'),(622,'127.0.0.1','登录账户不存在',1,'局域网，无法获取位置','0','2020-09-11 08:31:52'),(623,'127.0.0.1','登录账户不存在',1,'局域网，无法获取位置','0','2020-09-11 08:31:56'),(624,'127.0.0.1','登录账户不存在',1,'局域网，无法获取位置','0','2020-09-11 08:32:15'),(625,'127.0.0.1','登录账户不存在',1,'局域网，无法获取位置','0','2020-09-11 08:34:48'),(626,'127.0.0.1','用户登录成功',0,'局域网，无法获取位置','0','2020-09-11 08:35:50'),(627,'127.0.0.1','用户登录成功',0,'局域网，无法获取位置','0','2020-09-11 08:47:26'),(628,'127.0.0.1','登录账户不存在',1,'局域网，无法获取位置','0','2020-09-11 08:51:25'),(629,'127.0.0.1','登录账户不存在',1,'局域网，无法获取位置','0','2020-09-11 08:51:43'),(630,'127.0.0.1','登录账户不存在',1,'局域网，无法获取位置','0','2020-09-11 09:00:50'),(631,'127.0.0.1','登录账户不存在',1,'局域网，无法获取位置','0','2020-09-11 09:00:58'),(632,'127.0.0.1','登录账户不存在',1,'局域网，无法获取位置','0','2020-09-11 09:01:15'),(633,'127.0.0.1','登录账户不存在',1,'局域网，无法获取位置','0','2020-09-11 09:16:04'),(634,'127.0.0.1','用户登录成功',0,'局域网，无法获取位置','0','2020-09-11 09:30:47'),(635,'127.0.0.1','登录账户不存在',1,'局域网，无法获取位置','0','2020-09-11 09:49:24'),(636,'127.0.0.1','登录账户不存在',1,'局域网，无法获取位置','0','2020-09-11 09:49:36'),(637,'127.0.0.1','登录账户不存在',1,'局域网，无法获取位置','0','2020-09-11 09:50:20'),(638,'127.0.0.1','登录账户不存在',1,'局域网，无法获取位置','0','2020-09-11 10:07:43'),(639,'127.0.0.1','登录账户不存在',1,'局域网，无法获取位置','0','2020-09-11 10:08:03'),(640,'127.0.0.1','用户登录成功',0,'局域网，无法获取位置','0','2020-09-11 10:28:28'),(641,'127.0.0.1','登录密码不正确',1,'局域网，无法获取位置','0','2020-09-11 10:42:15'),(642,'127.0.0.1','用户登录成功',0,'局域网，无法获取位置','0','2020-09-11 10:42:24'),(643,'127.0.0.1','用户登录成功',0,'局域网，无法获取位置','0','2020-09-11 10:43:49'),(644,'127.0.0.1','登录账户不存在',1,'局域网，无法获取位置','0','2020-09-11 10:55:30'),(645,'127.0.0.1','登录账户不存在',1,'局域网，无法获取位置','0','2020-09-11 10:55:36'),(646,'127.0.0.1','登录账户不存在',1,'局域网，无法获取位置','0','2020-09-11 10:55:55'),(647,'127.0.0.1','用户登录成功',0,'局域网，无法获取位置','0','2020-09-11 11:00:52'),(648,'127.0.0.1','用户登录成功',0,'局域网，无法获取位置','0','2020-09-11 11:32:12'),(649,'127.0.0.1','登录账户不存在',1,'局域网，无法获取位置','0','2020-09-11 11:37:55'),(650,'127.0.0.1','登录账户不存在',1,'局域网，无法获取位置','0','2020-09-11 11:38:15'),(651,'127.0.0.1','登录账户不存在',1,'局域网，无法获取位置','0','2020-09-11 11:38:30'),(652,'127.0.0.1','登录账户不存在',1,'局域网，无法获取位置','0','2020-09-11 11:38:48'),(653,'127.0.0.1','登录账户不存在',1,'局域网，无法获取位置','0','2020-09-11 11:38:50'),(654,'127.0.0.1','登录账户不存在',1,'局域网，无法获取位置','0','2020-09-11 11:39:01'),(655,'127.0.0.1','用户登录成功',0,'局域网，无法获取位置','0','2020-09-11 11:40:24'),(656,'127.0.0.1','登录账户不存在',1,'局域网，无法获取位置','0','2020-09-11 11:41:28'),(657,'127.0.0.1','登录账户不存在',1,'局域网，无法获取位置','0','2020-09-11 11:41:46'),(658,'127.0.0.1','登录账户不存在',1,'局域网，无法获取位置','0','2020-09-11 11:57:15'),(659,'127.0.0.1','登录账户不存在',1,'局域网，无法获取位置','0','2020-09-11 11:57:37'),(660,'127.0.0.1','登录账户不存在',1,'局域网，无法获取位置','0','2020-09-11 12:51:43'),(661,'127.0.0.1','登录账户不存在',1,'局域网，无法获取位置','0','2020-09-11 13:03:17'),(662,'127.0.0.1','登录账户不存在',1,'局域网，无法获取位置','0','2020-09-11 13:05:22'),(663,'127.0.0.1','登录账户不存在',1,'局域网，无法获取位置','0','2020-09-11 13:09:40'),(664,'127.0.0.1','登录账户不存在',1,'局域网，无法获取位置','0','2020-09-11 13:10:12'),(665,'127.0.0.1','登录账户不存在',1,'局域网，无法获取位置','0','2020-09-11 13:11:06'),(666,'127.0.0.1','用户登录成功',0,'局域网，无法获取位置','0','2020-09-11 13:14:17'),(667,'127.0.0.1','登录账户不存在',1,'局域网，无法获取位置','0','2020-09-11 13:56:32'),(668,'127.0.0.1','登录账户不存在',1,'局域网，无法获取位置','0','2020-09-11 13:56:39'),(669,'127.0.0.1','登录账户不存在',1,'局域网，无法获取位置','0','2020-09-11 13:56:54'),(670,'127.0.0.1','登录账户不存在',1,'局域网，无法获取位置','0','2020-09-11 13:57:02'),(671,'127.0.0.1','登录账户不存在',1,'局域网，无法获取位置','0','2020-09-11 13:57:12'),(672,'127.0.0.1','登录账户不存在',1,'局域网，无法获取位置','0','2020-09-11 14:47:04'),(673,'127.0.0.1','登录账户不存在',1,'局域网，无法获取位置','0','2020-09-11 14:47:25'),(674,'127.0.0.1','用户登录成功',0,'局域网，无法获取位置','0','2020-09-11 14:49:41'),(675,'127.0.0.1','登录账户不存在',1,'局域网，无法获取位置','0','2020-09-11 14:53:29'),(676,'127.0.0.1','登录账户不存在',1,'局域网，无法获取位置','0','2020-09-11 14:53:56'),(677,'127.0.0.1','登录账户不存在',1,'局域网，无法获取位置','0','2020-09-11 14:54:06'),(678,'127.0.0.1','登录账户不存在',1,'局域网，无法获取位置','0','2020-09-11 14:58:08'),(679,'127.0.0.1','用户登录成功',0,'局域网，无法获取位置','0','2020-09-11 15:59:51'),(680,'127.0.0.1','登录账户不存在',1,'局域网，无法获取位置','0','2020-09-11 16:05:30'),(681,'127.0.0.1','登录账户不存在',1,'局域网，无法获取位置','0','2020-09-11 16:06:41'),(682,'127.0.0.1','登录账户不存在',1,'局域网，无法获取位置','0','2020-09-11 16:09:05'),(683,'127.0.0.1','用户登录成功',0,'局域网，无法获取位置','0','2020-09-11 16:10:42'),(684,'127.0.0.1','登录账户不存在',1,'局域网，无法获取位置','0','2020-09-11 16:32:48'),(685,'127.0.0.1','登录账户不存在',1,'局域网，无法获取位置','0','2020-09-11 16:34:33'),(686,'127.0.0.1','登录账户不存在',1,'局域网，无法获取位置','0','2020-09-11 16:40:26'),(687,'127.0.0.1','用户登录成功',0,'局域网，无法获取位置','0','2020-09-11 16:40:37'),(688,'127.0.0.1','用户登录成功',0,'局域网，无法获取位置','0','2020-09-11 16:46:09'),(689,'127.0.0.1','登录账户不存在',1,'局域网，无法获取位置','0','2020-09-11 17:08:26'),(690,'127.0.0.1','登录账户不存在',1,'局域网，无法获取位置','0','2020-09-11 17:18:16'),(691,'127.0.0.1','登录账户不存在',1,'局域网，无法获取位置','0','2020-09-11 17:19:21'),(692,'127.0.0.1','用户登录成功',0,'局域网，无法获取位置','0','2020-09-11 17:24:20'),(693,'127.0.0.1','登录账户不存在',1,'局域网，无法获取位置','0','2020-09-11 17:31:52'),(694,'127.0.0.1','登录账户不存在',1,'局域网，无法获取位置','0','2020-09-11 17:32:12'),(695,'127.0.0.1','登录账户不存在',1,'局域网，无法获取位置','0','2020-09-11 17:39:30'),(696,'127.0.0.1','登录密码不正确',1,'局域网，无法获取位置','0','2020-09-11 17:39:32'),(697,'127.0.0.1','登录密码不正确',1,'局域网，无法获取位置','0','2020-09-11 17:39:37'),(698,'127.0.0.1','登录账户不存在',1,'局域网，无法获取位置','0','2020-09-11 17:39:38'),(699,'127.0.0.1','登录密码不正确',1,'局域网，无法获取位置','0','2020-09-11 17:39:47'),(700,'127.0.0.1','登录账户不存在',1,'局域网，无法获取位置','0','2020-09-11 17:39:58'),(701,'127.0.0.1','用户登录成功',0,'局域网，无法获取位置','0','2020-09-11 17:40:09'),(702,'127.0.0.1','用户登录成功',0,'局域网，无法获取位置','0','2020-09-11 17:40:12'),(703,'127.0.0.1','登录账户不存在',1,'局域网，无法获取位置','0','2020-09-11 17:41:18'),(704,'127.0.0.1','登录账户不存在',1,'局域网，无法获取位置','0','2020-09-11 17:41:42'),(705,'127.0.0.1','用户登录成功',0,'局域网，无法获取位置','0','2020-09-11 17:43:51'),(706,'127.0.0.1','用户登录成功',0,'局域网，无法获取位置','0','2020-09-11 18:25:25'),(707,'127.0.0.1','登录账户不存在',1,'局域网，无法获取位置','0','2020-09-11 19:44:22'),(708,'127.0.0.1','用户登录成功',0,'局域网，无法获取位置','0','2020-09-11 19:45:27'),(709,'127.0.0.1','登录账户不存在',1,'局域网，无法获取位置','0','2020-09-11 20:46:00'),(710,'127.0.0.1','登录账户不存在',1,'局域网，无法获取位置','0','2020-09-11 20:46:30'),(711,'127.0.0.1','登录账户不存在',1,'局域网，无法获取位置','0','2020-09-11 21:50:34'),(712,'127.0.0.1','登录账户不存在',1,'局域网，无法获取位置','0','2020-09-11 21:50:42'),(713,'127.0.0.1','用户登录成功',0,'局域网，无法获取位置','0','2020-09-11 21:56:30'),(714,'127.0.0.1','登录账户不存在',1,'局域网，无法获取位置','0','2020-09-12 09:03:23'),(715,'127.0.0.1','登录账户不存在',1,'局域网，无法获取位置','0','2020-09-12 09:03:41'),(716,'127.0.0.1','用户登录成功',0,'局域网，无法获取位置','0','2020-09-12 09:06:01'),(717,'127.0.0.1','登录账户不存在',1,'局域网，无法获取位置','0','2020-09-12 09:20:40'),(718,'127.0.0.1','登录账户不存在',1,'局域网，无法获取位置','0','2020-09-12 09:20:45'),(719,'127.0.0.1','登录账户不存在',1,'局域网，无法获取位置','0','2020-09-12 09:21:11'),(720,'127.0.0.1','登录账户不存在',1,'局域网，无法获取位置','0','2020-09-12 10:05:12'),(721,'127.0.0.1','用户登录成功',0,'局域网，无法获取位置','0','2020-09-12 11:29:08'),(722,'127.0.0.1','登录账户不存在',1,'局域网，无法获取位置','0','2020-09-12 11:32:13'),(723,'127.0.0.1','登录账户不存在',1,'局域网，无法获取位置','0','2020-09-12 11:32:32'),(724,'127.0.0.1','登录账户不存在',1,'局域网，无法获取位置','0','2020-09-12 11:33:14'),(725,'127.0.0.1','用户登录成功',0,'局域网，无法获取位置','0','2020-09-12 11:33:31'),(726,'127.0.0.1','登录账户不存在',1,'局域网，无法获取位置','0','2020-09-12 11:37:57'),(727,'127.0.0.1','登录账户不存在',1,'局域网，无法获取位置','0','2020-09-12 11:38:17'),(728,'127.0.0.1','用户登录成功',0,'局域网，无法获取位置','0','2020-09-12 11:39:04'),(729,'127.0.0.1','用户登录成功',0,'局域网，无法获取位置','0','2020-09-12 11:48:16'),(730,'127.0.0.1','用户登录成功',0,'局域网，无法获取位置','0','2020-09-12 13:37:08'),(731,'127.0.0.1','用户登录成功',0,'局域网，无法获取位置','0','2020-09-12 14:08:28'),(732,'127.0.0.1','登录账户不存在',1,'局域网，无法获取位置','0','2020-09-12 14:38:52'),(733,'127.0.0.1','登录账户不存在',1,'局域网，无法获取位置','0','2020-09-12 14:38:58'),(734,'127.0.0.1','登录账户不存在',1,'局域网，无法获取位置','0','2020-09-12 14:39:07'),(735,'127.0.0.1','用户登录成功',0,'局域网，无法获取位置','0','2020-09-12 15:21:32'),(736,'127.0.0.1','用户登录成功',0,'局域网，无法获取位置','0','2020-09-12 15:45:44'),(737,'127.0.0.1','登录账户不存在',1,'局域网，无法获取位置','0','2020-09-12 16:25:07'),(738,'127.0.0.1','登录账户不存在',1,'局域网，无法获取位置','0','2020-09-12 16:26:30'),(739,'127.0.0.1','用户登录成功',0,'局域网，无法获取位置','0','2020-09-12 18:22:46'),(740,'127.0.0.1','用户登录成功',0,'局域网，无法获取位置','0','2020-09-12 18:25:07'),(741,'127.0.0.1','登录账户不存在',1,'局域网，无法获取位置','0','2020-09-12 19:20:33'),(742,'127.0.0.1','用户登录成功',0,'局域网，无法获取位置','0','2020-09-12 20:51:46'),(743,'127.0.0.1','登录账户不存在',1,'局域网，无法获取位置','0','2020-09-12 22:03:54'),(744,'127.0.0.1','登录账户不存在',1,'局域网，无法获取位置','0','2020-09-12 22:04:05'),(745,'127.0.0.1','登录账户不存在',1,'局域网，无法获取位置','0','2020-09-13 00:45:42'),(746,'127.0.0.1','登录账户不存在',1,'局域网，无法获取位置','0','2020-09-13 00:46:21'),(747,'127.0.0.1','登录账户不存在',1,'局域网，无法获取位置','0','2020-09-13 00:48:01'),(748,'127.0.0.1','登录账户不存在',1,'局域网，无法获取位置','0','2020-09-13 07:00:49'),(749,'127.0.0.1','登录账户不存在',1,'局域网，无法获取位置','0','2020-09-13 07:02:30'),(750,'127.0.0.1','用户登录成功',0,'局域网，无法获取位置','0','2020-09-13 07:06:35'),(751,'117.136.41.80','登录账户不存在',1,'广东省广州市 移动','0','2020-09-13 08:39:06'),(752,'117.136.41.80','登录账户不存在',1,'广东省广州市 移动','0','2020-09-13 08:39:29'),(753,'117.136.41.80','登录账户不存在',1,'广东省广州市 移动','0','2020-09-13 08:39:42'),(754,'127.0.0.1','登录账户不存在',1,'局域网，无法获取位置','0','2020-09-13 13:16:45'),(755,'127.0.0.1','登录账户不存在',1,'局域网，无法获取位置','0','2020-09-13 13:16:58'),(756,'127.0.0.1','登录账户不存在',1,'局域网，无法获取位置','0','2020-09-13 13:17:20'),(757,'127.0.0.1','用户登录成功',0,'局域网，无法获取位置','0','2020-09-13 13:18:24'),(758,'127.0.0.1','登录账户不存在',1,'局域网，无法获取位置','0','2020-09-13 15:10:35'),(759,'127.0.0.1','登录账户不存在',1,'局域网，无法获取位置','0','2020-09-13 15:10:58'),(760,'127.0.0.1','用户登录成功',0,'局域网，无法获取位置','0','2020-09-13 15:11:39'),(761,'127.0.0.1','登录账户不存在',1,'局域网，无法获取位置','0','2020-09-13 15:15:28'),(762,'127.0.0.1','登录账户不存在',1,'局域网，无法获取位置','0','2020-09-13 15:54:36'),(763,'127.0.0.1','登录账户不存在',1,'局域网，无法获取位置','0','2020-09-13 19:28:15'),(764,'127.0.0.1','登录账户不存在',1,'局域网，无法获取位置','0','2020-09-13 19:28:44'),(765,'127.0.0.1','用户登录成功',0,'局域网，无法获取位置','0','2020-09-13 19:31:47'),(766,'127.0.0.1','登录账户不存在',1,'局域网，无法获取位置','0','2020-09-13 20:51:13'),(767,'127.0.0.1','登录账户不存在',1,'局域网，无法获取位置','0','2020-09-13 20:51:32'),(768,'127.0.0.1','登录账户不存在',1,'局域网，无法获取位置','0','2020-09-13 21:13:39'),(769,'127.0.0.1','登录账户不存在',1,'局域网，无法获取位置','0','2020-09-13 21:13:54'),(770,'127.0.0.1','用户登录成功',0,'局域网，无法获取位置','0','2020-09-13 22:25:45'),(771,'127.0.0.1','登录账户不存在',1,'局域网，无法获取位置','0','2020-09-13 22:36:47'),(772,'127.0.0.1','登录账户不存在',1,'局域网，无法获取位置','0','2020-09-14 09:30:42'),(773,'127.0.0.1','登录账户不存在',1,'局域网，无法获取位置','0','2020-09-14 09:30:57'),(774,'127.0.0.1','用户登录成功',0,'局域网，无法获取位置','0','2020-09-14 09:31:22'),(775,'127.0.0.1','用户登录成功',0,'局域网，无法获取位置','0','2020-09-14 09:43:56'),(776,'127.0.0.1','用户登录成功',0,'局域网，无法获取位置','0','2020-09-14 10:13:51'),(777,'127.0.0.1','登录账户不存在',1,'局域网，无法获取位置','0','2020-09-14 10:16:58'),(778,'127.0.0.1','用户登录成功',0,'局域网，无法获取位置','0','2020-09-14 10:17:25'),(779,'127.0.0.1','登录账户不存在',1,'局域网，无法获取位置','0','2020-09-14 11:54:28'),(780,'127.0.0.1','登录账户不存在',1,'局域网，无法获取位置','0','2020-09-14 11:54:50'),(781,'127.0.0.1','登录账户不存在',1,'局域网，无法获取位置','0','2020-09-14 11:55:08'),(782,'127.0.0.1','用户登录成功',0,'局域网，无法获取位置','0','2020-09-14 11:55:42'),(783,'127.0.0.1','登录账户不存在',1,'局域网，无法获取位置','0','2020-09-14 11:58:47'),(784,'127.0.0.1','登录账户不存在',1,'局域网，无法获取位置','0','2020-09-14 11:59:15'),(785,'127.0.0.1','用户登录成功',0,'局域网，无法获取位置','0','2020-09-14 11:59:56'),(786,'127.0.0.1','登录账户不存在',1,'局域网，无法获取位置','0','2020-09-14 13:38:39'),(787,'127.0.0.1','用户登录成功',0,'局域网，无法获取位置','0','2020-09-14 13:38:55'),(788,'127.0.0.1','登录账户不存在',1,'局域网，无法获取位置','0','2020-09-14 13:42:08'),(789,'127.0.0.1','登录账户不存在',1,'局域网，无法获取位置','0','2020-09-14 13:42:42'),(790,'127.0.0.1','登录账户不存在',1,'局域网，无法获取位置','0','2020-09-14 13:42:55'),(791,'127.0.0.1','用户登录成功',0,'局域网，无法获取位置','0','2020-09-14 13:43:38'),(792,'127.0.0.1','登录密码不正确',1,'局域网，无法获取位置','0','2020-09-14 15:20:48'),(793,'127.0.0.1','用户登录成功',0,'局域网，无法获取位置','0','2020-09-14 15:21:57'),(794,'127.0.0.1','用户登录成功',0,'局域网，无法获取位置','0','2020-09-14 15:42:50'),(795,'127.0.0.1','用户登录成功',0,'局域网，无法获取位置','0','2020-09-14 16:01:54'),(796,'127.0.0.1','用户登录成功',0,'局域网，无法获取位置','0','2020-09-14 16:42:14'),(797,'127.0.0.1','用户登录成功',0,'局域网，无法获取位置','0','2020-09-14 16:54:40'),(798,'127.0.0.1','登录账户不存在',1,'局域网，无法获取位置','0','2020-09-14 16:59:44'),(799,'127.0.0.1','用户登录成功',0,'局域网，无法获取位置','0','2020-09-14 17:22:35'),(800,'127.0.0.1','用户登录成功',0,'局域网，无法获取位置','0','2020-09-14 17:44:12'),(801,'127.0.0.1','用户登录成功',0,'局域网，无法获取位置','0','2020-09-14 18:08:40'),(802,'127.0.0.1','用户登录成功',0,'局域网，无法获取位置','0','2020-09-14 18:10:30'),(803,'127.0.0.1','用户登录成功',0,'局域网，无法获取位置','0','2020-09-14 19:11:33'),(804,'127.0.0.1','登录账户不存在',1,'局域网，无法获取位置','0','2020-09-15 06:36:43'),(805,'127.0.0.1','登录账户不存在',1,'局域网，无法获取位置','0','2020-09-15 06:37:01'),(806,'127.0.0.1','登录账户不存在',1,'局域网，无法获取位置','0','2020-09-15 06:37:24'),(807,'127.0.0.1','用户登录成功',0,'局域网，无法获取位置','0','2020-09-15 08:27:08'),(808,'127.0.0.1','用户登录成功',0,'局域网，无法获取位置','0','2020-09-15 09:50:06'),(809,'127.0.0.1','用户登录成功',0,'局域网，无法获取位置','0','2020-09-15 12:01:42'),(810,'127.0.0.1','用户登录成功',0,'局域网，无法获取位置','0','2020-09-15 14:17:33'),(811,'0:0:0:0:0:0:0:1','用户登录成功',0,'获取位置失败','0','2020-09-15 14:32:17'),(812,'127.0.0.1','登录账户不存在',1,'局域网，无法获取位置','0','2020-09-15 15:15:06'),(813,'127.0.0.1','登录账户不存在',1,'局域网，无法获取位置','0','2020-09-15 15:15:23'),(814,'127.0.0.1','用户登录成功',0,'局域网，无法获取位置','0','2020-09-15 15:24:33'),(815,'127.0.0.1','用户登录成功',0,'局域网，无法获取位置','0','2020-09-15 15:28:05'),(816,'127.0.0.1','用户登录成功',0,'局域网，无法获取位置','0','2020-09-15 15:43:29'),(817,'127.0.0.1','用户登录成功',0,'局域网，无法获取位置','0','2020-09-15 15:47:27'),(818,'127.0.0.1','用户登录成功',0,'局域网，无法获取位置','0','2020-09-15 16:01:44'),(819,'127.0.0.1','用户登录成功',0,'局域网，无法获取位置','0','2020-09-15 17:13:26'),(820,'127.0.0.1','用户登录成功',0,'局域网，无法获取位置','0','2020-09-15 19:27:57'),(821,'127.0.0.1','用户登录成功',0,'局域网，无法获取位置','0','2020-09-15 23:20:50'),(822,'127.0.0.1','用户登录成功',0,'局域网，无法获取位置','0','2020-09-15 23:46:19'),(823,'127.0.0.1','用户登录成功',0,'局域网，无法获取位置','0','2020-09-16 08:53:51'),(824,'127.0.0.1','登录账户不存在',1,'局域网，无法获取位置','0','2020-09-16 10:55:48'),(825,'127.0.0.1','登录账户不存在',1,'局域网，无法获取位置','0','2020-09-16 10:56:29'),(826,'127.0.0.1','用户登录成功',0,'局域网，无法获取位置','0','2020-09-16 11:00:02'),(827,'127.0.0.1','用户登录成功',0,'局域网，无法获取位置','0','2020-09-16 11:49:38'),(828,'127.0.0.1','用户登录成功',0,'局域网，无法获取位置','0','2020-09-16 13:43:52'),(829,'127.0.0.1','登录账户不存在',1,'局域网，无法获取位置','0','2020-09-16 15:59:41'),(830,'127.0.0.1','用户登录成功',0,'局域网，无法获取位置','0','2020-09-16 15:59:47'),(831,'127.0.0.1','用户登录成功',0,'局域网，无法获取位置','0','2020-09-16 16:33:55'),(832,'127.0.0.1','用户登录成功',0,'局域网，无法获取位置','0','2020-09-16 17:43:01'),(833,'127.0.0.1','用户登录成功',0,'局域网，无法获取位置','0','2020-09-16 18:01:53'),(834,'127.0.0.1','用户登录成功',0,'局域网，无法获取位置','0','2020-09-16 18:51:55'),(835,'127.0.0.1','用户登录成功',0,'局域网，无法获取位置','0','2020-09-16 19:35:45'),(836,'127.0.0.1','用户登录成功',0,'局域网，无法获取位置','0','2020-09-16 23:25:42'),(837,'0:0:0:0:0:0:0:1','登录账户不存在',1,'获取位置失败','0','2020-09-17 21:14:47'),(838,'0:0:0:0:0:0:0:1','用户登录成功',0,'获取位置失败','0','2020-09-17 21:15:16'),(839,'0:0:0:0:0:0:0:1','用户登录成功',0,'获取位置失败','0','2020-09-18 09:39:31'),(840,'0:0:0:0:0:0:0:1','用户登录成功',0,'获取位置失败','0','2020-09-18 11:34:01'),(841,'0:0:0:0:0:0:0:1','用户登录成功',0,'获取位置失败','0','2020-09-18 12:31:37'),(842,'0:0:0:0:0:0:0:1','用户登录成功',0,'获取位置失败','0','2020-09-18 14:03:32'),(843,'111.121.78.131','登录账户不存在',1,'贵州省贵阳市观山湖区 电信','0','2020-09-21 10:37:15'),(844,'111.121.78.131','用户登录成功',0,'贵州省贵阳市 电信','0','2020-09-21 10:37:23'),(845,'0:0:0:0:0:0:0:1','登录账户不存在',1,'获取位置失败','admin','2020-09-21 11:35:32'),(846,'0:0:0:0:0:0:0:1','用户登录成功',0,'获取位置失败','15286779044','2020-09-21 11:35:44'),(847,'0:0:0:0:0:0:0:1','用户登录成功',0,'获取位置失败','15286779044','2020-09-21 12:46:09'),(848,'0:0:0:0:0:0:0:1','用户登录成功',0,'获取位置失败','15286779044','2020-09-21 13:31:17'),(849,'0:0:0:0:0:0:0:1','用户登录成功',0,'获取位置失败','15286779044','2020-09-21 14:06:45'),(850,'0:0:0:0:0:0:0:1','用户登录成功',0,'获取位置失败','15286779044','2020-09-21 14:16:07'),(851,'0:0:0:0:0:0:0:1','用户登录成功',0,'获取位置失败','15286779044','2020-09-21 14:17:13'),(852,'0:0:0:0:0:0:0:1','用户登录成功',0,'获取位置失败','15286779044','2020-09-21 15:41:00'),(853,'0:0:0:0:0:0:0:1','用户登录成功',0,'获取位置失败','15286779044','2020-09-21 15:41:48'),(854,'127.0.0.1','登录账户不存在',1,'局域网，无法获取位置','admin','2020-09-21 16:09:07'),(855,'127.0.0.1','登录账户不存在',1,'局域网，无法获取位置','admin','2020-09-21 16:09:13'),(856,'127.0.0.1','登录账户不存在',1,'局域网，无法获取位置','admin','2020-09-21 16:09:30'),(857,'127.0.0.1','登录账户不存在',1,'局域网，无法获取位置','13888888888','2020-09-21 16:10:15'),(858,'0:0:0:0:0:0:0:1','用户登录成功',0,'获取位置失败','15286779044','2020-09-21 21:17:59'),(859,'0:0:0:0:0:0:0:1','用户登录成功',0,'获取位置失败','15286779044','2020-09-21 21:18:27'),(860,'220.197.185.183','用户登录成功',0,'贵州省贵阳市 联通','15286779044','2020-09-21 21:35:37'),(861,'220.197.185.183','用户登录成功',0,'贵州省贵阳市 联通','15286779044','2020-09-21 22:26:50'),(862,'220.197.185.183','用户登录成功',0,'贵州省贵阳市 联通','15286779044','2020-09-21 23:50:29'),(863,'127.0.0.1','用户登录成功',0,'局域网，无法获取位置','15286779044','2020-09-22 09:27:09'),(864,'127.0.0.1','登录账户不存在',1,'局域网，无法获取位置','13888888888','2020-09-22 12:14:12'),(865,'127.0.0.1','登录账户不存在',1,'局域网，无法获取位置','admin','2020-09-22 12:14:30'),(866,'127.0.0.1','登录账户不存在',1,'局域网，无法获取位置','13888888888','2020-09-22 13:15:14'),(867,'127.0.0.1','登录账户不存在',1,'局域网，无法获取位置','13888888888','2020-09-22 13:15:25'),(868,'127.0.0.1','登录账户不存在',1,'局域网，无法获取位置','13888888888','2020-09-22 13:15:53'),(869,'127.0.0.1','登录账户不存在',1,'局域网，无法获取位置','13888888888','2020-09-22 13:17:26'),(870,'127.0.0.1','登录账户不存在',1,'局域网，无法获取位置','admin','2020-09-22 13:30:41'),(871,'127.0.0.1','登录账户不存在',1,'局域网，无法获取位置','admin','2020-09-22 13:31:04'),(872,'127.0.0.1','登录账户不存在',1,'局域网，无法获取位置','13888888888','2020-09-22 16:22:07'),(873,'127.0.0.1','登录账户不存在',1,'局域网，无法获取位置','admin','2020-09-22 16:22:27'),(874,'127.0.0.1','登录账户不存在',1,'局域网，无法获取位置','13888888888','2020-09-22 16:22:38'),(875,'127.0.0.1','用户登录成功',0,'局域网，无法获取位置','15286779044','2020-09-22 16:22:54'),(876,'127.0.0.1','用户登录成功',0,'局域网，无法获取位置','15286779044','2020-09-22 16:33:40'),(877,'127.0.0.1','用户登录成功',0,'局域网，无法获取位置','15286779044','2020-09-22 17:12:21'),(878,'58.16.225.240','用户登录成功',0,'贵州省贵阳市 联通','15286779044','2020-09-22 17:25:30'),(879,'127.0.0.1','登录账户不存在',1,'局域网，无法获取位置','admin','2020-09-22 22:30:15'),(880,'127.0.0.1','登录账户不存在',1,'局域网，无法获取位置','admin','2020-09-22 22:30:22'),(881,'127.0.0.1','登录账户不存在',1,'局域网，无法获取位置','admin','2020-09-22 22:30:59'),(882,'127.0.0.1','登录账户不存在',1,'局域网，无法获取位置','13888888888','2020-09-22 22:32:21'),(883,'127.0.0.1','登录账户不存在',1,'局域网，无法获取位置','admin','2020-09-22 22:32:35'),(884,'127.0.0.1','登录账户不存在',1,'局域网，无法获取位置','admin','2020-09-22 22:32:46'),(885,'127.0.0.1','登录账户不存在',1,'局域网，无法获取位置','13888888888','2020-09-23 08:58:30'),(886,'127.0.0.1','登录账户不存在',1,'局域网，无法获取位置','13888888888','2020-09-23 08:58:59'),(887,'127.0.0.1','登录账户不存在',1,'局域网，无法获取位置','13888888888','2020-09-23 09:26:54'),(888,'127.0.0.1','登录密码不正确',1,'局域网，无法获取位置','15286779044','2020-09-23 09:27:05'),(889,'127.0.0.1','用户登录成功',0,'局域网，无法获取位置','15286779044','2020-09-23 09:27:13'),(890,'127.0.0.1','用户登录成功',0,'局域网，无法获取位置','15286779044','2020-09-23 09:27:58'),(891,'127.0.0.1','登录账户不存在',1,'局域网，无法获取位置','13888888888','2020-09-23 10:05:57'),(892,'127.0.0.1','登录账户不存在',1,'局域网，无法获取位置','13888888888','2020-09-23 10:06:04'),(893,'117.136.83.110','登录账户不存在',1,'湖北省 移动','13888888888','2020-09-23 11:25:12'),(894,'117.136.83.110','登录账户不存在',1,'湖北省 移动','138888888888','2020-09-23 11:25:26'),(895,'127.0.0.1','登录账户不存在',1,'局域网，无法获取位置','13888888888','2020-09-23 11:26:19'),(896,'127.0.0.1','登录账户不存在',1,'局域网，无法获取位置','13888888888','2020-09-23 12:58:34'),(897,'127.0.0.1','登录账户不存在',1,'局域网，无法获取位置','13888888888','2020-09-23 12:58:55'),(898,'127.0.0.1','用户登录成功',0,'局域网，无法获取位置','15286779044','2020-09-23 13:33:06'),(899,'127.0.0.1','用户登录成功',0,'局域网，无法获取位置','15286779044','2020-09-23 13:36:33'),(900,'127.0.0.1','用户登录成功',0,'局域网，无法获取位置','15286779044','2020-09-23 15:08:58'),(901,'0:0:0:0:0:0:0:1','用户登录成功',0,'获取位置失败','15286779044','2020-09-23 15:23:32'),(902,'127.0.0.1','登录账户不存在',1,'局域网，无法获取位置','13888888888','2020-09-23 15:30:28'),(903,'127.0.0.1','登录账户不存在',1,'局域网，无法获取位置','13888888888','2020-09-23 15:30:46'),(904,'127.0.0.1','登录账户不存在',1,'局域网，无法获取位置','13888888888','2020-09-23 15:31:01'),(905,'0:0:0:0:0:0:0:1','用户登录成功',0,'获取位置失败','15286779044','2020-09-23 15:40:38'),(906,'0:0:0:0:0:0:0:1','用户登录成功',0,'获取位置失败','15286779044','2020-09-23 15:48:13'),(907,'0:0:0:0:0:0:0:1','用户登录成功',0,'获取位置失败','15286779044','2020-09-23 15:50:03'),(908,'0:0:0:0:0:0:0:1','用户登录成功',0,'获取位置失败','15286779044','2020-09-23 15:51:36'),(909,'0:0:0:0:0:0:0:1','用户登录成功',0,'获取位置失败','15286779044','2020-09-23 15:53:40'),(910,'0:0:0:0:0:0:0:1','用户登录成功',0,'获取位置失败','15286779044','2020-09-23 15:54:34'),(911,'0:0:0:0:0:0:0:1','用户登录成功',0,'获取位置失败','15286779044','2020-09-23 15:55:13'),(912,'0:0:0:0:0:0:0:1','用户登录成功',0,'获取位置失败','15286779044','2020-09-23 15:56:29'),(913,'127.0.0.1','登录账户不存在',1,'局域网，无法获取位置','13888888888','2020-09-23 16:11:05'),(914,'127.0.0.1','登录账户不存在',1,'局域网，无法获取位置','13888888888','2020-09-23 16:11:17'),(915,'127.0.0.1','登录账户不存在',1,'局域网，无法获取位置','13888888888','2020-09-23 16:11:38'),(916,'127.0.0.1','登录账户不存在',1,'局域网，无法获取位置','13888888888','2020-09-23 17:04:22'),(917,'127.0.0.1','登录账户不存在',1,'局域网，无法获取位置','13888888888','2020-09-23 17:07:15'),(918,'127.0.0.1','登录账户不存在',1,'局域网，无法获取位置','admin','2020-09-23 17:10:25'),(919,'127.0.0.1','登录账户不存在',1,'局域网，无法获取位置','13888888888','2020-09-23 20:50:11'),(920,'127.0.0.1','登录账户不存在',1,'局域网，无法获取位置','13888888888','2020-09-23 20:50:46'),(921,'127.0.0.1','登录账户不存在',1,'局域网，无法获取位置','admin','2020-09-23 20:51:07'),(922,'127.0.0.1','登录账户不存在',1,'局域网，无法获取位置','13888888888','2020-09-24 09:10:37'),(923,'127.0.0.1','登录账户不存在',1,'局域网，无法获取位置','13888888888','2020-09-24 10:06:34'),(924,'127.0.0.1','用户登录成功',0,'局域网，无法获取位置','15286779044','2020-09-24 10:34:13'),(925,'127.0.0.1','用户登录成功',0,'局域网，无法获取位置','15286779044','2020-09-24 10:34:47'),(926,'127.0.0.1','登录账户不存在',1,'局域网，无法获取位置','13888888888','2020-09-24 10:47:35'),(927,'127.0.0.1','登录账户不存在',1,'局域网，无法获取位置','13888888888','2020-09-24 10:48:34'),(928,'127.0.0.1','用户登录成功',0,'局域网，无法获取位置','15286779044','2020-09-24 14:28:34'),(929,'127.0.0.1','用户登录成功',0,'局域网，无法获取位置','15286779044','2020-09-24 14:32:22'),(930,'127.0.0.1','用户登录成功',0,'局域网，无法获取位置','15286779044','2020-09-24 14:37:07'),(931,'127.0.0.1','登录账户不存在',1,'局域网，无法获取位置','13888888888','2020-09-24 14:38:10'),(932,'127.0.0.1','登录账户不存在',1,'局域网，无法获取位置','13888888888','2020-09-24 14:38:25'),(933,'127.0.0.1','用户登录成功',0,'局域网，无法获取位置','15286779044','2020-09-24 14:39:08'),(934,'127.0.0.1','用户登录成功',0,'局域网，无法获取位置','15286779044','2020-09-24 15:03:12'),(935,'127.0.0.1','登录账户不存在',1,'局域网，无法获取位置','13888888888','2020-09-24 15:26:44'),(936,'127.0.0.1','登录账户不存在',1,'局域网，无法获取位置','13888888888','2020-09-24 15:27:11'),(937,'127.0.0.1','登录账户不存在',1,'局域网，无法获取位置','13888888888','2020-09-24 16:15:00'),(938,'127.0.0.1','登录账户不存在',1,'局域网，无法获取位置','admin','2020-09-24 16:15:16'),(939,'127.0.0.1','登录账户不存在',1,'局域网，无法获取位置','test','2020-09-24 16:15:28'),(940,'127.0.0.1','用户登录成功',0,'局域网，无法获取位置','15286779044','2020-09-24 16:22:02'),(941,'127.0.0.1','登录账户不存在',1,'局域网，无法获取位置','13888888888','2020-09-24 17:31:36'),(942,'127.0.0.1','登录账户不存在',1,'局域网，无法获取位置','13888888888','2020-09-24 17:32:02'),(943,'127.0.0.1','登录账户不存在',1,'局域网，无法获取位置','13888888888','2020-09-24 17:33:14'),(944,'127.0.0.1','用户登录成功',0,'局域网，无法获取位置','15286779044','2020-09-24 21:05:54'),(945,'127.0.0.1','登录账户不存在',1,'局域网，无法获取位置','13888888888','2020-09-24 22:37:26'),(946,'127.0.0.1','登录账户不存在',1,'局域网，无法获取位置','13888888888','2020-09-24 22:37:49'),(947,'127.0.0.1','登录账户不存在',1,'局域网，无法获取位置','13888888888','2020-09-24 22:37:57'),(948,'127.0.0.1','登录账户不存在',1,'局域网，无法获取位置','13888888888','2020-09-24 22:39:25'),(949,'127.0.0.1','登录账户不存在',1,'局域网，无法获取位置','13888888888','2020-09-25 11:42:25'),(950,'127.0.0.1','登录账户不存在',1,'局域网，无法获取位置','13888888888','2020-09-25 11:42:38'),(951,'127.0.0.1','登录账户不存在',1,'局域网，无法获取位置','13888888888','2020-09-25 11:44:42'),(952,'127.0.0.1','用户登录成功',0,'局域网，无法获取位置','15286779044','2020-09-25 11:44:49'),(953,'127.0.0.1','登录账户不存在',1,'局域网，无法获取位置','13888888888','2020-09-25 14:56:21'),(954,'127.0.0.1','登录账户不存在',1,'局域网，无法获取位置','13888888888','2020-09-25 15:05:07'),(955,'127.0.0.1','登录账户不存在',1,'局域网，无法获取位置','1388888888','2020-09-25 15:05:18'),(956,'127.0.0.1','登录账户不存在',1,'局域网，无法获取位置','13888888888','2020-09-25 16:13:19'),(957,'127.0.0.1','登录账户不存在',1,'局域网，无法获取位置','admin','2020-09-25 16:13:38'),(958,'127.0.0.1','登录账户不存在',1,'局域网，无法获取位置','13888888888','2020-09-25 16:14:09'),(959,'127.0.0.1','登录账户不存在',1,'局域网，无法获取位置','13888888888','2020-09-25 16:16:12'),(960,'127.0.0.1','用户登录成功',0,'局域网，无法获取位置','15286779044','2020-09-25 17:09:11'),(961,'127.0.0.1','用户登录成功',0,'局域网，无法获取位置','15286779044','2020-09-25 17:09:19'),(962,'127.0.0.1','用户登录成功',0,'局域网，无法获取位置','15286779044','2020-09-25 17:26:02'),(963,'127.0.0.1','登录账户不存在',1,'局域网，无法获取位置','13888888888','2020-09-26 12:28:57'),(964,'127.0.0.1','登录账户不存在',1,'局域网，无法获取位置','13888888888','2020-09-26 14:06:33'),(965,'127.0.0.1','登录账户不存在',1,'局域网，无法获取位置','13888888888','2020-09-26 15:59:44'),(966,'127.0.0.1','登录账户不存在',1,'局域网，无法获取位置','13888888888','2020-09-26 15:59:55'),(967,'127.0.0.1','登录账户不存在',1,'局域网，无法获取位置','13888888888','2020-09-26 16:00:13'),(968,'127.0.0.1','登录账户不存在',1,'局域网，无法获取位置','admin','2020-09-26 16:00:36'),(969,'127.0.0.1','登录账户不存在',1,'局域网，无法获取位置','13800000000','2020-09-26 16:39:23'),(970,'127.0.0.1','登录账户不存在',1,'局域网，无法获取位置','13888888888','2020-09-26 16:39:44'),(971,'127.0.0.1','登录账户不存在',1,'局域网，无法获取位置','13888888888','2020-09-26 16:40:17'),(972,'127.0.0.1','登录账户不存在',1,'局域网，无法获取位置','13888888888','2020-09-27 09:55:21'),(973,'127.0.0.1','登录账户不存在',1,'局域网，无法获取位置','admin','2020-09-27 09:55:42'),(974,'127.0.0.1','登录账户不存在',1,'局域网，无法获取位置','13888888888','2020-09-27 13:19:02'),(975,'127.0.0.1','登录账户不存在',1,'局域网，无法获取位置','13888888888','2020-09-27 13:19:09'),(976,'127.0.0.1','登录账户不存在',1,'局域网，无法获取位置','admin','2020-09-27 13:30:21'),(977,'127.0.0.1','登录账户不存在',1,'局域网，无法获取位置','13888888888','2020-09-27 13:30:32'),(978,'127.0.0.1','登录账户不存在',1,'局域网，无法获取位置','13888888888','2020-09-27 13:58:07'),(979,'127.0.0.1','登录账户不存在',1,'局域网，无法获取位置','13888888888','2020-09-27 13:58:41'),(980,'127.0.0.1','登录账户不存在',1,'局域网，无法获取位置','13888888888','2020-09-27 14:13:08'),(981,'127.0.0.1','用户登录成功',0,'局域网，无法获取位置','15286779044','2020-09-27 16:15:19'),(982,'127.0.0.1','登录账户不存在',1,'局域网，无法获取位置','13888888888','2020-09-27 16:15:59'),(983,'127.0.0.1','登录账户不存在',1,'局域网，无法获取位置','13888888888','2020-09-27 16:16:10'),(984,'127.0.0.1','登录账户不存在',1,'局域网，无法获取位置','13888888888','2020-09-27 16:21:38'),(985,'127.0.0.1','登录账户不存在',1,'局域网，无法获取位置','admin','2020-09-27 16:27:48'),(986,'127.0.0.1','登录账户不存在',1,'局域网，无法获取位置','admin','2020-09-27 16:28:57'),(987,'127.0.0.1','登录账户不存在',1,'局域网，无法获取位置','admin','2020-09-27 16:33:58'),(988,'127.0.0.1','登录账户不存在',1,'局域网，无法获取位置','13888888888','2020-09-27 17:17:02'),(989,'127.0.0.1','用户登录成功',0,'局域网，无法获取位置','15286779044','2020-09-27 17:18:31'),(990,'127.0.0.1','登录账户不存在',1,'局域网，无法获取位置','13888888888','2020-09-27 17:38:23'),(991,'127.0.0.1','登录账户不存在',1,'局域网，无法获取位置','1388888888','2020-09-27 17:38:33'),(992,'127.0.0.1','登录账户不存在',1,'局域网，无法获取位置','admin','2020-09-27 17:51:42'),(993,'127.0.0.1','用户登录成功',0,'局域网，无法获取位置','15286779044','2020-09-27 20:56:04'),(994,'127.0.0.1','登录账户不存在',1,'局域网，无法获取位置','13888888888','2020-09-27 21:33:11'),(995,'127.0.0.1','登录账户不存在',1,'局域网，无法获取位置','13888888888','2020-09-27 21:33:21'),(996,'117.136.79.106','登录账户不存在',1,'广东省 移动','admon','2020-09-28 07:48:43'),(997,'117.136.79.106','登录账户不存在',1,'广东省 移动','admin','2020-09-28 07:48:57'),(998,'117.136.79.106','登录账户不存在',1,'广东省 移动','admin','2020-09-28 07:50:11'),(999,'127.0.0.1','登录账户不存在',1,'局域网，无法获取位置','13888888888','2020-09-28 11:06:17'),(1000,'127.0.0.1','登录账户不存在',1,'局域网，无法获取位置','13888888888','2020-09-28 11:06:31'),(1001,'0:0:0:0:0:0:0:1','用户登录成功',0,'获取位置失败','15286779044','2020-09-28 13:52:51'),(1002,'0:0:0:0:0:0:0:1','用户登录成功',0,'获取位置失败','15286779044','2020-09-28 14:00:51'),(1003,'0:0:0:0:0:0:0:1','用户登录成功',0,'获取位置失败','15286779044','2020-09-28 14:01:13'),(1004,'0:0:0:0:0:0:0:1','用户登录成功',0,'获取位置失败','15286779044','2020-09-28 14:33:46'),(1005,'0:0:0:0:0:0:0:1','用户登录成功',0,'获取位置失败','15286779044','2020-09-28 14:38:12'),(1006,'0:0:0:0:0:0:0:1','用户登录成功',0,'获取位置失败','15286779044','2020-09-28 14:57:24'),(1007,'0:0:0:0:0:0:0:1','用户登录成功',0,'获取位置失败','15286779044','2020-09-28 15:02:48'),(1008,'0:0:0:0:0:0:0:1','用户登录成功',0,'获取位置失败','15286779044','2020-09-28 15:05:37'),(1009,'0:0:0:0:0:0:0:1','用户登录成功',0,'获取位置失败','15286779044','2020-09-28 15:45:40'),(1010,'0:0:0:0:0:0:0:1','用户登录成功',0,'获取位置失败','15286779044','2020-09-28 17:05:10'),(1011,'0:0:0:0:0:0:0:1','用户登录成功',0,'获取位置失败','15286779044','2020-09-29 10:52:37'),(1012,'0:0:0:0:0:0:0:1','用户登录成功',0,'获取位置失败','15286779044','2020-09-29 16:08:05'),(1013,'0:0:0:0:0:0:0:1','用户登录成功',0,'获取位置失败','15286779044','2020-09-29 16:09:44'),(1014,'0:0:0:0:0:0:0:1','用户登录成功',0,'获取位置失败','15286779044','2020-09-30 09:48:18'),(1015,'0:0:0:0:0:0:0:1','用户登录成功',0,'获取位置失败','15286779044','2020-09-30 10:50:12'),(1016,'0:0:0:0:0:0:0:1','用户登录成功',0,'获取位置失败','15286779044','2020-09-30 10:51:23'),(1017,'0:0:0:0:0:0:0:1','用户登录成功',0,'获取位置失败','15286779044','2020-09-30 11:00:10'),(1018,'0:0:0:0:0:0:0:1','用户登录成功',0,'获取位置失败','15286779044','2020-09-30 15:01:23'),(1019,'111.121.72.133','用户登录成功',0,'贵州省贵阳市 电信','15286779044','2020-09-30 15:22:30'),(1020,'127.0.0.1','用户登录成功',0,'局域网，无法获取位置','13888888888','2020-09-30 15:36:53'),(1021,'127.0.0.1','用户登录成功',0,'局域网，无法获取位置','13888888888','2020-09-30 15:37:11'),(1022,'127.0.0.1','用户登录成功',0,'局域网，无法获取位置','13888888888','2020-09-30 15:37:27'),(1023,'127.0.0.1','用户登录成功',0,'局域网，无法获取位置','13888888888','2020-09-30 15:45:49'),(1024,'127.0.0.1','用户登录成功',0,'局域网，无法获取位置','13888888888','2020-09-30 15:48:24'),(1025,'127.0.0.1','用户登录成功',0,'局域网，无法获取位置','13888888888','2020-09-30 15:49:58'),(1026,'111.121.72.133','用户登录成功',0,'贵州省贵阳市 电信','15286779044','2020-09-30 15:57:59'),(1027,'127.0.0.1','用户登录成功',0,'局域网，无法获取位置','13888888888','2020-09-30 20:34:56'),(1028,'127.0.0.1','用户登录成功',0,'局域网，无法获取位置','13888888888','2020-09-30 20:35:34'),(1029,'127.0.0.1','用户登录成功',0,'局域网，无法获取位置','13888888888','2020-10-01 22:47:56'),(1030,'127.0.0.1','用户登录成功',0,'局域网，无法获取位置','13888888888','2020-10-01 22:48:18'),(1031,'127.0.0.1','用户登录成功',0,'局域网，无法获取位置','13888888888','2020-10-01 22:49:50'),(1032,'127.0.0.1','用户登录成功',0,'局域网，无法获取位置','13888888888','2020-10-01 22:52:02'),(1033,'127.0.0.1','用户登录成功',0,'局域网，无法获取位置','13888888888','2020-10-02 09:57:01'),(1034,'127.0.0.1','用户登录成功',0,'局域网，无法获取位置','13888888888','2020-10-02 10:47:44'),(1035,'127.0.0.1','用户登录成功',0,'局域网，无法获取位置','13888888888','2020-10-02 11:47:30'),(1036,'127.0.0.1','用户登录成功',0,'局域网，无法获取位置','13888888888','2020-10-02 11:47:48'),(1037,'127.0.0.1','用户登录成功',0,'局域网，无法获取位置','13888888888','2020-10-03 07:18:32'),(1038,'127.0.0.1','用户登录成功',0,'局域网，无法获取位置','13888888888','2020-10-03 07:18:47'),(1039,'127.0.0.1','用户登录成功',0,'局域网，无法获取位置','13888888888','2020-10-04 10:54:24'),(1040,'127.0.0.1','用户登录成功',0,'局域网，无法获取位置','13888888888','2020-10-04 10:54:36'),(1041,'127.0.0.1','用户登录成功',0,'局域网，无法获取位置','13888888888','2020-10-04 12:40:32'),(1042,'127.0.0.1','用户登录成功',0,'局域网，无法获取位置','13888888888','2020-10-04 12:40:55'),(1043,'127.0.0.1','用户登录成功',0,'局域网，无法获取位置','13888888888','2020-10-04 13:40:38'),(1044,'127.0.0.1','用户登录成功',0,'局域网，无法获取位置','13888888888','2020-10-04 13:40:53'),(1045,'127.0.0.1','用户登录成功',0,'局域网，无法获取位置','13888888888','2020-10-05 18:50:32'),(1046,'127.0.0.1','用户登录成功',0,'局域网，无法获取位置','13888888888','2020-10-05 18:51:16'),(1047,'127.0.0.1','用户登录成功',0,'局域网，无法获取位置','13888888888','2020-10-05 18:51:36'),(1048,'127.0.0.1','用户登录成功',0,'局域网，无法获取位置','13888888888','2020-10-05 18:52:01'),(1049,'127.0.0.1','用户登录成功',0,'局域网，无法获取位置','13888888888','2020-10-05 19:13:52'),(1050,'127.0.0.1','用户登录成功',0,'局域网，无法获取位置','13888888888','2020-10-05 19:14:13'),(1051,'127.0.0.1','用户登录成功',0,'局域网，无法获取位置','13888888888','2020-10-05 19:14:24'),(1052,'127.0.0.1','用户登录成功',0,'局域网，无法获取位置','13888888888','2020-10-05 19:37:49'),(1053,'127.0.0.1','用户登录成功',0,'局域网，无法获取位置','13888888888','2020-10-05 19:38:20'),(1054,'127.0.0.1','用户登录成功',0,'局域网，无法获取位置','13888888888','2020-10-05 19:38:45'),(1055,'127.0.0.1','用户登录成功',0,'局域网，无法获取位置','13888888888','2020-10-06 14:52:19'),(1056,'127.0.0.1','用户登录成功',0,'局域网，无法获取位置','13888888888','2020-10-06 14:52:38'),(1057,'127.0.0.1','用户登录成功',0,'局域网，无法获取位置','13888888888','2020-10-07 10:28:30'),(1058,'127.0.0.1','用户登录成功',0,'局域网，无法获取位置','13888888888','2020-10-07 10:28:43'),(1059,'127.0.0.1','用户登录成功',0,'局域网，无法获取位置','13888888888','2020-10-07 15:35:50'),(1060,'127.0.0.1','用户登录成功',0,'局域网，无法获取位置','13888888888','2020-10-07 16:56:59'),(1061,'127.0.0.1','用户登录成功',0,'局域网，无法获取位置','13888888888','2020-10-07 16:57:20'),(1062,'127.0.0.1','用户登录成功',0,'局域网，无法获取位置','13888888888','2020-10-07 16:58:03'),(1063,'127.0.0.1','用户登录成功',0,'局域网，无法获取位置','13888888888','2020-10-07 17:05:24'),(1064,'127.0.0.1','登录账户不存在',1,'局域网，无法获取位置','admin','2020-10-07 17:47:59'),(1065,'127.0.0.1','用户登录成功',0,'局域网，无法获取位置','13888888888','2020-10-07 19:39:49'),(1066,'127.0.0.1','用户登录成功',0,'局域网，无法获取位置','15286779044','2020-10-08 10:36:42'),(1067,'127.0.0.1','用户登录成功',0,'局域网，无法获取位置','13888888888','2020-10-08 11:14:39'),(1068,'127.0.0.1','用户登录成功',0,'局域网，无法获取位置','13888888888','2020-10-08 15:06:42'),(1069,'127.0.0.1','用户登录成功',0,'局域网，无法获取位置','13888888888','2020-10-08 16:38:05'),(1070,'127.0.0.1','用户登录成功',0,'局域网，无法获取位置','15286779044','2020-10-08 23:17:52'),(1071,'127.0.0.1','用户登录成功',0,'局域网，无法获取位置','15286779044','2020-10-09 10:21:23'),(1072,'127.0.0.1','用户登录成功',0,'局域网，无法获取位置','13888888888','2020-10-09 11:23:27'),(1073,'127.0.0.1','用户登录成功',0,'局域网，无法获取位置','13888888888','2020-10-09 12:32:24'),(1074,'127.0.0.1','用户登录成功',0,'局域网，无法获取位置','13888888888','2020-10-09 12:32:39'),(1075,'127.0.0.1','用户登录成功',0,'局域网，无法获取位置','13888888888','2020-10-09 12:32:52'),(1076,'127.0.0.1','用户登录成功',0,'局域网，无法获取位置','13888888888','2020-10-09 12:33:27'),(1077,'127.0.0.1','用户登录成功',0,'局域网，无法获取位置','13888888888','2020-10-09 12:33:51'),(1078,'127.0.0.1','用户登录成功',0,'局域网，无法获取位置','13888888888','2020-10-09 12:34:11'),(1079,'127.0.0.1','用户登录成功',0,'局域网，无法获取位置','13888888888','2020-10-09 17:10:32'),(1080,'127.0.0.1','用户登录成功',0,'局域网，无法获取位置','13888888888','2020-10-09 17:11:11'),(1081,'127.0.0.1','用户登录成功',0,'局域网，无法获取位置','13888888888','2020-10-09 17:14:03'),(1082,'127.0.0.1','用户登录成功',0,'局域网，无法获取位置','13888888888','2020-10-09 17:14:25'),(1083,'127.0.0.1','用户登录成功',0,'局域网，无法获取位置','13888888888','2020-10-09 18:42:36'),(1084,'127.0.0.1','用户登录成功',0,'局域网，无法获取位置','13888888888','2020-10-09 18:42:52'),(1085,'127.0.0.1','用户登录成功',0,'局域网，无法获取位置','13888888888','2020-10-09 18:44:40'),(1086,'127.0.0.1','登录密码不正确',1,'局域网，无法获取位置','13888888888','2020-10-09 18:44:56'),(1087,'127.0.0.1','登录密码不正确',1,'局域网，无法获取位置','13888888888','2020-10-09 18:45:04'),(1088,'127.0.0.1','登录密码不正确',1,'局域网，无法获取位置','13888888888','2020-10-09 18:45:14'),(1089,'127.0.0.1','登录密码不正确',1,'局域网，无法获取位置','13888888888','2020-10-09 18:45:19'),(1090,'127.0.0.1','用户登录成功',0,'局域网，无法获取位置','13888888888','2020-10-09 20:56:26'),(1091,'127.0.0.1','用户登录成功',0,'局域网，无法获取位置','13888888888','2020-10-09 20:56:34'),(1092,'127.0.0.1','用户登录成功',0,'局域网，无法获取位置','13888888888','2020-10-10 08:50:34'),(1093,'127.0.0.1','用户登录成功',0,'局域网，无法获取位置','13888888888','2020-10-10 08:50:54'),(1094,'127.0.0.1','用户登录成功',0,'局域网，无法获取位置','13888888888','2020-10-10 09:07:50'),(1095,'127.0.0.1','用户登录成功',0,'局域网，无法获取位置','13888888888','2020-10-10 10:42:15'),(1096,'127.0.0.1','用户登录成功',0,'局域网，无法获取位置','13888888888','2020-10-10 10:42:38'),(1097,'127.0.0.1','用户登录成功',0,'局域网，无法获取位置','15286779044','2020-10-10 10:44:26'),(1098,'127.0.0.1','用户登录成功',0,'局域网，无法获取位置','13888888888','2020-10-10 14:54:16'),(1099,'127.0.0.1','用户登录成功',0,'局域网，无法获取位置','13888888888','2020-10-10 14:54:29'),(1100,'127.0.0.1','用户登录成功',0,'局域网，无法获取位置','13888888888','2020-10-10 14:54:32'),(1101,'127.0.0.1','用户登录成功',0,'局域网，无法获取位置','13888888888','2020-10-10 14:54:42'),(1102,'127.0.0.1','用户登录成功',0,'局域网，无法获取位置','13888888888','2020-10-10 14:54:46'),(1103,'127.0.0.1','登录账户不存在',1,'局域网，无法获取位置','wangyi394527','2020-10-10 14:56:21'),(1104,'127.0.0.1','用户登录成功',0,'局域网，无法获取位置','13888888888','2020-10-10 14:56:30'),(1105,'127.0.0.1','登录账户不存在',1,'局域网，无法获取位置','admin','2020-10-10 14:59:55'),(1106,'127.0.0.1','用户登录成功',0,'局域网，无法获取位置','13888888888','2020-10-10 16:21:21'),(1107,'127.0.0.1','用户登录成功',0,'局域网，无法获取位置','13888888888','2020-10-10 16:51:54'),(1108,'127.0.0.1','用户登录成功',0,'局域网，无法获取位置','13888888888','2020-10-10 20:37:34'),(1109,'127.0.0.1','用户登录成功',0,'局域网，无法获取位置','13888888888','2020-10-10 20:37:58'),(1110,'127.0.0.1','登录账户不存在',1,'局域网，无法获取位置','admin','2020-10-10 23:05:55'),(1111,'127.0.0.1','用户登录成功',0,'局域网，无法获取位置','15286779044','2020-10-11 22:06:09'),(1112,'113.206.137.199','登录账户不存在',1,'重庆市重庆市 联通','1388888888','2020-10-12 01:39:00'),(1113,'113.206.137.199','用户登录成功',0,'重庆市重庆市 联通','13888888888','2020-10-12 01:39:20'),(1114,'127.0.0.1','用户登录成功',0,'局域网，无法获取位置','13888888888','2020-10-12 09:26:39'),(1115,'127.0.0.1','用户登录成功',0,'局域网，无法获取位置','13888888888','2020-10-12 09:26:52'),(1116,'127.0.0.1','用户登录成功',0,'局域网，无法获取位置','13888888888','2020-10-12 09:27:05'),(1117,'127.0.0.1','用户登录成功',0,'局域网，无法获取位置','13888888888','2020-10-12 09:40:04'),(1118,'127.0.0.1','用户登录成功',0,'局域网，无法获取位置','13888888888','2020-10-12 09:40:25'),(1119,'127.0.0.1','用户登录成功',0,'局域网，无法获取位置','13888888888','2020-10-12 09:40:48'),(1120,'127.0.0.1','用户登录成功',0,'局域网，无法获取位置','13888888888','2020-10-12 09:42:36'),(1121,'127.0.0.1','用户登录成功',0,'局域网，无法获取位置','13888888888','2020-10-12 09:42:54'),(1122,'106.109.40.35','用户登录成功',0,'贵州省 电信','13888888888','2020-10-12 09:56:17'),(1123,'127.0.0.1','用户登录成功',0,'局域网，无法获取位置','13888888888','2020-10-12 09:56:52'),(1124,'127.0.0.1','用户登录成功',0,'局域网，无法获取位置','13888888888','2020-10-12 12:43:41'),(1125,'127.0.0.1','用户登录成功',0,'局域网，无法获取位置','13888888888','2020-10-12 13:05:51'),(1126,'114.138.16.197','登录账户不存在',1,'贵州省遵义市 电信','admin','2020-10-12 13:25:40'),(1127,'114.138.16.197','登录账户不存在',1,'贵州省遵义市 电信','admin','2020-10-12 13:26:17'),(1128,'127.0.0.1','用户登录成功',0,'局域网，无法获取位置','13888888888','2020-10-12 16:41:41'),(1129,'127.0.0.1','用户登录成功',0,'局域网，无法获取位置','13888888888','2020-10-12 16:42:11'),(1130,'127.0.0.1','用户登录成功',0,'局域网，无法获取位置','13888888888','2020-10-12 16:55:45'),(1131,'127.0.0.1','用户登录成功',0,'局域网，无法获取位置','13888888888','2020-10-12 16:56:11'),(1132,'127.0.0.1','用户登录成功',0,'局域网，无法获取位置','13888888888','2020-10-12 16:59:46'),(1133,'127.0.0.1','用户登录成功',0,'局域网，无法获取位置','15286779044','2020-10-12 17:00:00'),(1134,'127.0.0.1','用户登录成功',0,'局域网，无法获取位置','13888888888','2020-10-12 17:01:27'),(1135,'127.0.0.1','登录账户不存在',1,'局域网，无法获取位置','admin','2020-10-12 17:02:43'),(1136,'127.0.0.1','用户登录成功',0,'局域网，无法获取位置','13888888888','2020-10-12 17:36:13'),(1137,'127.0.0.1','用户登录成功',0,'局域网，无法获取位置','13888888888','2020-10-12 20:50:40'),(1138,'127.0.0.1','用户登录成功',0,'局域网，无法获取位置','13888888888','2020-10-12 21:23:48'),(1139,'127.0.0.1','登录账户不存在',1,'局域网，无法获取位置','1388888888888','2020-10-13 00:32:51'),(1140,'127.0.0.1','用户登录成功',0,'局域网，无法获取位置','13888888888','2020-10-13 00:33:08'),(1141,'127.0.0.1','用户登录成功',0,'局域网，无法获取位置','13888888888','2020-10-13 13:01:14'),(1142,'0:0:0:0:0:0:0:1','用户登录成功',0,'获取位置失败','15286779044','2020-10-13 13:30:02'),(1143,'0:0:0:0:0:0:0:1','用户登录成功',0,'获取位置失败','15286779044','2020-10-13 13:46:26'),(1144,'0:0:0:0:0:0:0:1','用户登录成功',0,'获取位置失败','15286779044','2020-10-13 14:23:51'),(1145,'0:0:0:0:0:0:0:1','用户登录成功',0,'获取位置失败','15286779044','2020-10-13 14:31:50'),(1146,'0:0:0:0:0:0:0:1','用户登录成功',0,'获取位置失败','15286779044','2020-10-13 14:32:53'),(1147,'0:0:0:0:0:0:0:1','用户登录成功',0,'获取位置失败','15286779044','2020-10-13 14:36:44'),(1148,'0:0:0:0:0:0:0:1','用户登录成功',0,'获取位置失败','15286779044','2020-10-13 14:48:24'),(1149,'0:0:0:0:0:0:0:1','用户登录成功',0,'获取位置失败','15286779044','2020-10-13 15:02:26'),(1150,'0:0:0:0:0:0:0:1','用户登录成功',0,'获取位置失败','15286779044','2020-10-13 15:02:58'),(1151,'0:0:0:0:0:0:0:1','用户登录成功',0,'获取位置失败','15286779044','2020-10-13 16:00:24'),(1152,'0:0:0:0:0:0:0:1','用户登录成功',0,'获取位置失败','15286779044','2020-10-13 16:05:18'),(1153,'0:0:0:0:0:0:0:1','用户登录成功',0,'获取位置失败','15286779044','2020-10-13 16:05:39'),(1154,'127.0.0.1','用户登录成功',0,'局域网，无法获取位置','13888888888','2020-10-13 17:08:07'),(1155,'127.0.0.1','用户登录成功',0,'局域网，无法获取位置','15286779044','2020-10-13 17:18:50'),(1156,'127.0.0.1','用户登录成功',0,'局域网，无法获取位置','15286779044','2020-10-13 17:19:33'),(1157,'127.0.0.1','用户登录成功',0,'局域网，无法获取位置','13888888888','2020-10-13 17:49:10'),(1158,'127.0.0.1','用户登录成功',0,'局域网，无法获取位置','13888888888','2020-10-13 20:20:01'),(1159,'127.0.0.1','用户登录成功',0,'局域网，无法获取位置','15286779044','2020-10-13 20:38:13'),(1160,'127.0.0.1','用户登录成功',0,'局域网，无法获取位置','15286779044','2020-10-13 22:18:01'),(1161,'127.0.0.1','用户登录成功',0,'局域网，无法获取位置','13888888888','2020-10-14 00:24:17'),(1162,'127.0.0.1','用户登录成功',0,'局域网，无法获取位置','15286779044','2020-10-14 09:37:53'),(1163,'127.0.0.1','用户登录成功',0,'局域网，无法获取位置','13888888888','2020-10-14 10:21:50'),(1164,'127.0.0.1','用户登录成功',0,'局域网，无法获取位置','13888888888','2020-10-14 11:12:18'),(1165,'127.0.0.1','用户登录成功',0,'局域网，无法获取位置','13888888888','2020-10-14 14:08:09'),(1166,'127.0.0.1','用户登录成功',0,'局域网，无法获取位置','13888888888','2020-10-14 14:22:58'),(1167,'127.0.0.1','用户登录成功',0,'局域网，无法获取位置','13888888888','2020-10-14 17:12:57'),(1168,'127.0.0.1','用户登录成功',0,'局域网，无法获取位置','13888888888','2020-10-14 17:54:07'),(1169,'127.0.0.1','用户登录成功',0,'局域网，无法获取位置','13888888888','2020-10-14 17:55:26'),(1170,'127.0.0.1','登录账户不存在',1,'局域网，无法获取位置','admin','2020-10-15 08:39:00'),(1171,'127.0.0.1','用户登录成功',0,'局域网，无法获取位置','13888888888','2020-10-15 08:40:09'),(1172,'127.0.0.1','用户登录成功',0,'局域网，无法获取位置','15286779044','2020-10-15 09:46:38'),(1173,'127.0.0.1','用户登录成功',0,'局域网，无法获取位置','13888888888','2020-10-15 17:13:40'),(1174,'127.0.0.1','用户登录成功',0,'局域网，无法获取位置','13888888888','2020-10-15 21:00:25'),(1175,'127.0.0.1','用户登录成功',0,'局域网，无法获取位置','13888888888','2020-10-15 21:07:28'),(1176,'127.0.0.1','用户登录成功',0,'局域网，无法获取位置','15286779044','2020-10-15 21:43:28'),(1177,'127.0.0.1','用户登录成功',0,'局域网，无法获取位置','15286779044','2020-10-15 22:14:45'),(1178,'127.0.0.1','登录账户不存在',1,'局域网，无法获取位置','admin','2020-10-15 23:52:48'),(1179,'127.0.0.1','登录账户不存在',1,'局域网，无法获取位置','admin','2020-10-15 23:52:57'),(1180,'127.0.0.1','用户登录成功',0,'局域网，无法获取位置','13888888888','2020-10-16 09:21:45'),(1181,'127.0.0.1','用户登录成功',0,'局域网，无法获取位置','13888888888','2020-10-16 09:51:28'),(1182,'127.0.0.1','用户登录成功',0,'局域网，无法获取位置','13888888888','2020-10-16 12:02:52'),(1183,'127.0.0.1','用户登录成功',0,'局域网，无法获取位置','13888888888','2020-10-16 13:07:23'),(1184,'127.0.0.1','用户登录成功',0,'局域网，无法获取位置','13888888888','2020-10-16 15:17:21'),(1185,'127.0.0.1','登录密码不正确',1,'局域网，无法获取位置','13888888888','2020-10-16 15:29:14'),(1186,'127.0.0.1','登录密码不正确',1,'局域网，无法获取位置','13888888888','2020-10-16 15:29:50'),(1187,'127.0.0.1','用户登录成功',0,'局域网，无法获取位置','13888888888','2020-10-16 15:30:15'),(1188,'127.0.0.1','登录密码不正确',1,'局域网，无法获取位置','13888888888','2020-10-16 15:49:19'),(1189,'127.0.0.1','登录密码不正确',1,'局域网，无法获取位置','13888888888','2020-10-16 15:49:40'),(1190,'127.0.0.1','登录密码不正确',1,'局域网，无法获取位置','13888888888','2020-10-16 15:50:31'),(1191,'127.0.0.1','登录密码不正确',1,'局域网，无法获取位置','13888888888','2020-10-16 15:50:40'),(1192,'127.0.0.1','登录密码不正确',1,'局域网，无法获取位置','13888888888','2020-10-16 15:50:50'),(1193,'127.0.0.1','用户登录成功',0,'局域网，无法获取位置','15286779044','2020-10-16 16:36:47'),(1194,'127.0.0.1','用户登录成功',0,'局域网，无法获取位置','15286779044','2020-10-16 20:25:35'),(1195,'127.0.0.1','登录密码不正确',1,'局域网，无法获取位置','15286779044','2020-10-16 20:26:25'),(1196,'127.0.0.1','用户登录成功',0,'局域网，无法获取位置','15286779044','2020-10-16 20:26:35'),(1197,'127.0.0.1','用户登录成功',0,'局域网，无法获取位置','15286779044','2020-10-16 23:12:49'),(1198,'127.0.0.1','用户登录成功',0,'局域网，无法获取位置','15286779044','2020-10-17 16:34:37'),(1199,'127.0.0.1','登录密码不正确',1,'局域网，无法获取位置','13888888888','2020-10-18 09:52:02'),(1200,'127.0.0.1','登录密码不正确',1,'局域网，无法获取位置','13888888888','2020-10-18 09:52:30'),(1201,'127.0.0.1','登录账户不存在',1,'局域网，无法获取位置','admin','2020-10-19 08:50:03'),(1202,'127.0.0.1','登录账户不存在',1,'局域网，无法获取位置','admin','2020-10-19 09:01:46'),(1203,'127.0.0.1','登录账户不存在',1,'局域网，无法获取位置','dd','2020-10-19 14:56:07'),(1204,'127.0.0.1','登录密码不正确',1,'局域网，无法获取位置','15286779044','2020-10-19 15:28:11'),(1205,'127.0.0.1','登录密码不正确',1,'局域网，无法获取位置','15286779044','2020-10-19 15:28:22'),(1206,'127.0.0.1','用户登录成功',0,'局域网，无法获取位置','15286779044','2020-10-19 15:28:36'),(1207,'127.0.0.1','用户登录成功',0,'局域网，无法获取位置','15286779044','2020-10-19 15:34:14'),(1208,'127.0.0.1','登录密码不正确',1,'局域网，无法获取位置','13888888888','2020-10-19 16:05:24'),(1209,'127.0.0.1','登录密码不正确',1,'局域网，无法获取位置','13888888888','2020-10-19 17:50:27'),(1210,'127.0.0.1','登录密码不正确',1,'局域网，无法获取位置','13888888888','2020-10-19 17:50:33'),(1211,'127.0.0.1','登录密码不正确',1,'局域网，无法获取位置','13888888888','2020-10-19 17:50:42'),(1212,'127.0.0.1','登录密码不正确',1,'局域网，无法获取位置','13888888888','2020-10-19 17:50:57'),(1213,'127.0.0.1','登录密码不正确',1,'局域网，无法获取位置','13888888888','2020-10-19 17:51:09'),(1214,'127.0.0.1','登录账户不存在',1,'局域网，无法获取位置','admin','2020-10-20 00:07:52'),(1215,'127.0.0.1','登录账户不存在',1,'局域网，无法获取位置','admin','2020-10-20 00:08:02'),(1216,'127.0.0.1','登录密码不正确',1,'局域网，无法获取位置','13888888888','2020-10-20 00:08:56'),(1217,'127.0.0.1','登录密码不正确',1,'局域网，无法获取位置','13888888888','2020-10-20 00:09:17'),(1218,'127.0.0.1','用户登录成功',0,'局域网，无法获取位置','15286779044','2020-10-20 09:50:52'),(1219,'127.0.0.1','用户登录成功',0,'局域网，无法获取位置','15286779044','2020-10-20 11:05:05'),(1220,'127.0.0.1','用户登录成功',0,'局域网，无法获取位置','15286779044','2020-10-20 17:54:12'),(1221,'127.0.0.1','用户登录成功',0,'局域网，无法获取位置','15286779044','2020-10-20 17:55:22'),(1222,'127.0.0.1','用户登录成功',0,'局域网，无法获取位置','15286779044','2020-10-20 20:46:56'),(1223,'127.0.0.1','登录账户不存在',1,'局域网，无法获取位置','admin','2020-10-20 21:14:24'),(1224,'127.0.0.1','登录密码不正确',1,'局域网，无法获取位置','13888888888','2020-10-20 21:14:57'),(1225,'127.0.0.1','登录密码不正确',1,'局域网，无法获取位置','13888888888','2020-10-20 21:15:16'),(1226,'127.0.0.1','登录密码不正确',1,'局域网，无法获取位置','13888888888','2020-10-20 21:16:19'),(1227,'127.0.0.1','用户登录成功',0,'局域网，无法获取位置','15286779044','2020-10-20 21:36:56'),(1228,'0:0:0:0:0:0:0:1','登录密码不正确',1,'获取位置失败','15286779044','2020-10-20 21:51:18'),(1229,'0:0:0:0:0:0:0:1','用户登录成功',0,'获取位置失败','15286779044','2020-10-20 21:51:29'),(1230,'0:0:0:0:0:0:0:1','用户登录成功',0,'获取位置失败','15286779044','2020-10-20 21:51:51'),(1231,'0:0:0:0:0:0:0:1','用户登录成功',0,'获取位置失败','15286779044','2020-10-20 22:07:47'),(1232,'0:0:0:0:0:0:0:1','用户登录成功',0,'获取位置失败','15286779044','2020-10-20 22:15:34'),(1233,'0:0:0:0:0:0:0:1','用户登录成功',0,'获取位置失败','15286779044','2020-10-20 22:22:00'),(1234,'0:0:0:0:0:0:0:1','登录密码不正确',1,'获取位置失败','13888888888','2020-10-20 22:30:11'),(1235,'0:0:0:0:0:0:0:1','登录密码不正确',1,'获取位置失败','13888888888','2020-10-20 22:30:24'),(1236,'0:0:0:0:0:0:0:1','用户登录成功',0,'获取位置失败','13888888888','2020-10-20 22:31:42'),(1237,'0:0:0:0:0:0:0:1','用户登录成功',0,'获取位置失败','15286779044','2020-10-20 22:32:51'),(1238,'0:0:0:0:0:0:0:1','用户登录成功',0,'获取位置失败','15286779044','2020-10-20 22:34:22'),(1239,'127.0.0.1','用户登录成功',0,'局域网，无法获取位置','15286779044','2020-10-20 22:59:13'),(1240,'127.0.0.1','用户登录成功',0,'局域网，无法获取位置','13888888888','2020-10-21 09:00:41'),(1241,'111.121.75.219','登录密码不正确',1,'贵州省贵阳市 电信','15286779044','2020-10-21 11:48:07'),(1242,'111.121.75.219','登录密码不正确',1,'贵州省贵阳市 电信','15286779044','2020-10-21 11:48:18'),(1243,'111.121.75.219','用户登录成功',0,'贵州省贵阳市 电信','15286779044','2020-10-21 11:48:26'),(1244,'127.0.0.1','用户登录成功',0,'局域网，无法获取位置','15286779044','2020-10-21 11:55:55'),(1245,'111.121.75.219','用户登录成功',0,'贵州省贵阳市 电信','15286779044','2020-10-21 12:24:47'),(1246,'127.0.0.1','用户登录成功',0,'局域网，无法获取位置','13888888888','2020-10-21 13:05:47'),(1247,'127.0.0.1','用户登录成功',0,'局域网，无法获取位置','13888888888','2020-10-21 13:28:35'),(1248,'111.121.75.219','用户登录成功',0,'贵州省贵阳市 电信','15286779044','2020-10-21 13:48:26'),(1249,'127.0.0.1','用户登录成功',0,'局域网，无法获取位置','13888888888','2020-10-21 14:13:06'),(1250,'127.0.0.1','用户登录成功',0,'局域网，无法获取位置','13888888888','2020-10-21 14:17:31'),(1251,'111.121.75.219','用户登录成功',0,'贵州省贵阳市 电信','15286779044','2020-10-21 15:01:22'),(1252,'111.121.75.46','用户登录成功',0,'贵州省贵阳市 电信','15286779044','2020-10-21 15:52:39'),(1253,'127.0.0.1','用户登录成功',0,'局域网，无法获取位置','13888888888','2020-10-21 16:18:44'),(1254,'127.0.0.1','用户登录成功',0,'局域网，无法获取位置','15286779044','2020-10-21 16:25:13'),(1255,'127.0.0.1','用户登录成功',0,'局域网，无法获取位置','13888888888','2020-10-21 16:44:15'),(1256,'127.0.0.1','用户登录成功',0,'局域网，无法获取位置','13888888888','2020-10-21 17:06:13'),(1257,'127.0.0.1','用户登录成功',0,'局域网，无法获取位置','15286779044','2020-10-21 17:49:12'),(1258,'127.0.0.1','用户登录成功',0,'局域网，无法获取位置','13888888888','2020-10-21 18:04:08'),(1259,'127.0.0.1','用户登录成功',0,'局域网，无法获取位置','13888888888','2020-10-21 22:22:16'),(1260,'127.0.0.1','用户登录成功',0,'局域网，无法获取位置','13888888888','2020-10-21 22:34:18'),(1261,'127.0.0.1','用户登录成功',0,'局域网，无法获取位置','13888888888','2020-10-21 23:14:08'),(1262,'127.0.0.1','用户登录成功',0,'局域网，无法获取位置','15286779044','2020-10-22 09:30:26'),(1263,'127.0.0.1','用户登录成功',0,'局域网，无法获取位置','13888888888','2020-10-22 10:33:30'),(1264,'127.0.0.1','登录密码不正确',1,'局域网，无法获取位置','13888888888','2020-10-22 13:12:54'),(1265,'127.0.0.1','用户登录成功',0,'局域网，无法获取位置','13888888888','2020-10-22 14:36:54'),(1266,'127.0.0.1','用户登录成功',0,'局域网，无法获取位置','13888888888','2020-10-22 14:37:18'),(1267,'127.0.0.1','用户登录成功',0,'局域网，无法获取位置','13888888888','2020-10-22 14:39:18'),(1268,'127.0.0.1','用户登录成功',0,'局域网，无法获取位置','13888888888','2020-10-22 14:39:31'),(1269,'127.0.0.1','用户登录成功',0,'局域网，无法获取位置','13888888888','2020-10-22 14:39:54'),(1270,'127.0.0.1','用户登录成功',0,'局域网，无法获取位置','13888888888','2020-10-22 14:41:55'),(1271,'127.0.0.1','用户登录成功',0,'局域网，无法获取位置','13888888888','2020-10-22 14:48:32'),(1272,'127.0.0.1','用户登录成功',0,'局域网，无法获取位置','13888888888','2020-10-22 14:52:54'),(1273,'127.0.0.1','用户登录成功',0,'局域网，无法获取位置','13888888888','2020-10-22 14:57:27'),(1274,'127.0.0.1','用户登录成功',0,'局域网，无法获取位置','13888888888','2020-10-22 15:11:26'),(1275,'127.0.0.1','登录账户不存在',1,'局域网，无法获取位置','admin','2020-10-22 15:21:13'),(1276,'127.0.0.1','登录账户不存在',1,'局域网，无法获取位置','admin','2020-10-22 15:22:17'),(1277,'127.0.0.1','用户登录成功',0,'局域网，无法获取位置','13888888888','2020-10-22 15:27:57'),(1278,'127.0.0.1','用户登录成功',0,'局域网，无法获取位置','13888888888','2020-10-22 15:42:11'),(1279,'127.0.0.1','用户登录成功',0,'局域网，无法获取位置','13888888888','2020-10-22 16:02:17'),(1280,'127.0.0.1','用户登录成功',0,'局域网，无法获取位置','13888888888','2020-10-22 16:04:55'),(1281,'127.0.0.1','登录账户不存在',1,'局域网，无法获取位置','138888888','2020-10-22 16:22:48'),(1282,'127.0.0.1','登录账户不存在',1,'局域网，无法获取位置','1388888888','2020-10-22 16:23:05'),(1283,'127.0.0.1','登录密码不正确',1,'局域网，无法获取位置','13888888888','2020-10-22 16:23:35'),(1284,'127.0.0.1','用户登录成功',0,'局域网，无法获取位置','13888888888','2020-10-22 16:23:52'),(1285,'127.0.0.1','用户登录成功',0,'局域网，无法获取位置','13888888888','2020-10-22 16:42:32'),(1286,'127.0.0.1','用户登录成功',0,'局域网，无法获取位置','13888888888','2020-10-22 16:45:16'),(1287,'127.0.0.1','用户登录成功',0,'局域网，无法获取位置','13888888888','2020-10-22 16:47:41'),(1288,'127.0.0.1','用户登录成功',0,'局域网，无法获取位置','13888888888','2020-10-22 16:49:30'),(1289,'127.0.0.1','用户登录成功',0,'局域网，无法获取位置','13888888888','2020-10-22 16:51:08'),(1290,'127.0.0.1','用户登录成功',0,'局域网，无法获取位置','13888888888','2020-10-22 16:52:01'),(1291,'127.0.0.1','用户登录成功',0,'局域网，无法获取位置','13888888888','2020-10-22 16:54:36'),(1292,'127.0.0.1','用户登录成功',0,'局域网，无法获取位置','13888888888','2020-10-22 17:22:20'),(1293,'127.0.0.1','用户登录成功',0,'局域网，无法获取位置','13888888888','2020-10-22 17:36:50'),(1294,'127.0.0.1','用户登录成功',0,'局域网，无法获取位置','13888888888','2020-10-22 17:52:40'),(1295,'127.0.0.1','用户登录成功',0,'局域网，无法获取位置','13888888888','2020-10-22 19:19:31'),(1296,'127.0.0.1','用户登录成功',0,'局域网，无法获取位置','13888888888','2020-10-22 19:27:47'),(1297,'127.0.0.1','用户登录成功',0,'局域网，无法获取位置','13888888888','2020-10-22 19:51:52'),(1298,'127.0.0.1','用户登录成功',0,'局域网，无法获取位置','13888888888','2020-10-22 20:48:26'),(1299,'127.0.0.1','登录密码不正确',1,'局域网，无法获取位置','13888888888','2020-10-22 21:20:07'),(1300,'127.0.0.1','登录密码不正确',1,'局域网，无法获取位置','13888888888','2020-10-22 21:20:19'),(1301,'127.0.0.1','用户登录成功',0,'局域网，无法获取位置','13888888888','2020-10-22 21:20:33'),(1302,'127.0.0.1','用户登录成功',0,'局域网，无法获取位置','13888888888','2020-10-22 21:28:04'),(1303,'127.0.0.1','用户登录成功',0,'局域网，无法获取位置','13888888888','2020-10-22 22:09:58'),(1304,'127.0.0.1','用户登录成功',0,'局域网，无法获取位置','13888888888','2020-10-22 22:20:23'),(1305,'127.0.0.1','用户登录成功',0,'局域网，无法获取位置','15286779044','2020-10-22 22:28:30'),(1306,'127.0.0.1','用户登录成功',0,'局域网，无法获取位置','15286779044','2020-10-22 22:37:10'),(1307,'127.0.0.1','用户登录成功',0,'局域网，无法获取位置','15286779044','2020-10-22 22:38:32'),(1308,'127.0.0.1','用户登录成功',0,'局域网，无法获取位置','13888888888','2020-10-23 11:22:40'),(1309,'127.0.0.1','用户登录成功',0,'局域网，无法获取位置','13888888888','2020-10-23 11:25:07'),(1310,'127.0.0.1','用户登录成功',0,'局域网，无法获取位置','13888888888','2020-10-23 11:28:11'),(1311,'127.0.0.1','用户登录成功',0,'局域网，无法获取位置','13888888888','2020-10-23 11:33:25'),(1312,'127.0.0.1','登录账户不存在',1,'局域网，无法获取位置','1388888888','2020-10-23 11:36:56'),(1313,'127.0.0.1','用户登录成功',0,'局域网，无法获取位置','13888888888','2020-10-23 11:37:25'),(1314,'127.0.0.1','用户登录成功',0,'局域网，无法获取位置','13888888888','2020-10-23 11:44:55'),(1315,'127.0.0.1','用户登录成功',0,'局域网，无法获取位置','13888888888','2020-10-23 13:40:13'),(1316,'127.0.0.1','用户登录成功',0,'局域网，无法获取位置','13888888888','2020-10-23 14:14:25'),(1317,'127.0.0.1','用户登录成功',0,'局域网，无法获取位置','13888888888','2020-10-23 14:16:55'),(1318,'127.0.0.1','用户登录成功',0,'局域网，无法获取位置','13888888888','2020-10-23 14:27:18'),(1319,'127.0.0.1','用户登录成功',0,'局域网，无法获取位置','13888888888','2020-10-23 14:39:47'),(1320,'127.0.0.1','用户登录成功',0,'局域网，无法获取位置','13888888888','2020-10-23 15:38:38'),(1321,'127.0.0.1','用户登录成功',0,'局域网，无法获取位置','13888888888','2020-10-23 15:45:53'),(1322,'127.0.0.1','用户登录成功',0,'局域网，无法获取位置','13888888888','2020-10-23 16:30:01'),(1323,'127.0.0.1','用户登录成功',0,'局域网，无法获取位置','13888888888','2020-10-23 16:40:20'),(1324,'127.0.0.1','用户登录成功',0,'局域网，无法获取位置','13888888888','2020-10-23 17:04:29'),(1325,'127.0.0.1','用户登录成功',0,'局域网，无法获取位置','13888888888','2020-10-23 17:33:46'),(1326,'127.0.0.1','用户登录成功',0,'局域网，无法获取位置','13888888888','2020-10-23 17:55:59'),(1327,'127.0.0.1','用户登录成功',0,'局域网，无法获取位置','13888888888','2020-10-23 17:57:11'),(1328,'127.0.0.1','用户登录成功',0,'局域网，无法获取位置','13888888888','2020-10-23 18:14:00'),(1329,'127.0.0.1','用户登录成功',0,'局域网，无法获取位置','15286779044','2020-10-23 19:27:37'),(1330,'127.0.0.1','用户登录成功',0,'局域网，无法获取位置','13888888888','2020-10-23 19:36:18'),(1331,'127.0.0.1','用户登录成功',0,'局域网，无法获取位置','15286779044','2020-10-23 19:43:11'),(1332,'127.0.0.1','用户登录成功',0,'局域网，无法获取位置','13888888888','2020-10-23 19:45:02'),(1333,'127.0.0.1','登录账户不存在',1,'局域网，无法获取位置','admin','2020-10-23 21:48:47'),(1334,'127.0.0.1','登录账户不存在',1,'局域网，无法获取位置','1388888888','2020-10-23 22:09:40'),(1335,'127.0.0.1','用户登录成功',0,'局域网，无法获取位置','13888888888','2020-10-23 22:09:52'),(1336,'127.0.0.1','登录密码不正确',1,'局域网，无法获取位置','15286779044','2020-10-23 22:10:34'),(1337,'127.0.0.1','用户登录成功',0,'局域网，无法获取位置','15286779044','2020-10-23 22:10:43'),(1338,'127.0.0.1','用户登录成功',0,'局域网，无法获取位置','13888888888','2020-10-23 22:11:27'),(1339,'127.0.0.1','用户登录成功',0,'局域网，无法获取位置','15286779044','2020-10-23 22:12:43'),(1340,'127.0.0.1','用户登录成功',0,'局域网，无法获取位置','13888888888','2020-10-23 22:18:29'),(1341,'127.0.0.1','用户登录成功',0,'局域网，无法获取位置','13888888888','2020-10-23 23:25:32'),(1342,'127.0.0.1','用户登录成功',0,'局域网，无法获取位置','15286779044','2020-10-24 12:27:36'),(1343,'127.0.0.1','用户登录成功',0,'局域网，无法获取位置','13888888888','2020-10-24 14:58:52'),(1344,'127.0.0.1','登录账户不存在',1,'局域网，无法获取位置','admin','2020-10-24 16:44:32'),(1345,'127.0.0.1','登录账户不存在',1,'局域网，无法获取位置','admin','2020-10-24 16:44:42'),(1346,'127.0.0.1','用户登录成功',0,'局域网，无法获取位置','13888888888','2020-10-24 16:47:48'),(1347,'127.0.0.1','用户登录成功',0,'局域网，无法获取位置','13888888888','2020-10-25 09:53:05'),(1348,'127.0.0.1','登录账户不存在',1,'局域网，无法获取位置','admin','2020-10-25 12:30:51'),(1349,'127.0.0.1','登录账户不存在',1,'局域网，无法获取位置','admin','2020-10-25 12:31:36'),(1350,'127.0.0.1','用户登录成功',0,'局域网，无法获取位置','13888888888','2020-10-25 12:58:31'),(1351,'127.0.0.1','用户登录成功',0,'局域网，无法获取位置','13888888888','2020-10-25 13:05:34'),(1352,'127.0.0.1','用户登录成功',0,'局域网，无法获取位置','13888888888','2020-10-25 14:59:42'),(1353,'127.0.0.1','登录账户不存在',1,'局域网，无法获取位置','123456','2020-10-25 15:18:50'),(1354,'127.0.0.1','登录密码不正确',1,'局域网，无法获取位置','13888888888','2020-10-25 15:19:28'),(1355,'127.0.0.1','用户登录成功',0,'局域网，无法获取位置','13888888888','2020-10-25 15:19:37'),(1356,'127.0.0.1','用户登录成功',0,'局域网，无法获取位置','13888888888','2020-10-25 15:37:30'),(1357,'127.0.0.1','用户登录成功',0,'局域网，无法获取位置','13888888888','2020-10-25 16:07:50'),(1358,'127.0.0.1','用户登录成功',0,'局域网，无法获取位置','13888888888','2020-10-25 17:59:07'),(1359,'127.0.0.1','用户登录成功',0,'局域网，无法获取位置','13888888888','2020-10-25 18:51:09'),(1360,'127.0.0.1','用户登录成功',0,'局域网，无法获取位置','13888888888','2020-10-25 20:51:10'),(1361,'127.0.0.1','用户登录成功',0,'局域网，无法获取位置','13888888888','2020-10-25 21:28:57'),(1362,'127.0.0.1','用户登录成功',0,'局域网，无法获取位置','13888888888','2020-10-25 23:20:38'),(1363,'127.0.0.1','用户登录成功',0,'局域网，无法获取位置','13888888888','2020-10-26 09:31:32'),(1364,'127.0.0.1','用户登录成功',0,'局域网，无法获取位置','13888888888','2020-10-26 09:50:29'),(1365,'127.0.0.1','用户登录成功',0,'局域网，无法获取位置','13888888888','2020-10-26 10:04:21'),(1366,'127.0.0.1','用户登录成功',0,'局域网，无法获取位置','15286779044','2020-10-26 10:18:15'),(1367,'127.0.0.1','用户登录成功',0,'局域网，无法获取位置','13888888888','2020-10-26 10:25:03'),(1368,'127.0.0.1','用户登录成功',0,'局域网，无法获取位置','13888888888','2020-10-26 10:29:32'),(1369,'127.0.0.1','用户登录成功',0,'局域网，无法获取位置','13888888888','2020-10-26 13:11:42'),(1370,'127.0.0.1','用户登录成功',0,'局域网，无法获取位置','13888888888','2020-10-26 13:43:32'),(1371,'127.0.0.1','用户登录成功',0,'局域网，无法获取位置','13888888888','2020-10-26 16:17:05'),(1372,'127.0.0.1','用户登录成功',0,'局域网，无法获取位置','13888888888','2020-10-26 16:44:53'),(1373,'127.0.0.1','用户登录成功',0,'局域网，无法获取位置','15286779044','2020-10-26 17:12:15'),(1374,'127.0.0.1','登录账户不存在',1,'局域网，无法获取位置','admin','2020-10-26 20:00:25'),(1375,'127.0.0.1','用户登录成功',0,'局域网，无法获取位置','13888888888','2020-10-26 20:12:37'),(1376,'127.0.0.1','用户登录成功',0,'局域网，无法获取位置','13888888888','2020-10-26 20:27:04'),(1377,'127.0.0.1','用户登录成功',0,'局域网，无法获取位置','13888888888','2020-10-26 20:48:57'),(1378,'127.0.0.1','用户登录成功',0,'局域网，无法获取位置','13888888888','2020-10-26 20:57:41'),(1379,'127.0.0.1','用户登录成功',0,'局域网，无法获取位置','13888888888','2020-10-26 23:46:42'),(1380,'127.0.0.1','用户登录成功',0,'局域网，无法获取位置','13888888888','2020-10-27 05:20:31');
/*!40000 ALTER TABLE `sys_login_log` ENABLE KEYS */;
UNLOCK TABLES;

--
-- Table structure for table `sys_permission_info`
--

DROP TABLE IF EXISTS `sys_permission_info`;
/*!40101 SET @saved_cs_client     = @@character_set_client */;
/*!50503 SET character_set_client = utf8mb4 */;
CREATE TABLE `sys_permission_info` (
  `id` int(11) unsigned NOT NULL AUTO_INCREMENT COMMENT '权限ID',
  `pid` int(11) DEFAULT '0' COMMENT '父级ID',
  `name` varchar(64) CHARACTER SET utf8 DEFAULT NULL COMMENT '名称',
  `type` tinyint(4) DEFAULT '0' COMMENT '类型（0--目录1--菜单2--按钮）',
  `sign` varchar(64) CHARACTER SET utf8 DEFAULT NULL COMMENT '标识',
  `href` varchar(64) CHARACTER SET utf8 DEFAULT NULL COMMENT '链接地址',
  `sort` int(4) DEFAULT '0' COMMENT '排序',
  `icon` varchar(64) CHARACTER SET utf8 DEFAULT NULL COMMENT '图标',
  `target` varchar(10) CHARACTER SET utf8 DEFAULT '_self' COMMENT '打开方式（_self--内链_blank外链）',
  `descript` varchar(64) CHARACTER SET utf8 DEFAULT NULL COMMENT '描述',
  `status` tinyint(4) DEFAULT '0' COMMENT '状态（0--正常1--停用）',
  `del_flag` tinyint(4) DEFAULT '0' COMMENT '删除状态（0--未删除1--已删除）',
  `create_user` int(11) DEFAULT '0' COMMENT '创建者',
  `create_time` datetime DEFAULT CURRENT_TIMESTAMP COMMENT '创建时间',
  `update_user` int(11) DEFAULT '0' COMMENT '更新人',
  `update_time` datetime DEFAULT CURRENT_TIMESTAMP ON UPDATE CURRENT_TIMESTAMP COMMENT '更新时间',
  PRIMARY KEY (`id`) USING BTREE
) ENGINE=InnoDB AUTO_INCREMENT=143 DEFAULT CHARSET=utf8mb4 ROW_FORMAT=COMPACT COMMENT='菜单权限信息表';
/*!40101 SET character_set_client = @saved_cs_client */;

--
-- Dumping data for table `sys_permission_info`
--

LOCK TABLES `sys_permission_info` WRITE;
/*!40000 ALTER TABLE `sys_permission_info` DISABLE KEYS */;
INSERT INTO `sys_permission_info` VALUES (1,0,'系统管理',0,NULL,'',1,'fa fa-gear','_self','系统管理权限',0,0,1,'2020-07-04 16:48:43',0,'2020-09-09 13:25:36'),(2,1,'用户管理',1,'sys:user:info:view','sys/sys-user-info/init',0,NULL,'_self','用户管理，对用户的基本信息进行管理',0,0,1,'2020-07-04 16:50:09',0,'2020-09-09 13:32:54'),(3,1,'角色管理',1,'sys:role:info:view','sys/sys-role-info/init',1,NULL,'_self','角色管理，对角色的基本信息进行管理',0,0,1,'2020-07-04 16:50:09',0,'2020-09-09 13:32:54'),(4,1,'菜单管理',1,'sys:permission:info:view','sys/sys-permission-info/init',2,NULL,'_self','权限管理，对权限菜单的基本信息进行管理',0,0,1,'2020-07-04 16:50:09',0,'2020-09-09 13:32:54'),(7,99,'图标列表',1,'sys:icon:view','sys/sys-icon/init',0,'','_self','',0,0,1,'2020-09-23 15:39:34',0,'2020-09-23 15:55:00'),(8,2,'新增',2,'sys:user:info:add','',1,'fa ','_self','新增用户',0,0,1,'2020-07-04 17:08:13',0,'2020-09-09 13:32:54'),(9,2,'修改',2,'sys:user:info:edit',NULL,2,NULL,'_self','修改用户',0,0,1,'2020-07-04 17:08:13',0,'2020-09-09 13:32:54'),(10,2,'删除',2,'sys:user:info:del',NULL,3,NULL,'_self','删除用户',0,0,1,'2020-07-04 17:08:13',0,'2020-10-23 22:20:09'),(11,2,'禁/启用',2,'sys:user:info:status',NULL,4,NULL,'_self','删除用户',0,0,1,'2020-07-04 17:08:13',0,'2020-10-23 22:20:25'),(12,3,'新增',2,'sys:role:info:add',NULL,1,NULL,'_self','新增角色',0,0,1,'2020-07-04 17:08:13',0,'2020-10-23 22:21:23'),(13,3,'修改',2,'sys:role:info:edit',NULL,2,NULL,'_self','修改角色',0,0,1,'2020-07-04 17:08:13',0,'2020-10-23 22:21:25'),(16,4,'新增',2,'sys:permission:info:add',NULL,1,NULL,'_self','新增权限',0,0,1,'2020-07-04 17:08:13',0,'2020-10-23 22:22:06'),(17,100,'查看',2,'sys:icon:show','',0,'fa ','_self','',0,0,0,'2020-09-23 15:39:34',0,'2020-09-23 15:53:29'),(26,3,'授权',2,'sys:role:info:auth','',5,'','_self','',0,0,1,'2020-07-10 20:55:36',0,'2020-10-23 22:21:33'),(27,4,'修改',2,'sys:permission:info:edit','',2,'','_self','',0,0,1,'2020-07-10 20:57:17',0,'2020-10-23 22:22:09'),(28,4,'删除',2,'sys:permission:info:del','',3,'','_self','',0,0,1,'2020-07-10 20:59:02',0,'2020-10-23 22:22:10'),(29,4,'禁/启用',2,'sys:permission:info:status','',4,'','_self','',0,0,1,'2020-07-10 20:59:36',0,'2020-10-23 22:22:12'),(30,3,'删除',2,'sys:role:info:del','',3,'','_self','',0,0,1,'2020-07-10 21:00:24',0,'2020-10-23 22:21:27'),(31,3,'禁/启用',2,'sys:role:info:status','',4,'','_self','',0,0,1,'2020-07-10 21:00:59',0,'2020-10-23 22:21:11'),(40,2,'授权',2,'sys:user:info:auth','',5,'','_self','',0,0,1,'2020-07-11 11:22:40',0,'2020-10-23 22:20:26'),(41,99,'接口文档',1,'sys:document:view','doc.html',4,'','_blank','',0,0,1,'2020-07-13 15:52:27',0,'2020-09-23 15:49:53'),(42,2,'查看',2,'sys:user:info:show','',0,'','_self','',0,0,1,'2020-07-14 20:39:49',0,'2020-09-09 13:32:54'),(43,1,'数据字典',1,'sys:dict:view','sys/sys-dict/init',3,'','_self','',0,0,1,'2020-07-15 16:17:22',0,'2020-09-24 10:12:46'),(44,43,'查看',2,'sys:dict:show','',0,'','_self','',0,0,1,'2020-07-15 16:18:50',0,'2020-09-09 13:32:54'),(45,43,'新增',2,'sys:dict:add','',1,'','_self','',0,0,1,'2020-07-15 16:19:06',0,'2020-09-09 13:32:54'),(46,43,'修改',2,'sys:dict:edit','',2,'','_self','',0,0,1,'2020-07-15 16:19:20',0,'2020-09-09 13:32:54'),(47,43,'删除',2,'sys:dict:del','',3,'','_self','',0,0,1,'2020-07-15 16:19:34',0,'2020-09-09 13:32:54'),(48,43,'禁/启用',2,'sys:dict:status','',4,'','_self','',0,0,1,'2020-07-15 16:20:07',0,'2020-09-09 13:32:54'),(49,43,'配置',2,'sys:dict:config','',5,'','_self','',0,0,1,'2020-07-15 20:25:34',0,'2020-09-09 13:32:54'),(50,3,'查看',2,'sys:role:info:show','',0,'','_self','',0,0,1,'2020-07-15 22:34:23',0,'2020-09-09 13:32:54'),(51,41,'查看',2,'sys:document:show','',0,'','_self','',0,0,1,'2020-07-20 21:28:35',0,'2020-09-09 13:32:54'),(52,64,'定时任务',1,'sys:quartz:view','sys/sys-quartz/init',1,'','_self','',0,0,1,'2020-07-21 10:33:16',0,'2020-09-23 15:56:04'),(53,52,'查看',2,'sys:quartz:show','',0,'','_self','',0,0,1,'2020-07-21 10:33:44',0,'2020-09-09 13:32:54'),(54,52,'编辑',2,'sys:quartz:edit','',2,'','_self','',0,0,1,'2020-07-21 10:33:59',0,'2020-10-23 22:23:29'),(55,52,'删除',2,'sys:quartz:del','',3,'','_self','',0,0,1,'2020-07-21 10:34:15',0,'2020-10-23 22:23:31'),(56,52,'禁/启用',2,'sys:quartz:status','',4,'','_self','',0,0,1,'2020-07-21 10:34:34',0,'2020-10-23 22:23:33'),(57,52,'启动/停止',2,'sys:quartz:start:stop','',5,'','_self','',0,0,1,'2020-07-21 10:35:10',0,'2020-10-23 22:23:35'),(58,52,'新增',2,'sys:quartz:add','',1,'','_self','',0,0,1,'2020-07-21 13:06:57',0,'2020-10-23 22:23:19'),(59,64,'登录日志',1,'sys:login:log:view','sys/sys-login-log/init',2,'','_self','',0,0,1,'2020-07-28 10:17:01',0,'2020-09-09 13:32:54'),(60,59,'查看',2,'sys:login:log:show','',0,'','_self','',0,0,1,'2020-07-28 10:17:30',0,'2020-09-09 13:32:54'),(62,99,'开发日志',1,'sys:dev:log:view','sys/sys-dev-log/init',3,'','_self','',0,0,1,'2020-07-28 14:02:55',0,'2020-09-23 15:49:34'),(63,62,'查看',2,'sys:dev:log:show','',0,'','_self','',0,0,1,'2020-07-28 14:03:19',0,'2020-09-09 13:32:54'),(64,0,'系统监控',0,NULL,'',2,'fa fa-cogs','_self','',0,0,1,'2020-07-31 13:57:08',0,'2020-09-09 13:25:36'),(65,99,'Redis监控',1,'sys:redis:view','sys/sys-redis/init',5,'','_self','',0,0,1,'2020-07-31 15:53:58',0,'2020-09-23 15:49:38'),(66,65,'查看',2,'sys:redis:show','',0,'','_self','',0,0,1,'2020-07-31 15:54:19',0,'2020-09-17 21:16:21'),(67,65,'新增',2,'sys:redis:add','',1,'','_self','',0,0,1,'2020-07-31 17:35:53',0,'2020-09-17 21:16:21'),(68,65,'修改',2,'sys:redis:edit','',2,'','_self','',0,0,1,'2020-07-31 17:36:08',0,'2020-09-17 21:16:21'),(69,65,'删除',2,'sys:redis:del','',3,'','_self','',0,0,1,'2020-07-31 17:36:25',0,'2020-09-17 21:16:21'),(70,99,'数据库管理',1,'sys:datatable:view','sys/sys-data-table/init',5,'','_self','',0,0,1,'2020-08-11 17:04:38',0,'2020-09-23 15:49:44'),(71,70,'查看',2,'sys:datatable:show','',0,'','_self','',0,0,1,'2020-08-11 17:05:12',0,'2020-09-09 13:32:54'),(76,64,'操作日志',1,'sys:handle:log:view','sys/sys-handle-log/init',2,'','_self','',0,0,1,'2020-08-31 17:16:14',0,'2020-09-09 13:32:54'),(77,76,'查看',2,'sys:handle:log:show','',0,'','_self','',0,0,1,'2020-08-31 17:16:45',0,'2020-09-09 13:32:54'),(94,4,'查看',2,'sys:permission:info:show','',0,'','_self','',0,0,5,'2020-09-09 12:04:20',0,'2020-09-09 13:32:54'),(95,70,'新增',2,'sys:datatable:add','',1,'','_self','',0,0,1,'2020-09-21 13:29:51',0,'2020-09-21 13:29:51'),(96,70,'修改',2,'sys:datatable:edit','',2,'','_self','',0,0,1,'2020-09-21 13:30:11',0,'2020-09-21 13:30:11'),(97,70,'删除',2,'sys:datatable:del','',3,'','_self','',0,0,1,'2020-09-21 13:30:23',0,'2020-09-21 13:30:23'),(98,70,'详情',2,'sys:datatable:detail','',4,'','_self','',0,0,1,'2020-09-21 13:30:37',0,'2020-09-21 13:30:37'),(99,0,'开发者区',0,'','',3,'fa fa-code','_self','',0,0,1,'2020-09-23 15:38:19',0,'2020-09-23 16:08:11'),(102,64,'服务监控',1,'sys:server:info:view','sys/sys-server-info/init',3,'','_self','',0,0,1,'2020-09-23 16:51:39',0,'2020-09-24 09:42:02'),(103,102,'查看',2,'sys:server:info:show','',0,'fa ','_self','',0,0,0,'2020-09-23 16:51:39',0,'2020-09-23 16:52:02'),(106,0,'基础信息',0,'','',0,'fa fa-align-justify','_self','',0,0,1,'2020-09-28 13:58:50',0,'2020-09-28 13:58:50'),(107,106,'轮播管理',1,'business:banner:info:view','business/banner-info/init',0,'','_self','',0,0,1,'2020-09-28 13:59:46',0,'2020-09-28 13:59:46'),(108,107,'查看',2,'business:banner:info:show',NULL,0,NULL,'_self',NULL,0,0,0,'2020-09-28 13:59:46',0,'2020-09-28 13:59:46'),(109,107,'新增',2,'business:banner:info:add',NULL,1,NULL,'_self',NULL,0,0,0,'2020-09-28 13:59:46',0,'2020-09-28 13:59:46'),(110,107,'修改',2,'business:banner:info:edit',NULL,2,NULL,'_self',NULL,0,0,0,'2020-09-28 13:59:46',0,'2020-09-28 13:59:46'),(111,107,'删除',2,'business:banner:info:del',NULL,3,NULL,'_self',NULL,0,0,0,'2020-09-28 13:59:46',0,'2020-09-28 13:59:46'),(112,106,'公告管理',1,'business:notice:info:view','business/notice-info/init',0,'','_self','',0,0,1,'2020-09-28 14:00:36',0,'2020-09-28 14:00:36'),(113,112,'查看',2,'business:notice:info:show',NULL,0,NULL,'_self',NULL,0,0,0,'2020-09-28 14:00:36',0,'2020-09-28 14:00:36'),(114,112,'新增',2,'business:notice:info:add',NULL,1,NULL,'_self',NULL,0,0,0,'2020-09-28 14:00:36',0,'2020-09-28 14:00:36'),(115,112,'修改',2,'business:notice:info:edit',NULL,2,NULL,'_self',NULL,0,0,0,'2020-09-28 14:00:36',0,'2020-09-28 14:00:36'),(116,112,'删除',2,'business:notice:info:del',NULL,3,NULL,'_self',NULL,0,0,0,'2020-09-28 14:00:36',0,'2020-09-28 14:00:36'),(117,106,'意见反馈',1,'business:feed:back:info:view','business/feed-back-info/init',0,'','_self','',0,0,1,'2020-09-29 16:09:09',0,'2020-09-29 16:09:09'),(118,117,'查看',2,'business:feed:back:info:show',NULL,0,NULL,'_self',NULL,0,0,0,'2020-09-29 16:09:09',0,'2020-09-29 16:09:09'),(119,106,'新闻资讯',1,'business:news:info:view','business/news-info/init',0,'','_self','',0,0,1,'2020-09-30 10:50:58',0,'2020-09-30 10:50:58'),(120,119,'查看',2,'business:news:info:show',NULL,0,NULL,'_self',NULL,0,0,0,'2020-09-30 10:50:58',0,'2020-09-30 10:50:58'),(121,119,'新增',2,'business:news:info:add',NULL,1,NULL,'_self',NULL,0,0,0,'2020-09-30 10:50:58',0,'2020-09-30 10:50:58'),(122,119,'修改',2,'business:news:info:edit',NULL,2,NULL,'_self',NULL,0,0,0,'2020-09-30 10:50:58',0,'2020-09-30 10:50:58'),(123,119,'删除',2,'business:news:info:del',NULL,3,NULL,'_self',NULL,0,0,0,'2020-09-30 10:50:58',0,'2020-09-30 10:50:58'),(124,0,'组件专区',0,'','',4,'fa fa-cubes','_self','',0,0,1,'2020-10-13 14:24:54',0,'2020-10-13 14:24:54'),(125,124,'图二维码',1,'components:qrcode:view','components/qrcode/init',2,'','_self','',0,0,1,'2020-10-13 14:26:34',0,'2020-10-14 10:05:52'),(126,125,'查看',2,'components:qrcode:show',NULL,0,NULL,'_self',NULL,0,0,0,'2020-10-13 14:26:34',0,'2020-10-13 14:26:34'),(127,124,'商品条码',1,'components:barcode:view','components/barcode/init',3,'','_self','',0,0,1,'2020-10-13 14:27:13',0,'2020-10-14 10:05:54'),(128,127,'查看',2,'components:barcode:show',NULL,0,NULL,'_self',NULL,0,0,0,'2020-10-13 14:27:13',0,'2020-10-13 14:27:13'),(129,124,'通知公告',1,'components:notice:view','components/notice/init',1,'','_self','',0,0,1,'2020-10-13 14:27:44',0,'2020-10-13 14:27:44'),(130,129,'查看',2,'components:notice:show',NULL,0,NULL,'_self',NULL,0,0,0,'2020-10-13 14:27:44',0,'2020-10-13 14:27:44'),(131,124,'消息通知',1,'components:layNotify:view','components/layNotify/init',0,'','_self','',0,0,1,'2020-10-13 14:28:58',0,'2020-10-13 14:28:58'),(132,131,'查看',2,'components:layNotify:show',NULL,0,NULL,'_self',NULL,0,0,0,'2020-10-13 14:28:58',0,'2020-10-13 14:28:58'),(133,124,'加载进度',1,'components:nprogress:view','components/nprogress/init',4,'','_self','',0,0,1,'2020-10-13 14:30:05',0,'2020-10-14 10:05:56'),(134,133,'查看',2,'components:nprogress:show',NULL,0,NULL,'_self',NULL,0,0,0,'2020-10-13 14:30:06',0,'2020-10-13 14:30:06'),(135,124,'数字步进',1,'components:countUp:view','components/countUp/init',5,'','_self','',0,0,1,'2020-10-13 14:31:06',0,'2020-10-14 10:05:59'),(136,135,'查看',2,'components:countUp:show',NULL,0,NULL,'_self',NULL,0,0,0,'2020-10-13 14:31:06',0,'2020-10-13 14:31:06'),(137,124,'文件上传',1,'components:zyupload:view','components/zyupload/init',6,'','_self','',0,0,1,'2020-10-14 10:01:11',0,'2020-10-14 10:01:11'),(138,137,'查看',2,'components:zyupload:show',NULL,0,NULL,'_self',NULL,0,0,0,'2020-10-14 10:01:11',0,'2020-10-14 10:01:11'),(139,1,'系统配置',1,'sys:configure:view','sys/sys-configure/init',4,'','_self','',0,0,1,'2020-10-20 21:38:20',0,'2020-10-20 21:38:20'),(140,139,'查看',2,'sys:configure:show',NULL,0,NULL,'_self',NULL,0,0,0,'2020-10-20 21:38:20',0,'2020-10-20 21:38:20'),(141,139,'修改',2,'sys:configure:edit',NULL,1,NULL,'_self',NULL,0,0,0,'2020-10-20 21:38:20',0,'2020-10-20 21:38:20'),(142,2,'修改密码',2,'sys:user:info:editpassword','',6,'','_self','',0,0,1,'2020-10-20 22:34:02',0,'2020-10-23 22:20:28');
/*!40000 ALTER TABLE `sys_permission_info` ENABLE KEYS */;
UNLOCK TABLES;

--
-- Table structure for table `sys_quartz`
--

DROP TABLE IF EXISTS `sys_quartz`;
/*!40101 SET @saved_cs_client     = @@character_set_client */;
/*!50503 SET character_set_client = utf8mb4 */;
CREATE TABLE `sys_quartz` (
  `id` int(11) unsigned NOT NULL AUTO_INCREMENT COMMENT '主键id',
  `class_name` varchar(64) DEFAULT NULL COMMENT '任务类名',
  `cron_expression` varchar(64) DEFAULT NULL COMMENT 'cron表达式',
  `param` varchar(32) DEFAULT NULL COMMENT '参数',
  `descript` varchar(64) DEFAULT NULL COMMENT '描述',
  `quartz_status` tinyint(4) DEFAULT '0' COMMENT '启动状态（0--启动1--停止）',
  `status` tinyint(4) DEFAULT '0' COMMENT '状态（0--正常1--停用）',
  `del_flag` tinyint(4) DEFAULT '0' COMMENT '删除状态（0--未删除1--已删除）',
  `create_user` int(11) DEFAULT '0' COMMENT '创建者',
  `create_time` datetime DEFAULT CURRENT_TIMESTAMP COMMENT '创建时间',
  `update_user` int(11) DEFAULT '0' COMMENT '更新人',
  `update_time` datetime DEFAULT CURRENT_TIMESTAMP ON UPDATE CURRENT_TIMESTAMP COMMENT '更新时间',
  PRIMARY KEY (`id`) USING BTREE
) ENGINE=InnoDB AUTO_INCREMENT=2 DEFAULT CHARSET=utf8mb4 ROW_FORMAT=COMPACT COMMENT='定时任务信息表';
/*!40101 SET character_set_client = @saved_cs_client */;

--
-- Dumping data for table `sys_quartz`
--

LOCK TABLES `sys_quartz` WRITE;
/*!40000 ALTER TABLE `sys_quartz` DISABLE KEYS */;
INSERT INTO `sys_quartz` VALUES (1,'com.zyxx.sys.job.TestJob','*/2 * * * * ?','','定时任务测试',1,0,0,1,'2020-07-21 10:46:50',0,'2020-09-21 10:46:36');
/*!40000 ALTER TABLE `sys_quartz` ENABLE KEYS */;
UNLOCK TABLES;

--
-- Table structure for table `sys_role_info`
--

DROP TABLE IF EXISTS `sys_role_info`;
/*!40101 SET @saved_cs_client     = @@character_set_client */;
/*!50503 SET character_set_client = utf8mb4 */;
CREATE TABLE `sys_role_info` (
  `id` int(11) unsigned NOT NULL AUTO_INCREMENT COMMENT '角色ID',
  `name` varchar(32) CHARACTER SET utf8 DEFAULT NULL COMMENT '角色名称',
  `sign` varchar(32) CHARACTER SET utf8 DEFAULT NULL COMMENT '角色标志',
  `descript` varchar(64) CHARACTER SET utf8 DEFAULT NULL COMMENT '角色描述',
  `status` tinyint(4) DEFAULT '0' COMMENT '状态（0--正常1--停用）',
  `del_flag` tinyint(4) DEFAULT '0' COMMENT '删除状态（0--未删除1--已删除）',
  `create_user` int(11) DEFAULT '0' COMMENT '创建者',
  `create_time` datetime DEFAULT CURRENT_TIMESTAMP COMMENT '创建时间',
  `update_user` int(11) DEFAULT '0' COMMENT '更新人',
  `update_time` datetime DEFAULT CURRENT_TIMESTAMP ON UPDATE CURRENT_TIMESTAMP COMMENT '更新时间',
  PRIMARY KEY (`id`) USING BTREE
) ENGINE=InnoDB AUTO_INCREMENT=8 DEFAULT CHARSET=utf8mb4 ROW_FORMAT=COMPACT COMMENT='角色信息表';
/*!40101 SET character_set_client = @saved_cs_client */;

--
-- Dumping data for table `sys_role_info`
--

LOCK TABLES `sys_role_info` WRITE;
/*!40000 ALTER TABLE `sys_role_info` DISABLE KEYS */;
INSERT INTO `sys_role_info` VALUES (1,'超级管理员','administrator','超级管理员，拥有至高无上的权力',0,0,0,'2020-09-06 19:40:31',0,'2020-09-06 19:40:31'),(4,'测试人员','test','',0,0,0,'2020-09-06 19:40:31',0,'2020-09-06 19:40:31'),(5,'11','11','',0,0,6,'2020-10-15 21:19:49',0,'2020-10-15 21:19:49'),(6,'zva','awc ','aswccv',0,0,6,'2020-10-21 22:34:47',0,'2020-10-21 22:34:47'),(7,'ggg','hjjj','rtytyrt',0,0,6,'2020-10-23 15:48:54',0,'2020-10-23 15:48:54');
/*!40000 ALTER TABLE `sys_role_info` ENABLE KEYS */;
UNLOCK TABLES;

--
-- Table structure for table `sys_role_permission`
--

DROP TABLE IF EXISTS `sys_role_permission`;
/*!40101 SET @saved_cs_client     = @@character_set_client */;
/*!50503 SET character_set_client = utf8mb4 */;
CREATE TABLE `sys_role_permission` (
  `id` int(11) unsigned NOT NULL AUTO_INCREMENT COMMENT '角色权限id',
  `role_id` int(11) DEFAULT '0' COMMENT '角色id',
  `permission_id` int(11) DEFAULT '0' COMMENT '权限id',
  PRIMARY KEY (`id`) USING BTREE
) ENGINE=InnoDB AUTO_INCREMENT=2664 DEFAULT CHARSET=utf8mb4 ROW_FORMAT=COMPACT COMMENT='角色-权限关系表';
/*!40101 SET character_set_client = @saved_cs_client */;

--
-- Dumping data for table `sys_role_permission`
--

LOCK TABLES `sys_role_permission` WRITE;
/*!40000 ALTER TABLE `sys_role_permission` DISABLE KEYS */;
INSERT INTO `sys_role_permission` VALUES (2484,1,1),(2485,1,2),(2486,1,3),(2487,1,4),(2488,1,7),(2489,1,8),(2490,1,9),(2491,1,10),(2492,1,11),(2493,1,12),(2494,1,13),(2495,1,16),(2496,1,17),(2497,1,26),(2498,1,27),(2499,1,28),(2500,1,29),(2501,1,30),(2502,1,31),(2503,1,40),(2504,1,41),(2505,1,42),(2506,1,43),(2507,1,44),(2508,1,45),(2509,1,46),(2510,1,47),(2511,1,48),(2512,1,49),(2513,1,50),(2514,1,51),(2515,1,52),(2516,1,53),(2517,1,54),(2518,1,55),(2519,1,56),(2520,1,57),(2521,1,58),(2522,1,59),(2523,1,60),(2524,1,62),(2525,1,63),(2526,1,64),(2527,1,65),(2528,1,66),(2529,1,67),(2530,1,68),(2531,1,69),(2532,1,70),(2533,1,71),(2534,1,76),(2535,1,77),(2536,1,94),(2537,1,95),(2538,1,96),(2539,1,97),(2540,1,98),(2541,1,99),(2542,1,102),(2543,1,103),(2544,1,106),(2545,1,107),(2546,1,108),(2547,1,109),(2548,1,110),(2549,1,111),(2550,1,112),(2551,1,113),(2552,1,114),(2553,1,115),(2554,1,116),(2555,1,117),(2556,1,118),(2557,1,119),(2558,1,120),(2559,1,121),(2560,1,122),(2561,1,123),(2562,1,124),(2563,1,125),(2564,1,126),(2565,1,127),(2566,1,128),(2567,1,129),(2568,1,130),(2569,1,131),(2570,1,132),(2571,1,133),(2572,1,134),(2573,1,135),(2574,1,136),(2575,1,137),(2576,1,138),(2577,1,139),(2578,1,140),(2579,1,141),(2580,1,142),(2611,4,106),(2612,4,107),(2613,4,108),(2614,4,119),(2615,4,120),(2616,4,112),(2617,4,113),(2618,4,117),(2619,4,118),(2620,4,1),(2621,4,2),(2622,4,42),(2623,4,3),(2624,4,50),(2625,4,4),(2626,4,94),(2627,4,43),(2628,4,44),(2629,4,139),(2630,4,140),(2631,4,64),(2632,4,52),(2633,4,53),(2634,4,59),(2635,4,60),(2636,4,76),(2637,4,77),(2638,4,102),(2639,4,103),(2640,4,99),(2641,4,62),(2642,4,63),(2643,4,41),(2644,4,51),(2645,4,65),(2646,4,66),(2647,4,70),(2648,4,71),(2649,4,124),(2650,4,131),(2651,4,132),(2652,4,129),(2653,4,130),(2654,4,125),(2655,4,126),(2656,4,127),(2657,4,128),(2658,4,133),(2659,4,134),(2660,4,135),(2661,4,136),(2662,4,137),(2663,4,138);
/*!40000 ALTER TABLE `sys_role_permission` ENABLE KEYS */;
UNLOCK TABLES;

--
-- Table structure for table `sys_user_info`
--

DROP TABLE IF EXISTS `sys_user_info`;
/*!40101 SET @saved_cs_client     = @@character_set_client */;
/*!50503 SET character_set_client = utf8mb4 */;
CREATE TABLE `sys_user_info` (
  `id` int(11) unsigned NOT NULL AUTO_INCREMENT COMMENT 'ID',
  `account` varchar(32) DEFAULT NULL COMMENT '登录账号',
  `password` varchar(32) DEFAULT NULL COMMENT '登录密码',
  `name` varchar(32) DEFAULT NULL COMMENT '姓名',
  `phone` varchar(11) DEFAULT NULL COMMENT '电话',
  `avatar` varchar(255) DEFAULT NULL COMMENT '头像',
  `sex` tinyint(4) DEFAULT '0' COMMENT '性别（0--未知1--男2--女）',
  `status` tinyint(4) DEFAULT '0' COMMENT '状态（0--正常1--冻结）',
  `del_flag` tinyint(4) DEFAULT '0' COMMENT '删除状态（0--未删除1--已删除）',
  `create_user` int(11) DEFAULT '0' COMMENT '创建者',
  `create_time` datetime DEFAULT CURRENT_TIMESTAMP COMMENT '创建时间',
  `update_user` int(11) DEFAULT '0' COMMENT '更新人',
  `update_time` datetime DEFAULT CURRENT_TIMESTAMP ON UPDATE CURRENT_TIMESTAMP COMMENT '更新时间',
  PRIMARY KEY (`id`) USING BTREE
) ENGINE=InnoDB AUTO_INCREMENT=7 DEFAULT CHARSET=utf8mb4 ROW_FORMAT=COMPACT COMMENT='用户信息表';
/*!40101 SET character_set_client = @saved_cs_client */;

--
-- Dumping data for table `sys_user_info`
--

LOCK TABLES `sys_user_info` WRITE;
/*!40000 ALTER TABLE `sys_user_info` DISABLE KEYS */;
INSERT INTO `sys_user_info` VALUES (1,'admin','6a5ba91eb079ca05f46998744ed09e0b','爱吃甜品的猫','15286779044','http://47.107.233.154:9000/sbm/user_info/20200921/7e8d62a4-5b3b-4023-aa45-78699fe6cbda.png',1,0,0,0,'2020-09-06 19:40:49',1,'2020-10-27 09:55:05'),(6,'13888888888','3d5b280149bc025b8458c0eee66d285d','测试账号','13888888886','http://47.107.233.154:9000/sbm/user_info/20201023/7b00e323-d915-401a-821b-7a05daa85b07.gif',1,0,0,1,'2020-09-30 09:35:28',0,'2020-10-23 17:56:51');
/*!40000 ALTER TABLE `sys_user_info` ENABLE KEYS */;
UNLOCK TABLES;

--
-- Table structure for table `sys_user_role`
--

DROP TABLE IF EXISTS `sys_user_role`;
/*!40101 SET @saved_cs_client     = @@character_set_client */;
/*!50503 SET character_set_client = utf8mb4 */;
CREATE TABLE `sys_user_role` (
  `id` int(11) unsigned NOT NULL AUTO_INCREMENT COMMENT '用户角色id',
  `user_id` int(11) DEFAULT '0' COMMENT '用户id',
  `role_id` int(11) DEFAULT '0' COMMENT '角色id',
  PRIMARY KEY (`id`) USING BTREE
) ENGINE=InnoDB AUTO_INCREMENT=12 DEFAULT CHARSET=utf8mb4 ROW_FORMAT=COMPACT COMMENT='用户-角色关系表';
/*!40101 SET character_set_client = @saved_cs_client */;

--
-- Dumping data for table `sys_user_role`
--

LOCK TABLES `sys_user_role` WRITE;
/*!40000 ALTER TABLE `sys_user_role` DISABLE KEYS */;
INSERT INTO `sys_user_role` VALUES (3,1,1),(4,1,2),(6,3,2),(7,1,3),(8,2,3),(9,4,4),(10,5,4),(11,6,4);
/*!40000 ALTER TABLE `sys_user_role` ENABLE KEYS */;
UNLOCK TABLES;

--
-- Table structure for table `task`
--

DROP TABLE IF EXISTS `task`;
/*!40101 SET @saved_cs_client     = @@character_set_client */;
/*!50503 SET character_set_client = utf8mb4 */;
CREATE TABLE `task` (
  `id` varchar(255) COLLATE utf8mb4_unicode_ci NOT NULL,
  `name` varchar(255) COLLATE utf8mb4_unicode_ci DEFAULT NULL,
  `task_json` varchar(255) COLLATE utf8mb4_unicode_ci DEFAULT NULL,
  `task_description` varchar(255) COLLATE utf8mb4_unicode_ci DEFAULT NULL,
  `state` varchar(255) COLLATE utf8mb4_unicode_ci DEFAULT NULL,
  `task_create_time` datetime DEFAULT NULL,
  `task_reward` varchar(255) COLLATE utf8mb4_unicode_ci DEFAULT NULL,
  PRIMARY KEY (`id`) USING BTREE
) ENGINE=InnoDB DEFAULT CHARSET=utf8mb4 COLLATE=utf8mb4_unicode_ci ROW_FORMAT=DYNAMIC;
/*!40101 SET character_set_client = @saved_cs_client */;

--
-- Dumping data for table `task`
--

LOCK TABLES `task` WRITE;
/*!40000 ALTER TABLE `task` DISABLE KEYS */;
INSERT INTO `task` VALUES ('0bf87707-c650-4443-8787-bee24a1ab350','收到5封回信','select (select count(*) from reply WHERE letter_id in (select id from letter where open_id=#{openId}))>=5','#{} 表示用户的openId','0','2021-07-10 23:14:01','af3aa976-bb90-4bc9-a943-4242b4c52b1a'),('1fbb9e2c-532f-4891-b2c5-25df3e0c920e','收到1封回信','select (select count(*) from reply WHERE letter_id in (select id from letter where open_id=#{openId}))>=1','#{表示用户的openId} ','0','2021-07-09 22:31:24','a00e2c21-88a2-4287-9318-6589f7a8a9ea'),('3349fbfb-445e-4137-9541-c25556dec99a','解答关于1封校园的解忧信','select ( SELECT count(*) FROM letter WHERE find_in_set(\'校园\',tap_ids ) and open_id=#{openId})>=1','#{} 表示用户的openId','0','2021-07-10 23:14:09','e3e7afcb-9ac9-4a4c-b748-0e425fb4e515'),('47978f91-3fbf-4f14-8390-96efb0ade549','发布30封解忧信','select (select count(*) from letter where  open_id = #{openId})>=30','#{} 表示用户的openId','0','2021-07-10 23:14:08','86c1e5ca-fc2c-4f0d-9d93-2661a5a73a52,becb9a1b-c46e-4918-8719-2c6f63731676,a8175e99-b794-4516-af97-fda1f392a916'),('653f4639-871c-4861-994e-050f1a3a8acb','收集到10枚邮票','select (select count(*) from user_stamp where  open_id = #{openId})>=10','','0','2021-07-09 22:31:28','c3c33838-8a1a-4d91-a285-f618f88a2149'),('71bc794e-ed63-4dea-8a37-b098d5566e48','发布20篇吐槽','select (select count(*) from spitting_grooves where  open_id = #{openId})>=20','#{表示用户的openId}','0','2021-07-09 22:31:31','4b9eb6a0-fecc-4dbe-b66e-94e72bc77c55,8ea7c5aa-aca0-4e5f-a57e-30a2b0851a14'),('71d0c431-c377-4b43-94a0-4a41e95efe8e','完成30篇日记','select (select count(*) from diarys where  open_id = #{openId})>=30','','0','2021-07-09 22:31:34','db917c09-8537-4d6b-abd4-6df24914df62,e1eb718c-5525-4e38-b554-0d6c9bed28ff'),('73f20ebf-c266-4681-9491-d92858a3bf6a','发布5封解忧信','select (select count(*) from letter where  open_id = #{openId})>=5','#{} 表示用户的openId','0','2021-07-10 23:14:07','24b1a0b8-84da-44d6-9a47-6e6ed487a20c,3f155223-846c-4987-a080-faebbb3e5d41'),('7a5853b0-a91d-4db2-a9ff-f6e3c84f22da','发布2封解忧信','select (select count(*) from letter where  open_id = #{openId})>=2','#{} 表示用户的openId','0','2021-07-10 23:14:05','05768085-25c1-46c0-8ef3-bb5ded0a71ae'),('9d1b36dd-c734-4072-8248-fec24f575007','完成5篇日记','select (select count(*) from diarys where  open_id = #{openId})>=5','#{} 表示用户的openId','0','2021-07-10 23:14:04','d58da9db-0950-4e9f-9f07-abd1195ef569,d89f04f9-0652-41f2-96f5-792af2d443af'),('9fed4b55-e46e-40d6-b2c0-fef24d153b57','完成2篇日记','select (select count(*) from diarys where  open_id = #{openId})>=2','#{} 表示用户的openId','0','2021-07-10 23:14:03','2528093e-3abc-429f-8c59-ac4c03d441cc'),('c613c234-dcd8-45a5-a078-f6bcdda084e4','解答关于10封校园的解忧信','select ( SELECT count(*) FROM letter WHERE find_in_set(\'校园\',tap_ids ) and open_id=#{openId})>=10','','0','2021-07-09 22:31:37','c7c98cc0-47c3-4466-bbc5-ff033c3d8ffc'),('eec41a98-8d7e-41eb-be59-f6cc0c933114','解答30封信','select (select count(*) from reply WHERE open_id=#{openId} )>=30','#{} 表示用户的openId','0','2021-07-09 22:31:41','c5000c1e-b2c0-4179-bc3e-c95dcfee0d29,e1eb718c-5525-4e38-b554-0d6c9bed28ff');
/*!40000 ALTER TABLE `task` ENABLE KEYS */;
UNLOCK TABLES;

--
-- Table structure for table `user`
--

DROP TABLE IF EXISTS `user`;
/*!40101 SET @saved_cs_client     = @@character_set_client */;
/*!50503 SET character_set_client = utf8mb4 */;
CREATE TABLE `user` (
  `open_id` varchar(255) CHARACTER SET utf8mb4 NOT NULL COMMENT '用户组件',
  `date_birth` datetime DEFAULT NULL COMMENT '出生日期',
  `gender` int(11) DEFAULT NULL COMMENT '0：女 1：男',
  `registration_time` datetime DEFAULT NULL ON UPDATE CURRENT_TIMESTAMP COMMENT '注册时间',
  `last_login_time` datetime DEFAULT NULL COMMENT '最后一次登陆时间',
  `state` int(11) DEFAULT NULL COMMENT '状态 0  正常，1 停用',
  `pen_name` varchar(255) DEFAULT NULL COMMENT '笔名',
  `avatar_url` varchar(255) DEFAULT NULL COMMENT '头像url',
  PRIMARY KEY (`open_id`) USING BTREE
) ENGINE=InnoDB DEFAULT CHARSET=utf8 ROW_FORMAT=DYNAMIC;
/*!40101 SET character_set_client = @saved_cs_client */;

--
-- Dumping data for table `user`
--

LOCK TABLES `user` WRITE;
/*!40000 ALTER TABLE `user` DISABLE KEYS */;
INSERT INTO `user` VALUES ('oUGur5ApWqM2sQV3ezbTfTaAeEWk','2021-08-07 22:54:52',1,'2021-08-07 22:56:54','2021-08-07 22:56:54',0,'仲阳十七','https://thirdwx.qlogo.cn/mmopen/vi_32/qAmARsskDWg3RevZzhicZaO1dFIpEuSsXp4RV80U1FrawIibib6r5gdEoSU3uZviaZCe73sGJez0Bic4h9QRicxKTbHg/132'),('oUGur5AR09gaeP4Vy5w4Q2hjuIGg','2021-09-25 14:36:57',1,'2021-09-25 14:36:57','2021-09-25 14:36:57',0,'蓝色妖姬','https://thirdwx.qlogo.cn/mmopen/vi_32/PiajxSqBRaEIRKYpenaXI4sXJjCnKicmmfSLxhPnNJNMuZDJTXLfjzGfBsBpbFA4LOo8WLE94SjOSUDrWCRH2YMQ/132'),('oUGur5B-77PTPwn8t3GG87PMhMa8','2021-10-21 21:21:00',0,'2021-10-21 21:21:28','2021-10-21 21:21:28',0,'浮生十里','https://thirdwx.qlogo.cn/mmopen/vi_32/qtsfraoK8vibCd7QV0smzhxgORmavzNW19yW50qcbwgLCkcgj7kURQ939fiadNBlqlULn6ZKfBDicdtPvH2dMzicZw/132'),('oUGur5CA7Sbk6KomleZAdMGSeQY4','2021-08-14 13:12:44',2,'2021-08-21 21:25:31','2021-08-21 21:25:31',0,'萤宵行.','https://thirdwx.qlogo.cn/mmopen/vi_32/Q0j4TwGTfTJq2Ev0djo3hlnflibPvVyd8nqjwQmCR6dV5YgkqOYWBDnY9XIg96umuZNbic9vYPVMPg1XGc0rwVpQ/132'),('oUGur5CocZtaFgKC1aIHuS0oyb_0','2021-07-17 14:39:47',2,'2021-07-17 14:53:10','2021-07-17 14:53:10',0,'Lisa','https://thirdwx.qlogo.cn/mmopen/vi_32/Q3auHgzwzM5r8msTETvK0EbewEt5XQOAvn0pJPiaY9ehQLYibFWmaqeXJ02ImALbibAWRibhAFLoBCttwjTcNxlMDA/132'),('oUGur5D0SeaeE-90CEkRZega20qg','2021-07-17 14:37:17',2,'2021-07-23 12:10:38','2021-07-23 12:10:38',0,'BLUE','https://thirdwx.qlogo.cn/mmopen/vi_32/ibkgI6UoU3u5JkHbxjibAdulsxLYAiaqAhiboHtKde59tEUnhpmZ9yiaD09aqPynYfXrnbcso8kZKuZsP6QR0bnGXPg/132'),('oUGur5D3RZYFOmzlWrI3qRtHEjdk','2021-07-09 22:11:51',1,'2021-07-09 22:12:50','2021-07-09 22:12:50',0,'ە','https://thirdwx.qlogo.cn/mmopen/vi_32/D0k6oyhCLyibxHb35iaef3W9NuTJFBFdI6Jzib4MY0aJZ5Rell1libxm3QU1BJ0L0VZ2VpCqCeLbhVMWh9J8RztJxw/132'),('oUGur5DR5aFg-0nYXIMght77tNJA','2021-07-11 13:39:32',0,'2021-07-11 13:39:32','2021-07-11 13:39:32',0,'超级大可爱','https://thirdwx.qlogo.cn/mmopen/vi_32/Q0j4TwGTfTKSQXWqSGFveKq9HD5yqTjmzibNvianxydRGzFUFYwPNCRDcSW3TJOcWNSj8D1D6zmVSemOssV0jtAA/132'),('oUGur5DwbQ_9KJsFi57gJ51NGBHM','2021-07-12 10:50:25',0,'2021-07-12 10:52:37','2021-07-12 10:52:37',0,'sea','https://thirdwx.qlogo.cn/mmopen/vi_32/Q0j4TwGTfTJnsdQt6bQdHkkvBBvqqgYPGHMO1EL0iaGMFOrHNkbmnOVWKfJ01y4Yd3icvHcbSSpYP5FchPBD3B3w/132'),('oUGur5E8uEe6kvOUmgge6UypDR7g','2021-07-12 08:56:37',0,'2021-07-12 08:56:37','2021-07-12 08:56:37',0,'陈惠君','https://thirdwx.qlogo.cn/mmhead/Ichib5hYyuKHqIJhbleK5N66aNUSFdgKxicyJgwVW1pz0/132'),('oUGur5EboysAN93FbIW8pHMjFSLo','2021-07-17 14:41:18',1,'2021-07-17 14:45:54','2021-07-17 14:45:54',0,'王成良','https://thirdwx.qlogo.cn/mmopen/vi_32/Q0j4TwGTfTK3nnsFHhQQErgkhyoIuu4AGPGjKgZnZ7JI3GnmhpPbfesOU393JFzYx9w1uLaqgtKK2wF1V2y3VQ/132'),('oUGur5EQtmqWzTHqXd3AhDgBKcZg','2021-07-17 14:39:45',1,'2021-07-17 14:54:46','2021-07-17 14:54:46',0,'梁宇','https://thirdwx.qlogo.cn/mmopen/vi_32/DYAIOgq83eqUkKmibxfakUg7jo4DcFQCjMjOIKbu7RXN6u5liaVaMWQ8iaVJibfp6aEBJTIyVEyhQGXeb2CCwuXI5g/132'),('oUGur5EWeXZspOqwdqy9LDS4utss','2021-07-17 14:38:13',1,'2021-07-17 14:47:05','2021-07-17 14:47:05',0,'吴祖峰','https://thirdwx.qlogo.cn/mmopen/vi_32/yicicsbSIznCkc2BKo3NYVH4VQVpgbmqlm0cickeJlRvJvU70nocq52iawpedX779vHKClmLxtBzjylicAq3y7S3YMw/132'),('oUGur5EXVV5jFjhr8Wsom29LVRI0','2021-07-10 19:27:56',2,'2021-07-10 19:29:52','2021-07-10 19:29:52',0,'今天明天后天','https://thirdwx.qlogo.cn/mmopen/vi_32/Rl2pxU6dm5uLDG6O8STrPRAl6t8rBf4feK3UlvLdzxbs01u3gRL6495NH9cIG9t5iaR4xmibkGkMhCPWyPgLFklg/132'),('oUGur5F1dqQffYFtCzErwYOT_iw4','2021-07-09 17:45:33',1,'2021-07-09 17:47:35','2021-07-09 17:47:35',0,'DXZ444','https://thirdwx.qlogo.cn/mmopen/vi_32/Q0j4TwGTfTJ28o8hwRTsgAodZeubsEWcN65fxfwYEjNgm3kQiaV54xdsd1Pe67Cz0qOia7MGV8NEr2WEDkb6sPzQ/132'),('oUGur5F4Lrw4Fjv4DPeVkYnqujQY','2021-07-14 21:50:18',1,'2021-07-14 22:05:41','2021-07-14 22:05:41',0,'建筑工程师','https://thirdwx.qlogo.cn/mmopen/vi_32/1UL68YC4ibksmuwCouPzKAJFSxOTHXNmGcicIKUOEHcKv4rVFoiaCprgp4A9cDNJZtF7Vc1GEqMGz5e02Deb8QBcA/132'),('oUGur5G2E2FjJ-NKGnA3uUzThfZM','2021-07-09 12:40:01',2,'2021-10-10 12:59:05','2021-10-10 12:59:05',0,'.','https://thirdwx.qlogo.cn/mmopen/vi_32/Q0j4TwGTfTKBrqTKvvrFicn1GpiaXa8MtIFnnFeLBNJFIibrFcaqlb3zm7vgusiaZu2eD0wg05reA9rRsy1fU588jQ/132'),('oUGur5GBjDC1B3z-brhlM9rL3Gnc','2021-07-07 13:27:36',1,'2021-12-02 10:26:42','2021-12-02 10:26:42',0,'K','https://thirdwx.qlogo.cn/mmopen/vi_32/5TYqM7pBXYmky1NZKTnJicNkUglEE70BRUiaLdHOgf61sQsXtLVHJ8S2z5EicOicy2TicG5o6Sc6DbrrQ0bnzIkDIAw/132'),('oUGur5GH_clj3q5Uu_2_U1JLKWfU','2021-07-13 11:51:57',0,'2021-07-13 12:03:41','2021-07-13 12:03:41',0,'小布丁','https://thirdwx.qlogo.cn/mmopen/vi_32/e1o35zLtQ8Nda5vWQAkzIavrRVda0S4DnY2EG8ZzngYI26hFtkia5icNTfzCqGMOLoIyiaEticApybRf9Z7nxrvPYA/132'),('oUGur5GqgzGHV_sZ5N_r6K7pX4qA','2021-07-09 12:23:23',1,'2021-07-09 12:24:00','2021-07-09 12:24:00',0,'Kemba','https://thirdwx.qlogo.cn/mmopen/vi_32/9BmJuOfQWia4jibaEm7CwKVtAXVldkW5fh49l7ooYG0fFgW7ZrfUia0FL3SNTc3wJjzKzI8cAzhPwiaIYHY0FkBia8g/132'),('oUGur5H4WeCTD-AqX3HN_UsgC6l4','2021-07-07 13:27:39',1,'2021-12-02 10:35:31','2021-12-02 10:35:31',0,'','https://thirdwx.qlogo.cn/mmopen/vi_32/6o5CpEDxlABBibxB3OHPcx4D99YjcrwaaTIK1V685CxibasxibR6xfV5PNOQ4S2OjfiaciaghCV0ic7eWtvxxYMCPPaw/132'),('oUGur5IChi28OJiJgOpbkfOVIr-0','2021-07-15 00:13:29',0,'2021-07-15 00:13:29','2021-07-15 00:13:29',0,'郑崇海','https://thirdwx.qlogo.cn/mmhead/ykn76iaG5WXBgmChLicT9u9hl4IuaGtfb5zS6iaOiaCTA2U/132'),('oUGur5IJKPPvYBKOqk2vtuft3rnw','2021-07-13 16:36:53',2,'2021-07-13 16:40:59','2021-07-13 16:40:59',0,'@敏','https://thirdwx.qlogo.cn/mmopen/vi_32/VlOYGeJkaMF838JrPfib0nU2GQ1jwfP5H9MtCEibssQa7qONEpfvG9JaqPox6MHGpRxK2ic2CJxySOFiaLW7RSWm4w/132'),('oUGur5JUd0JWHbSifc3saTK5tqFM','2021-07-09 14:28:37',2,'2021-07-09 14:29:23','2021-07-09 14:29:23',0,'锂','https://thirdwx.qlogo.cn/mmopen/vi_32/AboJJOXb0RKQrnLicSRrf9yjaicFxFRTdHpH2ErsSCje2ia1GYKcQA9TV0Dp5eClZ4iaBNnrxybY3IDXpbbPMCKTDg/132'),('oUGur5KjanWCd5L_DRAAWL-BJgRU','2021-07-15 19:06:18',2,'2021-07-15 19:16:57','2021-07-15 19:16:57',0,'CTamus.','https://thirdwx.qlogo.cn/mmopen/vi_32/AxwhIEn4C9ibUJicoPhVCUOqqotXqpibpsZtrSQLs3s7baNjzoToGWl6gugCia5gYFx32nmCE5zC48jBCUwBcLwT5w/132'),('oUGur5KR7vv_xzr9LNXkzALZP7zw','2021-07-10 22:31:17',2,'2021-07-15 16:09:52','2021-07-15 16:09:52',0,'金剪刀','https://thirdwx.qlogo.cn/mmopen/vi_32/OOotBSdJeH5yBDRibBRUYq1OdG9zlkq1OVndfNkjI01uJVqGtE3QTXRw6DicmQd52KeqAKd8e9zKFoZ0VIMpqa1A/132'),('oUGur5KsX_8Fv_YPuCfy27C1zRaA','2021-07-09 13:01:18',2,'2021-07-09 18:42:37','2021-07-09 18:42:37',0,'大花的肥肥','https://thirdwx.qlogo.cn/mmopen/vi_32/YdJn25LwK6PrpeDwrkHw6CwLgq3FQdfTreFJSYcEks1ubWTfwkd00gkbiaLe75hyogWz988eicXicQrPdhvK305fg/132'),('oUGur5KynGZmIatp4v-oC-mA1vTg','2021-11-14 22:01:21',0,'2021-11-15 19:25:29','2021-11-15 19:25:29',0,'哈利不是波特','https://thirdwx.qlogo.cn/mmopen/vi_32/srpLdELJPtdOrZgibtRU8Vqpd0gn8GlHcMxJcwu5I7jY8XroPRetPltFUjc5ia9iaww8my4eCC2oTHsO7g9pWvKTQ/132'),('oUGur5L9moeQAr1yczdgwFgEZAXA','2021-09-24 15:24:24',0,'2021-10-17 22:03:14','2021-10-17 22:03:14',0,'凯里欧文帅','https://thirdwx.qlogo.cn/mmopen/vi_32/VcuApQMjXicic9rJqtOUEG3d10SHbHW77vmVZX7ACFlYib9S7vsuAvic70micLxk4XvWK9RkC9At3vcdDIpxFD0hGnA/132'),('oUGur5Lf0B5fPuAROI8aaekMJFYA','2021-07-17 18:57:16',2,'2021-07-17 18:57:42','2021-07-17 18:57:42',0,'木槿你好','https://thirdwx.qlogo.cn/mmopen/vi_32/vXXmqz49xDQNicC3yJAJf3rUPPL1MrCTsDicKG4Q25S1q8LfzX3U8Dlzflr22UdvSvSnNrem6jibibGrdgiaFhHmFag/132'),('oUGur5NFcTHkjrPDDnRpSEGDVX5s','2021-07-07 13:26:36',0,'2021-11-08 14:55:33','2021-11-08 14:55:33',0,'求道玉M.P','https://thirdwx.qlogo.cn/mmopen/vi_32/bAfn1HXxkfgGKDdOEvlfw3xySicJlEmv9PAibqjJxlmEzCA6ZGepT8icFs9O7nrkOgFYBRZS3lCcSmiaPreMrxQqNA/132'),('oUGur5NLexd5HHNupbG2LDhomFDg','2021-07-16 13:24:03',1,'2021-07-17 14:52:25','2021-07-17 14:52:25',0,'supmyre','https://thirdwx.qlogo.cn/mmopen/vi_32/5sRytd1sSjAaz3SfKYeVstxOiaK5PyscEcT8fnXfHScdViceibTS6Wn6OfHnXyg6VSFeWyW1EF7jruj2jibo2p7Ymw/132'),('oUGur5NNZZHTZqOLpCe30pYAMC_s','2021-07-09 17:33:16',1,'2021-11-18 19:45:08','2021-11-18 19:45:08',0,'远道','https://thirdwx.qlogo.cn/mmopen/vi_32/RtmDqJzxtTLtPgaOSeJddUMLZ3pvD4a2QtBfJju8SJhbnAqKMXv42bsRYo2w5icaWS65lsiag5UZAxtD56UCJA3w/132'),('oUGur5O5tiwnq0a6SoqLEGeRlAFM','2021-07-17 14:41:08',1,'2021-07-17 14:52:47','2021-07-17 14:52:47',0,'LuX','https://thirdwx.qlogo.cn/mmopen/vi_32/Q0j4TwGTfTKwxvHRQkZwicic47mOXTCHcQbMdCkdRd2gleicicyYSMWOszw7TTHLLLCiaITazJpmZTUGBkxU68JWJqA/132'),('oUGur5OgIK6W_-f9ZQ7HWiedA3vw','2021-07-14 21:47:42',2,'2021-07-14 21:59:38','2021-07-14 21:59:38',0,'心愿','https://thirdwx.qlogo.cn/mmopen/vi_32/Q0j4TwGTfTLiaMvmcpYHgzvOfuFLNDjfYibGPYZPRj4o0cMiaR4HaV7iaIs5WyD6LxplTqET3iaAto5viaIZLWFCAteA/132'),('oUGur5P0rpbia56YNS08JAad8QHI','2021-07-10 16:09:18',0,'2021-07-15 10:42:20','2021-07-15 10:42:20',0,'坎坎坷坷','https://thirdwx.qlogo.cn/mmopen/vi_32/TwuGTMPG70MW7ibS6wuictlczSwlalBSALhLfIBic0uKYNRuqKlv9dGYGyXdRCgA1ttZgpciatxrEzaoXj0WEvDNicw/132'),('oUGur5Pq7gY38E_Qw7jp5-COZJts','2021-07-09 14:24:56',0,'2021-07-09 14:26:20','2021-07-09 14:26:20',0,'神经蛙','https://thirdwx.qlogo.cn/mmopen/vi_32/Q3auHgzwzM4ia5KvJrzvhmxnavrkd0WrQ4HPHGxe8cnermpfLUptbsXasMGCn5drBuADfpZGG1y9Ms0rL41PHicQ/132');
/*!40000 ALTER TABLE `user` ENABLE KEYS */;
UNLOCK TABLES;

--
-- Table structure for table `user_achieve`
--

DROP TABLE IF EXISTS `user_achieve`;
/*!40101 SET @saved_cs_client     = @@character_set_client */;
/*!50503 SET character_set_client = utf8mb4 */;
CREATE TABLE `user_achieve` (
  `id` varchar(255) COLLATE utf8mb4_unicode_ci NOT NULL,
  `open_id` varchar(70) COLLATE utf8mb4_unicode_ci DEFAULT NULL,
  `achieve_id` varchar(255) COLLATE utf8mb4_unicode_ci DEFAULT NULL,
  `obtain_time` datetime DEFAULT NULL,
  `state` varchar(2) COLLATE utf8mb4_unicode_ci DEFAULT NULL,
  PRIMARY KEY (`id`) USING BTREE
) ENGINE=InnoDB DEFAULT CHARSET=utf8mb4 COLLATE=utf8mb4_unicode_ci ROW_FORMAT=DYNAMIC;
/*!40101 SET character_set_client = @saved_cs_client */;

--
-- Dumping data for table `user_achieve`
--

LOCK TABLES `user_achieve` WRITE;
/*!40000 ALTER TABLE `user_achieve` DISABLE KEYS */;
INSERT INTO `user_achieve` VALUES ('00a54f62-367d-4603-87fa-94d99d2bce74','oUGur5NNZZHTZqOLpCe30pYAMC_s','f179fe76-620d-4dbd-8e7d-6fef826487f5','2021-07-11 15:42:26','0'),('04cd52fd-8fca-45d7-9d13-760e7a5bc3dc','oUGur5GBjDC1B3z-brhlM9rL3Gnc','e7626e4c-541f-4324-a7a6-d09f1f5c4f96','2021-07-13 11:37:43','0'),('2217ac50-e399-45d9-9b34-3259275f8637','oUGur5NNZZHTZqOLpCe30pYAMC_s','1c283066-dc4c-430b-bd67-1f018dbdc347','2021-07-11 15:42:25','0'),('2460d1f8-a040-4b18-beb1-3f7fdd5a6c13','oUGur5H4WeCTD-AqX3HN_UsgC6l4','1c283066-dc4c-430b-bd67-1f018dbdc347','2021-07-12 07:10:44','0'),('25987da0-754e-4621-be4f-a9824683b8a2','oUGur5NFcTHkjrPDDnRpSEGDVX5s','1c283066-dc4c-430b-bd67-1f018dbdc347','2021-07-13 12:03:36','0'),('47766f13-283d-4875-94ce-69504445d42c','oUGur5NNZZHTZqOLpCe30pYAMC_s','d1415644-b378-4d31-bc33-e74d87a87d49','2021-07-11 15:42:26','0'),('4c6ea1fe-3462-45bf-8333-e7c93dc424d5','oUGur5NNZZHTZqOLpCe30pYAMC_s','7ce0233a-d869-48e2-9551-049cac1a0ccc','2021-07-11 15:42:25','0'),('4ff81218-6ec2-4949-b208-90049eeef753','oUGur5GBjDC1B3z-brhlM9rL3Gnc','1c283066-dc4c-430b-bd67-1f018dbdc347','2021-07-12 10:19:59','0'),('63c6cc56-608e-476f-8662-c4fb298c23de','oUGur5NFcTHkjrPDDnRpSEGDVX5s','bf6b2f23-53f7-42d9-b7f6-0d4df8c15a86','2021-07-11 08:53:36','0'),('66884a84-ccd8-4366-ba97-38e6b21cf5eb','oUGur5NNZZHTZqOLpCe30pYAMC_s','e7626e4c-541f-4324-a7a6-d09f1f5c4f96','2021-07-11 15:42:26','0'),('6e696961-078e-46de-b893-442fa5de9019','oUGur5NFcTHkjrPDDnRpSEGDVX5s','e6c0f32b-1ee8-4aad-9899-b7786d3d2a0a','2021-07-11 08:56:06','0'),('82b58e3d-7cbf-401c-b133-98546af16b67','oUGur5GBjDC1B3z-brhlM9rL3Gnc','f179fe76-620d-4dbd-8e7d-6fef826487f5','2021-07-12 10:19:59','0'),('93059882-5795-4c44-97d4-a95b9b134835','oUGur5NNZZHTZqOLpCe30pYAMC_s','81d9deed-7236-4308-a6a9-fe80df099481','2021-07-11 15:42:26','0'),('96183836-765b-4e30-a7a9-67d7d1d42aa5','oUGur5GBjDC1B3z-brhlM9rL3Gnc','e25b13eb-86ba-4bff-8efa-6651a5bee398','2021-07-13 11:37:43','0'),('9644eee7-9775-4bbd-9f02-9ae7328a1682','oUGur5NNZZHTZqOLpCe30pYAMC_s','4af17539-8017-4e4d-aafc-17320b49e43f','2021-07-11 15:42:25','0'),('9da6e029-c66e-4a87-8641-6224c69a1bac','oUGur5NNZZHTZqOLpCe30pYAMC_s','20c89725-d83e-44fb-94d9-013101668704','2021-07-11 15:42:25','0'),('aa093e87-a27b-4b6c-bc0f-f8e69479e52d','oUGur5GBjDC1B3z-brhlM9rL3Gnc','81d9deed-7236-4308-a6a9-fe80df099481','2021-07-13 11:37:43','0'),('ac76684b-92d9-4d78-82da-87328d91f6a3','oUGur5NNZZHTZqOLpCe30pYAMC_s','cb1def91-b6fd-4776-a0ff-f76d8288226e','2021-07-11 15:42:26','0'),('bff5216c-f2ff-4f25-8a27-144e74c9cf47','oUGur5NNZZHTZqOLpCe30pYAMC_s','bf6b2f23-53f7-42d9-b7f6-0d4df8c15a86','2021-07-11 15:42:26','0'),('cecc7154-6dfb-43cf-bdfc-4c44bdc6747b','oUGur5GBjDC1B3z-brhlM9rL3Gnc','7ce0233a-d869-48e2-9551-049cac1a0ccc','2021-07-13 11:37:42','0'),('e438cbc4-66b6-4f08-9462-dd5460ea2051','oUGur5NNZZHTZqOLpCe30pYAMC_s','e25b13eb-86ba-4bff-8efa-6651a5bee398','2021-07-11 15:42:26','0'),('eea83ad3-4452-46fc-991e-c0925fed9c7c','oUGur5NNZZHTZqOLpCe30pYAMC_s','8fcfd297-02a7-4eaa-bdb0-b95110944fcd','2021-07-11 15:42:26','0'),('f7e8f9cc-ba00-4315-a1f6-ab7954de4a0b','oUGur5NNZZHTZqOLpCe30pYAMC_s','e6c0f32b-1ee8-4aad-9899-b7786d3d2a0a','2021-07-11 15:42:26','0');
/*!40000 ALTER TABLE `user_achieve` ENABLE KEYS */;
UNLOCK TABLES;

--
-- Table structure for table `user_stamp`
--

DROP TABLE IF EXISTS `user_stamp`;
/*!40101 SET @saved_cs_client     = @@character_set_client */;
/*!50503 SET character_set_client = utf8mb4 */;
CREATE TABLE `user_stamp` (
  `id` varchar(255) COLLATE utf8mb4_unicode_ci NOT NULL,
  `stamp_id` varchar(255) COLLATE utf8mb4_unicode_ci DEFAULT NULL,
  `open_id` varchar(255) COLLATE utf8mb4_unicode_ci DEFAULT NULL,
  `state` varchar(255) COLLATE utf8mb4_unicode_ci DEFAULT NULL,
  `obtain_time` datetime DEFAULT NULL,
  `number` int(20) DEFAULT NULL,
  PRIMARY KEY (`id`) USING BTREE
) ENGINE=InnoDB DEFAULT CHARSET=utf8mb4 COLLATE=utf8mb4_unicode_ci ROW_FORMAT=DYNAMIC;
/*!40101 SET character_set_client = @saved_cs_client */;

--
-- Dumping data for table `user_stamp`
--

LOCK TABLES `user_stamp` WRITE;
/*!40000 ALTER TABLE `user_stamp` DISABLE KEYS */;
INSERT INTO `user_stamp` VALUES ('02ae7e57-e9d5-496b-93d1-63bfc94243e1','b6903eaf-7959-45a2-9023-72f3617f13df','oUGur5NNZZHTZqOLpCe30pYAMC_s','1','2021-07-09 19:01:27',1),('03fde86c-b7a0-45e8-a89e-a89882cdfc89','d89f04f9-0652-41f2-96f5-792af2d443af','oUGur5NNZZHTZqOLpCe30pYAMC_s','0','2021-07-11 15:42:28',0),('04f1b15a-e805-4396-bcf5-6046460f9768','515edff6-4bef-40c7-b4a4-09f79b9916d9','oUGur5OgIK6W_-f9ZQ7HWiedA3vw','1','2021-07-14 21:47:42',1),('05679208-c475-41c5-9439-3f47eac9e18d','515edff6-4bef-40c7-b4a4-09f79b9916d9','oUGur5NNZZHTZqOLpCe30pYAMC_s','0','2021-07-11 15:42:27',0),('09b00031-b923-4ac1-860f-4cf9589875a3','bcbdba3b-a56b-477c-b938-7e4161152944','oUGur5D0SeaeE-90CEkRZega20qg','1','2021-07-17 14:37:19',1),('0b1debb0-7290-4ce7-94d3-5229afce5e4a','4b9eb6a0-fecc-4dbe-b66e-94e72bc77c55','oUGur5NNZZHTZqOLpCe30pYAMC_s','0','2021-07-11 15:42:27',0),('0b6cb5f3-1468-4699-9eeb-fc21f1614b37','af3aa976-bb90-4bc9-a943-4242b4c52b1a','oUGur5NNZZHTZqOLpCe30pYAMC_s','0','2021-07-11 15:42:27',0),('0eb05fd1-0114-4db5-bd89-327704fa6d09','b6903eaf-7959-45a2-9023-72f3617f13df','oUGur5OgIK6W_-f9ZQ7HWiedA3vw','1','2021-07-14 21:47:42',1),('11212fa9-829e-4729-91c2-1054097dbdf7','3990a165-7e9c-4783-9f89-ad021d237ebc','oUGur5NNZZHTZqOLpCe30pYAMC_s','1','2021-07-09 19:01:27',1),('12d7b2b4-fefb-45fa-8e7f-d7fb7267a122','b6903eaf-7959-45a2-9023-72f3617f13df','oUGur5JUd0JWHbSifc3saTK5tqFM','1','2021-07-09 19:01:25',1),('1432a78d-924d-4f41-bccb-b26ca7489ed0','3990a165-7e9c-4783-9f89-ad021d237ebc','oUGur5NNZZHTZqOLpCe30pYAMC_s','0','2021-07-11 15:42:27',0),('146fb3bc-7cd5-463d-a248-a55d36566dfe','bcbdba3b-a56b-477c-b938-7e4161152944','oUGur5H4WeCTD-AqX3HN_UsgC6l4','1','2021-07-09 19:01:24',1),('14a7f001-73c1-44fe-837c-7e102060c6ec','db917c09-8537-4d6b-abd4-6df24914df62','oUGur5NNZZHTZqOLpCe30pYAMC_s','0','2021-07-11 15:42:28',0),('15918ce2-a128-468c-9542-f74b0f99e5dd','2528093e-3abc-429f-8c59-ac4c03d441cc','oUGur5NFcTHkjrPDDnRpSEGDVX5s','1','2021-07-11 08:56:14',1),('16acb681-4ae4-498b-a7e8-e73431375012','515edff6-4bef-40c7-b4a4-09f79b9916d9','oUGur5P0rpbia56YNS08JAad8QHI','1','2021-07-11 09:21:01',1),('16b2a67d-7a3b-4a7f-867c-630a6eb87361','bcbdba3b-a56b-477c-b938-7e4161152944','oUGur5ApWqM2sQV3ezbTfTaAeEWk','1','2021-08-07 22:54:52',1),('17e02cab-e213-4bd3-95d5-5ae03ad70237','bcbdba3b-a56b-477c-b938-7e4161152944','oUGur5P0rpbia56YNS08JAad8QHI','1','2021-07-11 09:21:01',1),('18a7b577-ac0b-45a0-a3be-1099039351c7','b6903eaf-7959-45a2-9023-72f3617f13df','oUGur5GqgzGHV_sZ5N_r6K7pX4qA','1','2021-07-09 19:01:24',1),('1952521e-003b-4eaf-876e-c953ba8a5cda','bcbdba3b-a56b-477c-b938-7e4161152944','oUGur5EQtmqWzTHqXd3AhDgBKcZg','1','2021-07-17 14:39:45',1),('1c932e28-397c-4297-9819-f3b948f5f045','a00e2c21-88a2-4287-9318-6589f7a8a9ea','oUGur5NNZZHTZqOLpCe30pYAMC_s','0','2021-07-11 15:42:27',0),('1d522eeb-8e61-480a-b140-037b9c670431','3990a165-7e9c-4783-9f89-ad021d237ebc','oUGur5KsX_8Fv_YPuCfy27C1zRaA','1','2021-07-09 19:01:26',1),('1de43ff8-e6f2-464d-9115-38f82ed077f1','bcbdba3b-a56b-477c-b938-7e4161152944','oUGur5AR09gaeP4Vy5w4Q2hjuIGg','1','2021-09-25 14:36:57',1),('1fbafa43-25c6-4a67-bbbf-2adbcfc4694f','bcbdba3b-a56b-477c-b938-7e4161152944','oUGur5KsX_8Fv_YPuCfy27C1zRaA','1','2021-07-09 19:01:26',1),('1fc60f22-4e6b-49a9-a4b6-8a5e59b61065','515edff6-4bef-40c7-b4a4-09f79b9916d9','oUGur5KjanWCd5L_DRAAWL-BJgRU','1','2021-07-15 19:06:19',1),('20ee3781-886e-4532-a9f8-da42217e6cb7','515edff6-4bef-40c7-b4a4-09f79b9916d9','oUGur5NLexd5HHNupbG2LDhomFDg','1','2021-07-16 13:24:03',1),('213398a4-3901-4c87-b660-e9253470ad3b','515edff6-4bef-40c7-b4a4-09f79b9916d9','oUGur5AR09gaeP4Vy5w4Q2hjuIGg','1','2021-09-25 14:36:57',1),('2633abb4-088b-4736-bea7-60c55424aa57','3990a165-7e9c-4783-9f89-ad021d237ebc','oUGur5F4Lrw4Fjv4DPeVkYnqujQY','1','2021-07-14 21:50:19',1),('274e57c7-2d13-4192-9647-f409f470f369','515edff6-4bef-40c7-b4a4-09f79b9916d9','oUGur5KynGZmIatp4v-oC-mA1vTg','1','2021-11-14 22:01:21',1),('28ed5357-f110-42a0-8b0d-281a3dc90b49','a00e2c21-88a2-4287-9318-6589f7a8a9ea','oUGur5H4WeCTD-AqX3HN_UsgC6l4','1','2021-07-12 07:10:44',1),('2a135e16-e288-4c3e-84b8-03825a27a37b','b6903eaf-7959-45a2-9023-72f3617f13df','oUGur5L9moeQAr1yczdgwFgEZAXA','1','2021-09-24 15:24:24',1),('2a7f58eb-37ef-4929-b524-9f08ebf23e55','8ea7c5aa-aca0-4e5f-a57e-30a2b0851a14','oUGur5NNZZHTZqOLpCe30pYAMC_s','0','2021-07-11 15:42:27',0),('2bec9e23-6cec-403e-bf7f-66221154c89f','b6903eaf-7959-45a2-9023-72f3617f13df','oUGur5IChi28OJiJgOpbkfOVIr-0','1','2021-07-15 00:13:30',1),('2ee133ff-4c08-4c47-ab46-ebe92fac2336','b6903eaf-7959-45a2-9023-72f3617f13df','oUGur5CA7Sbk6KomleZAdMGSeQY4','1','2021-08-21 21:25:33',1),('2fbaa3fe-a0e6-47fb-9af9-6b8b7d4c64bc','b6903eaf-7959-45a2-9023-72f3617f13df','oUGur5EboysAN93FbIW8pHMjFSLo','1','2021-07-17 14:41:18',1),('324cfc9c-2b46-450d-9db1-e2001c11e170','3990a165-7e9c-4783-9f89-ad021d237ebc','oUGur5KynGZmIatp4v-oC-mA1vTg','1','2021-11-14 22:01:21',1),('38bcc23f-afa9-448a-adfc-a4e43a4fcd37','b6903eaf-7959-45a2-9023-72f3617f13df','oUGur5F1dqQffYFtCzErwYOT_iw4','1','2021-07-09 19:01:21',1),('3990a165-7e9c-4783-9f89-ad021d237ebc','3990a165-7e9c-4783-9f89-ad021d237ebc','oUGur5GBjDC1B3z-brhlM9rL3Gnc','1','2021-07-12 10:04:35',1),('3b3f36e6-52f7-48af-8260-4a342e3a61c6','3990a165-7e9c-4783-9f89-ad021d237ebc','oUGur5EboysAN93FbIW8pHMjFSLo','1','2021-07-17 14:41:18',1),('3ba8d958-1a23-4074-a68c-0867bd4c21c5','b6903eaf-7959-45a2-9023-72f3617f13df','oUGur5NLexd5HHNupbG2LDhomFDg','1','2021-07-16 13:24:03',1),('3e8c37c7-2364-42bc-bbdf-251d1aeff77c','3990a165-7e9c-4783-9f89-ad021d237ebc','oUGur5DwbQ_9KJsFi57gJ51NGBHM','1','2021-07-12 10:50:25',1),('3f89c059-bfd5-402d-960c-c914cd3e3804','a00e2c21-88a2-4287-9318-6589f7a8a9ea','oUGur5NFcTHkjrPDDnRpSEGDVX5s','1','2021-07-13 12:03:37',1),('3f8a69f5-1fc9-4ceb-8ff4-b9ef54360212','05768085-25c1-46c0-8ef3-bb5ded0a71ae','oUGur5GBjDC1B3z-brhlM9rL3Gnc','1','2021-07-13 11:37:43',1),('442e5ed5-c477-45e6-bbb1-9c71e1393fa7','515edff6-4bef-40c7-b4a4-09f79b9916d9','oUGur5F4Lrw4Fjv4DPeVkYnqujQY','1','2021-07-14 21:50:19',1),('44c6dc0b-8729-4181-99c5-12587a34a30d','3990a165-7e9c-4783-9f89-ad021d237ebc','oUGur5JUd0JWHbSifc3saTK5tqFM','1','2021-07-09 19:01:25',1),('49c04fbc-4480-433d-8382-69947f3b242d','b6903eaf-7959-45a2-9023-72f3617f13df','oUGur5EQtmqWzTHqXd3AhDgBKcZg','1','2021-07-17 14:39:45',1),('4b38f80e-6422-4b39-93ce-7793f8d8a4b9','3990a165-7e9c-4783-9f89-ad021d237ebc','oUGur5P0rpbia56YNS08JAad8QHI','1','2021-07-11 09:21:01',1),('4cc07bd9-b88d-4315-ae3b-bf0ec863b7fe','3990a165-7e9c-4783-9f89-ad021d237ebc','oUGur5KjanWCd5L_DRAAWL-BJgRU','1','2021-07-15 19:06:19',1),('4e135a10-5823-45b4-a21d-5a196dd43d6d','bcbdba3b-a56b-477c-b938-7e4161152944','oUGur5F4Lrw4Fjv4DPeVkYnqujQY','1','2021-07-14 21:50:19',1),('4f1e73ac-0da9-4ec0-a054-de5660cf72e5','b6903eaf-7959-45a2-9023-72f3617f13df','oUGur5KjanWCd5L_DRAAWL-BJgRU','1','2021-07-15 19:06:19',1),('4f5e225f-0499-4fd0-b02f-2f84a2844c7b','d58da9db-0950-4e9f-9f07-abd1195ef569','oUGur5NNZZHTZqOLpCe30pYAMC_s','0','2021-07-11 15:42:28',0),('4fcc9242-4d1f-4abe-9a74-cce8165ecbe2','24b1a0b8-84da-44d6-9a47-6e6ed487a20c','oUGur5GBjDC1B3z-brhlM9rL3Gnc','1','2021-07-13 11:37:43',1),('5061b4f1-d887-48f0-aca0-3b5d3b085359','515edff6-4bef-40c7-b4a4-09f79b9916d9','oUGur5NFcTHkjrPDDnRpSEGDVX5s','1','2021-07-09 19:01:26',1),('515edff6-4bef-40c7-b4a4-09f79b9916d9','515edff6-4bef-40c7-b4a4-09f79b9916d9','oUGur5GBjDC1B3z-brhlM9rL3Gnc','1','2021-07-12 10:04:35',1),('51f58ef1-6fbc-477e-9f16-2089c7e391b3','3990a165-7e9c-4783-9f89-ad021d237ebc','oUGur5DR5aFg-0nYXIMght77tNJA','1','2021-07-11 13:39:32',1),('543603e7-4426-469f-9ac2-1df9c898acf0','3990a165-7e9c-4783-9f89-ad021d237ebc','oUGur5H4WeCTD-AqX3HN_UsgC6l4','1','2021-07-09 19:01:24',1),('57badf72-6e46-4970-90c0-40b510447399','3990a165-7e9c-4783-9f89-ad021d237ebc','oUGur5ApWqM2sQV3ezbTfTaAeEWk','1','2021-08-07 22:54:52',1),('5ce7de1d-f3f9-4b69-9742-1788841d006f','bcbdba3b-a56b-477c-b938-7e4161152944','oUGur5CocZtaFgKC1aIHuS0oyb_0','1','2021-07-17 14:39:47',1),('5ce7f4eb-0079-4160-bbe2-7e414653ae31','bcbdba3b-a56b-477c-b938-7e4161152944','oUGur5CA7Sbk6KomleZAdMGSeQY4','1','2021-08-21 21:25:33',1),('616a1ce9-56d2-4df9-8458-28ee6ecbc96d','515edff6-4bef-40c7-b4a4-09f79b9916d9','oUGur5DR5aFg-0nYXIMght77tNJA','1','2021-07-11 13:39:32',1),('61ea6e00-5f7e-417f-a5c6-e46ea13a006d','a8175e99-b794-4516-af97-fda1f392a916','oUGur5NNZZHTZqOLpCe30pYAMC_s','0','2021-07-11 15:42:27',0),('61edacf0-0ee9-4d12-8e6f-b485204e389f','b6903eaf-7959-45a2-9023-72f3617f13df','oUGur5B-77PTPwn8t3GG87PMhMa8','1','2021-10-21 21:21:01',1),('633ca24b-2640-415a-9443-bceb0eaa9909','b6903eaf-7959-45a2-9023-72f3617f13df','oUGur5DR5aFg-0nYXIMght77tNJA','1','2021-07-11 13:39:32',1),('65aabdec-e2b1-40fa-ae51-3a937641c3f0','e1eb718c-5525-4e38-b554-0d6c9bed28ff','oUGur5NNZZHTZqOLpCe30pYAMC_s','0','2021-07-11 15:42:28',0),('65fbc0fd-4a81-4282-b4e9-081ccccfb226','bcbdba3b-a56b-477c-b938-7e4161152944','oUGur5Pq7gY38E_Qw7jp5-COZJts','1','2021-07-09 19:01:28',1),('6707a7be-cee6-40df-b517-c0ae01dabeb3','af3aa976-bb90-4bc9-a943-4242b4c52b1a','oUGur5GBjDC1B3z-brhlM9rL3Gnc','1','2021-07-12 10:19:59',1),('673daeef-7372-4ad0-8d8a-6af3dcf937db','515edff6-4bef-40c7-b4a4-09f79b9916d9','oUGur5NNZZHTZqOLpCe30pYAMC_s','1','2021-07-09 19:01:27',1),('685a3519-62f6-4244-9323-2f339b313e63','c7c98cc0-47c3-4466-bbc5-ff033c3d8ffc','oUGur5NNZZHTZqOLpCe30pYAMC_s','0','2021-07-11 15:42:28',0),('6a45f340-dea7-450d-9457-bf094873a779','bcbdba3b-a56b-477c-b938-7e4161152944','oUGur5DwbQ_9KJsFi57gJ51NGBHM','1','2021-07-12 10:50:25',1),('6a54887d-9a41-4b76-84ee-92cb37902a55','b6903eaf-7959-45a2-9023-72f3617f13df','oUGur5E8uEe6kvOUmgge6UypDR7g','1','2021-07-12 08:56:37',1),('6b67b0a8-ec97-443b-b4b9-4763ed44be0c','86c1e5ca-fc2c-4f0d-9d93-2661a5a73a52','oUGur5NNZZHTZqOLpCe30pYAMC_s','0','2021-07-11 15:42:27',0),('6ce7db0f-517b-4c2a-b9b5-d4a41b7860d3','3990a165-7e9c-4783-9f89-ad021d237ebc','oUGur5O5tiwnq0a6SoqLEGeRlAFM','1','2021-07-17 14:41:09',1),('6eb9a0cf-444b-4ebb-916c-e97503a343e1','515edff6-4bef-40c7-b4a4-09f79b9916d9','oUGur5G2E2FjJ-NKGnA3uUzThfZM','1','2021-07-09 19:01:22',1),('6ffd876c-ca5d-4af2-9efd-e6d5a1573219','b6903eaf-7959-45a2-9023-72f3617f13df','oUGur5DwbQ_9KJsFi57gJ51NGBHM','1','2021-07-12 10:50:25',1),('70536e54-b99d-4f3e-8746-7f03603f1964','05768085-25c1-46c0-8ef3-bb5ded0a71ae','oUGur5NNZZHTZqOLpCe30pYAMC_s','0','2021-07-11 15:42:26',0),('70c480b9-cce0-49c3-90fc-6af2ecd4e9d2','b6903eaf-7959-45a2-9023-72f3617f13df','oUGur5Pq7gY38E_Qw7jp5-COZJts','1','2021-07-09 19:01:28',1),('7320ffd0-e96e-4249-88bc-8b858cf9b9fc','515edff6-4bef-40c7-b4a4-09f79b9916d9','oUGur5EWeXZspOqwdqy9LDS4utss','1','2021-07-17 14:38:13',1),('7497c37f-2bec-413e-9928-fd3f99ae241a','515edff6-4bef-40c7-b4a4-09f79b9916d9','oUGur5IJKPPvYBKOqk2vtuft3rnw','1','2021-07-13 16:36:53',1),('75134719-bca0-4b4d-a2c1-7e900d170918','b6903eaf-7959-45a2-9023-72f3617f13df','oUGur5H4WeCTD-AqX3HN_UsgC6l4','1','2021-07-09 19:01:24',1),('7aae42d8-0be7-4d0d-9aae-c61a513ba82e','3990a165-7e9c-4783-9f89-ad021d237ebc','oUGur5OgIK6W_-f9ZQ7HWiedA3vw','1','2021-07-14 21:47:42',1),('802a303e-9223-4756-9b53-f84d5d2afba2','515edff6-4bef-40c7-b4a4-09f79b9916d9','oUGur5IChi28OJiJgOpbkfOVIr-0','1','2021-07-15 00:13:30',1),('805fceea-b41a-41f4-a395-9b5820c55f1a','bcbdba3b-a56b-477c-b938-7e4161152944','oUGur5EboysAN93FbIW8pHMjFSLo','1','2021-07-17 14:41:18',1),('82a25a59-0f0c-48cf-b4c7-57bf48ef6359','bcbdba3b-a56b-477c-b938-7e4161152944','oUGur5E8uEe6kvOUmgge6UypDR7g','1','2021-07-12 08:56:37',1),('845a063f-2eb2-431e-8cf7-d9b0996b17e0','d89f04f9-0652-41f2-96f5-792af2d443af','oUGur5NFcTHkjrPDDnRpSEGDVX5s','1','2021-07-11 08:55:02',1),('85def001-2bc4-432e-8d90-ccc919b27e6b','bcbdba3b-a56b-477c-b938-7e4161152944','oUGur5L9moeQAr1yczdgwFgEZAXA','1','2021-09-24 15:24:24',1),('85e036d4-7e41-4135-a67d-6ab53c55630c','515edff6-4bef-40c7-b4a4-09f79b9916d9','oUGur5Lf0B5fPuAROI8aaekMJFYA','1','2021-07-17 18:57:16',1),('888ffbcf-d65b-4cd5-b441-9b0b2ba7248f','3f155223-846c-4987-a080-faebbb3e5d41','oUGur5NNZZHTZqOLpCe30pYAMC_s','0','2021-07-11 15:42:27',0),('8b088f9c-0ec5-470d-b9ed-29830b140f12','a00e2c21-88a2-4287-9318-6589f7a8a9ea','oUGur5GBjDC1B3z-brhlM9rL3Gnc','1','2021-07-12 10:19:59',1),('8c606d90-ce04-4fc1-b621-fe4c195ea79a','bcbdba3b-a56b-477c-b938-7e4161152944','oUGur5JUd0JWHbSifc3saTK5tqFM','1','2021-07-09 19:01:25',1),('8d55a2dd-a9db-48cb-bfe6-0f9195b35d34','3990a165-7e9c-4783-9f89-ad021d237ebc','oUGur5Lf0B5fPuAROI8aaekMJFYA','1','2021-07-17 18:57:16',1),('8d97fdb3-8ba1-41c3-8be1-979e821a94fd','515edff6-4bef-40c7-b4a4-09f79b9916d9','oUGur5Pq7gY38E_Qw7jp5-COZJts','1','2021-07-09 19:01:28',1),('8faab15a-563a-495f-81e2-0e2ca22b21ef','c3c33838-8a1a-4d91-a285-f618f88a2149','oUGur5GBjDC1B3z-brhlM9rL3Gnc','1','2021-07-13 11:37:43',1),('93f854c1-88b9-4147-96c6-d8511af60140','3990a165-7e9c-4783-9f89-ad021d237ebc','oUGur5NLexd5HHNupbG2LDhomFDg','1','2021-07-16 13:24:03',1),('95f98099-c5ec-4833-b665-e14e810b6caa','515edff6-4bef-40c7-b4a4-09f79b9916d9','oUGur5KsX_8Fv_YPuCfy27C1zRaA','1','2021-07-09 19:01:26',1),('97cac920-9650-4460-b64d-fb8aed2edecf','bcbdba3b-a56b-477c-b938-7e4161152944','oUGur5NLexd5HHNupbG2LDhomFDg','1','2021-07-16 13:24:03',1),('98423644-6883-4982-a050-b85f71cf9187','b6903eaf-7959-45a2-9023-72f3617f13df','oUGur5EWeXZspOqwdqy9LDS4utss','1','2021-07-17 14:38:13',1),('9860fabc-6224-4302-9122-43326091c727','b6903eaf-7959-45a2-9023-72f3617f13df','oUGur5Lf0B5fPuAROI8aaekMJFYA','1','2021-07-17 18:57:16',1),('9af88c9f-18d6-4289-a158-77d6ae00e2b0','bcbdba3b-a56b-477c-b938-7e4161152944','oUGur5NFcTHkjrPDDnRpSEGDVX5s','1','2021-07-09 19:01:26',1),('9eeb9532-9aac-4c9b-aed4-3c902fb7ae95','3990a165-7e9c-4783-9f89-ad021d237ebc','oUGur5CocZtaFgKC1aIHuS0oyb_0','1','2021-07-17 14:39:47',1),('a02978d1-d4b7-4208-9092-91df2ef53233','b6903eaf-7959-45a2-9023-72f3617f13df','oUGur5KynGZmIatp4v-oC-mA1vTg','1','2021-11-14 22:01:21',1),('a1614167-3e4b-41d2-b337-7f4c72a0eb3e','b6903eaf-7959-45a2-9023-72f3617f13df','oUGur5G2E2FjJ-NKGnA3uUzThfZM','1','2021-07-09 19:01:22',1),('a320bc44-987e-431b-9e6e-2d8fee2517cb','bcbdba3b-a56b-477c-b938-7e4161152944','oUGur5DR5aFg-0nYXIMght77tNJA','1','2021-07-11 13:39:32',1),('a38fd8d2-2235-452a-a62f-9c7c95fd66a9','515edff6-4bef-40c7-b4a4-09f79b9916d9','oUGur5DwbQ_9KJsFi57gJ51NGBHM','1','2021-07-12 10:50:25',1),('a4f221fe-4c60-4621-b983-83d389341008','bcbdba3b-a56b-477c-b938-7e4161152944','oUGur5KynGZmIatp4v-oC-mA1vTg','1','2021-11-14 22:01:21',1),('a6037379-1734-46e0-aef6-eeb3c6e31c9f','bcbdba3b-a56b-477c-b938-7e4161152944','oUGur5GqgzGHV_sZ5N_r6K7pX4qA','1','2021-07-09 19:01:24',1),('a6542b9c-374b-40bf-aa31-7fee47a65bda','bcbdba3b-a56b-477c-b938-7e4161152944','oUGur5NNZZHTZqOLpCe30pYAMC_s','0','2021-07-11 15:42:28',0),('aa42efb9-94ab-465f-a588-366d817a00f2','515edff6-4bef-40c7-b4a4-09f79b9916d9','oUGur5GqgzGHV_sZ5N_r6K7pX4qA','1','2021-07-09 19:01:24',1),('aac438e0-266f-48a2-961d-c7af9e23fb25','515edff6-4bef-40c7-b4a4-09f79b9916d9','oUGur5JUd0JWHbSifc3saTK5tqFM','1','2021-07-09 19:01:25',1),('ab22dcc6-0664-4c86-b80b-2072a6f25243','3f155223-846c-4987-a080-faebbb3e5d41','oUGur5GBjDC1B3z-brhlM9rL3Gnc','1','2021-07-13 11:37:43',1),('ac4977a6-7169-43b1-87b4-f5b1059bf808','3990a165-7e9c-4783-9f89-ad021d237ebc','oUGur5EWeXZspOqwdqy9LDS4utss','1','2021-07-17 14:38:13',1),('ad658d10-7ae2-417b-b237-e92fc419c77c','b6903eaf-7959-45a2-9023-72f3617f13df','oUGur5D0SeaeE-90CEkRZega20qg','1','2021-07-17 14:37:19',1),('ae5bae80-bb97-4222-a6e5-3d280c10dabd','c3c33838-8a1a-4d91-a285-f618f88a2149','oUGur5NNZZHTZqOLpCe30pYAMC_s','0','2021-07-11 15:42:28',0),('ae5c8438-65a9-4b98-a966-5340c4d7b444','e3e7afcb-9ac9-4a4c-b748-0e425fb4e515','oUGur5NNZZHTZqOLpCe30pYAMC_s','0','2021-07-11 15:42:29',0),('ae5de071-0bac-4f80-a163-aa4fb5de6b28','bcbdba3b-a56b-477c-b938-7e4161152944','oUGur5Lf0B5fPuAROI8aaekMJFYA','1','2021-07-17 18:57:16',1),('af369ba8-4f95-4162-bed4-32f8391f1ba7','b6903eaf-7959-45a2-9023-72f3617f13df','oUGur5AR09gaeP4Vy5w4Q2hjuIGg','1','2021-09-25 14:36:57',1),('b11a9afe-82c6-4b52-b04e-2d62c08103c1','c5000c1e-b2c0-4179-bc3e-c95dcfee0d29','oUGur5NNZZHTZqOLpCe30pYAMC_s','0','2021-07-11 15:42:28',0),('b2453394-c729-491e-a937-9788b200372b','24b1a0b8-84da-44d6-9a47-6e6ed487a20c','oUGur5NNZZHTZqOLpCe30pYAMC_s','0','2021-07-11 15:42:26',0),('b3a5ebfb-088c-44f0-9d53-3c196a779c5b','515edff6-4bef-40c7-b4a4-09f79b9916d9','oUGur5GH_clj3q5Uu_2_U1JLKWfU','1','2021-07-13 11:51:57',1),('b53b9d1e-036a-48d7-a3ec-ec5760073946','515edff6-4bef-40c7-b4a4-09f79b9916d9','oUGur5D0SeaeE-90CEkRZega20qg','1','2021-07-17 14:37:19',1),('b59637ba-6ed3-4d1d-906b-81a090535b1d','b6903eaf-7959-45a2-9023-72f3617f13df','oUGur5GH_clj3q5Uu_2_U1JLKWfU','1','2021-07-13 11:51:57',1),('b63504e2-dbfe-4d0d-b02b-686b6851c6de','bcbdba3b-a56b-477c-b938-7e4161152944','oUGur5IJKPPvYBKOqk2vtuft3rnw','1','2021-07-13 16:36:53',1),('b67097b3-7a06-42ec-aa8d-cfa59f582eb4','3990a165-7e9c-4783-9f89-ad021d237ebc','oUGur5NFcTHkjrPDDnRpSEGDVX5s','1','2021-07-09 19:01:26',1),('b6903eaf-7959-45a2-9023-72f3617f13df','b6903eaf-7959-45a2-9023-72f3617f13df','oUGur5GBjDC1B3z-brhlM9rL3Gnc','1','2021-07-12 10:04:35',1),('b8a1fdf4-22d1-455c-a228-48bcd61e3b54','bcbdba3b-a56b-477c-b938-7e4161152944','oUGur5O5tiwnq0a6SoqLEGeRlAFM','1','2021-07-17 14:41:09',1),('b96b55e4-6622-428e-8ad0-7f0358ae32ed','515edff6-4bef-40c7-b4a4-09f79b9916d9','oUGur5CA7Sbk6KomleZAdMGSeQY4','1','2021-08-21 21:25:33',1),('ba7a9a4d-a3f3-4374-9a06-a6bbd72f2e37','3990a165-7e9c-4783-9f89-ad021d237ebc','oUGur5E8uEe6kvOUmgge6UypDR7g','1','2021-07-12 08:56:37',1),('bcbdba3b-a56b-477c-b938-7e4161152944','bcbdba3b-a56b-477c-b938-7e4161152944','oUGur5GBjDC1B3z-brhlM9rL3Gnc','1','2021-07-12 10:04:35',1),('bf615389-fdbb-40c7-b45e-94f34fed9cb5','3990a165-7e9c-4783-9f89-ad021d237ebc','oUGur5IChi28OJiJgOpbkfOVIr-0','1','2021-07-15 00:13:30',1),('c219ae2a-0b2a-427b-8b41-76ad56d6bf91','3990a165-7e9c-4783-9f89-ad021d237ebc','oUGur5Pq7gY38E_Qw7jp5-COZJts','1','2021-07-09 19:01:28',1),('c431a29d-5bfb-43b1-ba76-529c08a45b4b','515edff6-4bef-40c7-b4a4-09f79b9916d9','oUGur5O5tiwnq0a6SoqLEGeRlAFM','1','2021-07-17 14:41:09',1),('c43ae321-e049-49cc-a733-a5f71949740d','bcbdba3b-a56b-477c-b938-7e4161152944','oUGur5OgIK6W_-f9ZQ7HWiedA3vw','1','2021-07-14 21:47:42',1),('c4896bde-ad94-4bc9-85d0-5c8cdf917b4a','515edff6-4bef-40c7-b4a4-09f79b9916d9','oUGur5E8uEe6kvOUmgge6UypDR7g','1','2021-07-12 08:56:37',1),('c528d930-ccaa-4ea1-8f9b-23c1e4730b0d','d58da9db-0950-4e9f-9f07-abd1195ef569','oUGur5NFcTHkjrPDDnRpSEGDVX5s','1','2021-07-11 08:55:00',1),('c5544c8d-42c9-4e5a-8867-40aa730353b5','bcbdba3b-a56b-477c-b938-7e4161152944','oUGur5GH_clj3q5Uu_2_U1JLKWfU','1','2021-07-13 11:51:57',1),('c5dce429-0319-47a8-a6d8-1b3d50be7d47','b6903eaf-7959-45a2-9023-72f3617f13df','oUGur5ApWqM2sQV3ezbTfTaAeEWk','1','2021-08-07 22:54:52',1),('c8ec9ebe-4a57-4c20-b593-7d1b231c5822','3990a165-7e9c-4783-9f89-ad021d237ebc','oUGur5D0SeaeE-90CEkRZega20qg','1','2021-07-17 14:37:19',1),('c98a2e18-2fab-4413-819b-9c0dea96aaba','bcbdba3b-a56b-477c-b938-7e4161152944','oUGur5EWeXZspOqwdqy9LDS4utss','1','2021-07-17 14:38:13',1),('c99466c5-eb27-4220-946a-63c39dd6fd51','bcbdba3b-a56b-477c-b938-7e4161152944','oUGur5B-77PTPwn8t3GG87PMhMa8','1','2021-10-21 21:21:01',1),('c9f78bdf-b854-4f65-8d08-335c9c7363ce','bcbdba3b-a56b-477c-b938-7e4161152944','oUGur5NNZZHTZqOLpCe30pYAMC_s','1','2021-07-09 19:01:27',1),('cedb4736-b28a-491e-80c0-d934955754be','3990a165-7e9c-4783-9f89-ad021d237ebc','oUGur5AR09gaeP4Vy5w4Q2hjuIGg','1','2021-09-25 14:36:57',1),('cfb47db7-7374-407f-b47c-8918cd6067f2','e3e7afcb-9ac9-4a4c-b748-0e425fb4e515','oUGur5GBjDC1B3z-brhlM9rL3Gnc','1','2021-07-13 11:37:42',1),('d0f6f68f-f341-4a12-b954-f651a02a58df','3990a165-7e9c-4783-9f89-ad021d237ebc','oUGur5G2E2FjJ-NKGnA3uUzThfZM','1','2021-07-09 19:01:22',1),('d6dabf7c-c58c-4ae2-8760-10c1fbcb658e','515edff6-4bef-40c7-b4a4-09f79b9916d9','oUGur5EQtmqWzTHqXd3AhDgBKcZg','1','2021-07-17 14:39:45',1),('daf05f3a-0d12-47ee-b735-d6369158703f','3990a165-7e9c-4783-9f89-ad021d237ebc','oUGur5GqgzGHV_sZ5N_r6K7pX4qA','1','2021-07-09 19:01:24',1),('dd1b43c7-d5d1-43b5-8c40-9c5c04da1b83','b6903eaf-7959-45a2-9023-72f3617f13df','oUGur5NFcTHkjrPDDnRpSEGDVX5s','1','2021-07-09 19:01:26',1),('df39433d-6a03-4d5c-a643-19c56ea49e99','515edff6-4bef-40c7-b4a4-09f79b9916d9','oUGur5H4WeCTD-AqX3HN_UsgC6l4','1','2021-07-09 19:01:24',1),('dfe437d0-3ad8-4f05-9a55-d395e3e34f5e','becb9a1b-c46e-4918-8719-2c6f63731676','oUGur5NNZZHTZqOLpCe30pYAMC_s','0','2021-07-11 15:42:28',0),('e1b58eca-5e51-4982-b59d-896a09367e28','515edff6-4bef-40c7-b4a4-09f79b9916d9','oUGur5EboysAN93FbIW8pHMjFSLo','1','2021-07-17 14:41:18',1),('e230526b-f65b-439a-852f-b08730110ad3','b6903eaf-7959-45a2-9023-72f3617f13df','oUGur5O5tiwnq0a6SoqLEGeRlAFM','1','2021-07-17 14:41:09',1),('e3bed564-6ad4-4d12-b314-da9b31559425','515edff6-4bef-40c7-b4a4-09f79b9916d9','oUGur5CocZtaFgKC1aIHuS0oyb_0','1','2021-07-17 14:39:47',1),('e669d759-a1f4-4b50-97c2-46cb55c47f31','515edff6-4bef-40c7-b4a4-09f79b9916d9','oUGur5L9moeQAr1yczdgwFgEZAXA','1','2021-09-24 15:24:24',1),('e9248e42-20cc-4ba2-a429-ead25def96e5','b6903eaf-7959-45a2-9023-72f3617f13df','oUGur5CocZtaFgKC1aIHuS0oyb_0','1','2021-07-17 14:39:47',1),('ea5eba82-2828-48fa-85ed-4c4e7ac4808d','b6903eaf-7959-45a2-9023-72f3617f13df','oUGur5NNZZHTZqOLpCe30pYAMC_s','0','2021-07-11 15:42:28',0),('eb0ad2d6-1dae-4d5a-be1c-c5cf8d7620d9','515edff6-4bef-40c7-b4a4-09f79b9916d9','oUGur5B-77PTPwn8t3GG87PMhMa8','1','2021-10-21 21:21:01',1),('ef8ce579-df41-4b0f-b077-b82ce71d2bed','bcbdba3b-a56b-477c-b938-7e4161152944','oUGur5G2E2FjJ-NKGnA3uUzThfZM','1','2021-07-09 19:01:22',1),('eff5684e-4962-4d56-9df2-eb8afb852bf6','b6903eaf-7959-45a2-9023-72f3617f13df','oUGur5KsX_8Fv_YPuCfy27C1zRaA','1','2021-07-09 19:01:26',1),('f4a46cc3-1b46-4854-9d47-dd7080aed1c5','bcbdba3b-a56b-477c-b938-7e4161152944','oUGur5KjanWCd5L_DRAAWL-BJgRU','1','2021-07-15 19:06:19',1),('f50fc77a-2cf6-4700-8e63-8fb645467768','b6903eaf-7959-45a2-9023-72f3617f13df','oUGur5IJKPPvYBKOqk2vtuft3rnw','1','2021-07-13 16:36:53',1),('f56022d5-eecb-4100-ba5f-b63c032c7109','bcbdba3b-a56b-477c-b938-7e4161152944','oUGur5F1dqQffYFtCzErwYOT_iw4','1','2021-07-09 19:01:21',1),('f6dd3909-b4c5-4810-a31f-3c7eddd757e5','b6903eaf-7959-45a2-9023-72f3617f13df','oUGur5P0rpbia56YNS08JAad8QHI','1','2021-07-11 09:21:01',1),('f6f0720d-3423-48de-af39-22abbd5ba94f','515edff6-4bef-40c7-b4a4-09f79b9916d9','oUGur5F1dqQffYFtCzErwYOT_iw4','1','2021-07-09 19:01:21',1),('f7849ee8-dba2-4ad4-ba45-7e36f838c72a','3990a165-7e9c-4783-9f89-ad021d237ebc','oUGur5B-77PTPwn8t3GG87PMhMa8','1','2021-10-21 21:21:01',1),('f8dc5e6c-2c0c-4b8b-856c-e28df541829b','3990a165-7e9c-4783-9f89-ad021d237ebc','oUGur5CA7Sbk6KomleZAdMGSeQY4','1','2021-08-21 21:25:33',1),('fa4ec039-9fcc-4a28-a844-ab8ba080efe5','bcbdba3b-a56b-477c-b938-7e4161152944','oUGur5IChi28OJiJgOpbkfOVIr-0','1','2021-07-15 00:13:30',1),('fab9b0ed-f915-405f-a2e5-5ad537bc5396','515edff6-4bef-40c7-b4a4-09f79b9916d9','oUGur5ApWqM2sQV3ezbTfTaAeEWk','1','2021-08-07 22:54:52',1),('fc156106-fb54-4cfd-b27b-7d8d95b7e33d','3990a165-7e9c-4783-9f89-ad021d237ebc','oUGur5EQtmqWzTHqXd3AhDgBKcZg','1','2021-07-17 14:39:45',1),('fd003634-7dab-4cdf-b8d7-61f5ab58b8b0','b6903eaf-7959-45a2-9023-72f3617f13df','oUGur5F4Lrw4Fjv4DPeVkYnqujQY','1','2021-07-14 21:50:19',1),('fd336497-69e6-4ee3-a91e-5e5bfba0e295','3990a165-7e9c-4783-9f89-ad021d237ebc','oUGur5IJKPPvYBKOqk2vtuft3rnw','1','2021-07-13 16:36:53',1),('fd8a23aa-3a0a-4b2c-a5ab-962a21400081','3990a165-7e9c-4783-9f89-ad021d237ebc','oUGur5L9moeQAr1yczdgwFgEZAXA','1','2021-09-24 15:24:24',1),('fef82c82-e110-48e9-b978-1aa6e9433743','2528093e-3abc-429f-8c59-ac4c03d441cc','oUGur5NNZZHTZqOLpCe30pYAMC_s','0','2021-07-11 15:42:27',0),('ff81c075-c4b5-4ec5-8e3b-2bff2ee9761d','3990a165-7e9c-4783-9f89-ad021d237ebc','oUGur5F1dqQffYFtCzErwYOT_iw4','1','2021-07-09 19:01:21',1),('fff76333-22d1-432d-a209-eea63aeb90df','3990a165-7e9c-4783-9f89-ad021d237ebc','oUGur5GH_clj3q5Uu_2_U1JLKWfU','1','2021-07-13 11:51:57',1);
/*!40000 ALTER TABLE `user_stamp` ENABLE KEYS */;
UNLOCK TABLES;

--
-- Table structure for table `user_tap`
--

DROP TABLE IF EXISTS `user_tap`;
/*!40101 SET @saved_cs_client     = @@character_set_client */;
/*!50503 SET character_set_client = utf8mb4 */;
CREATE TABLE `user_tap` (
  `id` varchar(255) CHARACTER SET utf8mb4 NOT NULL COMMENT 'user标签',
  `name` varchar(255) DEFAULT NULL COMMENT '标签名',
  PRIMARY KEY (`id`) USING BTREE
) ENGINE=InnoDB DEFAULT CHARSET=utf8 ROW_FORMAT=DYNAMIC;
/*!40101 SET character_set_client = @saved_cs_client */;

--
-- Dumping data for table `user_tap`
--

LOCK TABLES `user_tap` WRITE;
/*!40000 ALTER TABLE `user_tap` DISABLE KEYS */;
/*!40000 ALTER TABLE `user_tap` ENABLE KEYS */;
UNLOCK TABLES;
/*!40103 SET TIME_ZONE=@OLD_TIME_ZONE */;

/*!40101 SET SQL_MODE=@OLD_SQL_MODE */;
/*!40014 SET FOREIGN_KEY_CHECKS=@OLD_FOREIGN_KEY_CHECKS */;
/*!40014 SET UNIQUE_CHECKS=@OLD_UNIQUE_CHECKS */;
/*!40101 SET CHARACTER_SET_CLIENT=@OLD_CHARACTER_SET_CLIENT */;
/*!40101 SET CHARACTER_SET_RESULTS=@OLD_CHARACTER_SET_RESULTS */;
/*!40101 SET COLLATION_CONNECTION=@OLD_COLLATION_CONNECTION */;
/*!40111 SET SQL_NOTES=@OLD_SQL_NOTES */;

-- Dump completed on 2021-12-02 13:08:15
